['apk', 'serba', 'ribet', 'suami', 'daftar', 'coba', 'transaksi', 'eh', 'gagal', 'saldo', 'potong', 'kabar', 'kembali', 'dana', 'tolong', 'bantu']	negative
['daftar', 'wonder', 'buka', 'puluh', 'menit', 'suruh', 'masuk', 'data', 'pasword', 'pin', 'sebentar', 'aplikasi', 'ganti', 'pasword', 'masuk', 'dat', 'transaksi', 'pin', 'pakai']	negative
['install', 'buka', 'app', 'langsung', 'force', 'close', 'tolong', 'baik', 'min']	negative
['aplikasi', 'nyaman', 'coba', 'baik', 'isu', 'kamera', 'hp', 'seri', 'redmi', 'note', 'susah', 'autentifikasi', 'wajah']	positive
['tampil', 'oke', 'banding', 'fitur', 'pasword', 'hilang', 'mudah', 'guna', 'bsi', 'fitur', 'tarik', 'tunai', 'setor', 'tunai', 'sih', 'kurang']	positive
['aplikasi', 'bagus', 'fitur', 'tarik', 'tunai', 'kartu', 'aplikasi', 'lot', 'saran', 'bijak', 'tuju', 'tingkat', 'fitur', 'mundur', 'belakang']	negative
['aplikasi', 'enak', 'smooth', 'lengkap', 'kalo', 'lengkap', 'kayak', 'bni', 'mobile', 'banking', 'fitur', 'mobile', 'tunai', 'dll', 'kalo', 'lengkap', 'memilih', 'pakai', 'wondr', 'daripada']	neutral
['pakai', 'minggu', 'buka', 'aplikasi', 'lumayan', 'loadingnya', 'beda', 'pakai', 'bni', 'mbangking', 'transaksi', 'bayar', 'gagal', 'rincian', 'uang', 'lumayan', 'oke', 'moga', 'tingkat', 'bayang', 'transaksi', 'nontunai', 'eh', 'aplikasi', 'banget', 'buka', 'lucu']	negative
['bintang', 'tolong', 'baik', 'susah', 'loginjaringan', 'bagus', 'susah', 'masuk', 'gambar', 'muncullelet', 'sekalitolong', 'baik', 'ringan', 'login', 'enggak', 'leletsupaya', 'puas', 'guna', 'bni', 'wondrterima', 'kasih']	positive
['anjay', 'wonder', 'nomor', 'hati', 'baca', 'wonder', 'memang', 'kece', 'badai', 'leg', 'jujur', 'adil', 'cepat', 'cepat', 'kilat', 'senggol', 'dong', 'kayak', 'bank', 'tetangga', 'wkkwkwk']	positive
['mudah', 'transaksi']	positive
['kecewa', 'aplikasi', 'wondr', 'by', 'bni', 'karena', 'bayar', 'ukt', 'aplikasi', 'wondr', 'by', 'bni', 'bukti', 'transfer', 'gagal', 'saldo', 'tarik', 'nominal', 'enggak']	negative
['transaksi', 'jam', 'malam', 'sudah', 'enggak', 'aneh', 'memang', 'wondr', 'beda', 'bank']	negative
['aplikasi', 'transfer', 'error', 'mulu', 'ui', 'lumayan', 'bagus']	negative
['transaksi', 'mudah']	positive
['sebelumnyauntuk', 'depan', 'mohon', 'ketat', 'aman', 'takut', 'halhal']	positive
['buka', 'langsung', 'force', 'close', 'tulis', 'wondr', 'by', 'bni', 'henti', 'reinstall']	neutral
['aplikasi', 'banyak', 'kendalamembuang', 'waktusangat', 'sayang', 'kendala', 'situasi', 'genting']	neutral
['suka', 'apk', 'ya', 'mmuaskan', 'lebih', 'nyaman', 'pakai', 'bni', 'mobile', 'password', 'loginnya', 'gilir', 'tf', 'salah', 'pin', 'ya', 'sudah', 'ganti', 'pin', 'login', 'ulang', 'malah', 'salahpdhl', 'sudah', 'benermembagongkan']	neutral
['halo', 'kak', 'tanggal', 'okt', 'kemarin', 'buka', 'tabung', 'akun', 'wondr', 'pilih', 'opsi', 'kirim', 'kartu', 'fisik', 'bni', 'debit', 'kartu', 'terima', 'max', 'kerja', 'mohon', 'solusi']	neutral
['praktis', 'simpel']	positive
['ganti', 'perangkat', 'ribet', 'banget']	neutral
['aplikasi', 'buka', 'begini', 'nanti', 'kalau', 'bagus', 'kasih', 'bintang']	neutral
['november', 'transaksi', 'gagal', 'saldo', 'kirim', 'lapor', 'kali', 'kali', 'selesai', 'terfollow', 'up', 'kecewa']	negative
['tampil', 'tarik', 'guna', 'mudah', 'kemarin', 'belanja', 'bayar', 'pakai', 'qris', 'wondr', 'gampang', 'banget']	positive
['inovatif', 'yatambah', 'fitur', 'tren']	positive
['halo', 'bni', 'kasih', 'saran', 'tampil', 'history', 'transaksi', 'samain', 'app', 'mbanking', 'sisa', 'saldo', 'transaksi', 'debet', 'kredit', 'kanan', 'nominal', 'debet', 'kredit', 'tampil', 'notifikasi', 'transaksi', 'sisa', 'saldo', 'transaksi', 'history', 'terima', 'kasih']	neutral
['eror', 'maintenance', 'jam', 'malam', 'enggak', 'baik', 'sih', 'bank', 'kelas', 'bni']	negative
['sip', 'keren', 'aplikasi', 'fitur', 'mantap']	positive
['mudah', 'bantu']	positive
['aplikasi', 'bantu']	positive
['wonder', 'tanggal', 'maret', 'enggak', 'buka', 'pencet', 'aplikasi', 'wonder', 'enggak', 'masuk', 'kenapa', 'ya', 'tolong']	neutral
['kok', 'bisa', 'pakai', 'hp', 'hp', 'terinstal', 'aplikasi', 'rusakmalah', 'muncul', 'seperti', 'lagigk', 'bisa', 'log', 'ini', 'daftar', 'lgmohon', 'jelas']	positive
['bintang', 'lot', 'notif', 'transaksi', 'masuk', 'enggak', 'lambat']	neutral
['buka', 'apl', 'login', 'login', 'suruh', 'verivikasi', 'sudah', 'verivikasi', 'eh', 'gagal', 'aneh', 'banget', 'bingung', 'login']	negative
['aplikasi', 'enggak jelas', 'orang', 'butuh', 'cepat', 'ganggu', 'banget', 'enggak', 'kayak', 'bank', 'belah', 'aplikasi', 'aman', 'lancar', 'jaya']	negative
['cepat', 'kalo', 'urus', 'transfer', 'dll', 'sayang', 'fitur', 'mobile', 'tunai', 'huhu']	positive
['eror', 'top', 'up', 'dana', 'enggak', 'kirim', 'terang', 'top', 'up', 'hasil', 'tolong', 'baik', 'informasi', 'transaksi', 'gagal', 'pasti', 'kasih', 'bintang', 'dulu', 'baik', 'bintang']	negative
['pakai', 'bentar', 'langsung', 'pikir', 'hapus', 'akun', 'wondr', 'riwayat', 'transaksi', 'uang', 'masuk', 'saldo', 'uang', 'masuk', 'download', 'estatement', 'catat', 'transaksi', 'bingung', 'menu']	negative
['aplikasi', 'sat', 'set', 'jaman', 'nowsuka', 'banget', 'promo', 'wondr', 'bni', 'tampil', 'aplikasi', 'enak', 'dilihatsimple', 'mudah', 'digunain']	positive
['top', 'up', 'e', 'wallet', 'batas', 'hari', 'mending', 'batas', 'top', 'up']	neutral
['bagus', 'tampil', 'bosan', 'mudah', 'maju', 'bni', 'wondr', 'jadikan', 'mu']	positive
['wondr', 'by', 'bni', 'mudah', 'ku', 'transaksi', 'mana', 'tampil', 'tarik', 'lengkap', 'aman', 'fitur', 'fiturnya', 'bayar', 'qris', 'topup', 'ewallet', 'virtual', 'account', 'transfer', 'negeri', 'manajemen', 'kartu', 'promo', 'promo', 'tawar', 'aplikasi', 'initerima', 'kasih', 'wondr', 'by', 'bni']	positive
['bukaada', 'terang', 'kendala', 'sistem', 'yagak', 'hari', 'lohsudah', 'coba', 'clear', 'data', 'hapus', 'aplikasi', 'download', 'tetap', 'hasil', 'samabisa', 'masuk', 'terang', 'suruh', 'refresh', 'fyi', 'seminggumungkin', 'kantor', 'cabang', 'selesai']	neutral
['sudah', 'ikut', 'instruksi', 'verifikasi', 'wajah', 'gagal', 'aplikasi', 'buruk']	negative
['aplikasi', 'kemarin', 'download', 'registrasi', 'langsung', 'pakai', 'e', 'buka', 'suruh', 'bank', 'bni', 'langsung', 'besok', 'minggu', 'bagaimana', 'sama', 'susah']	negative
['mengadakan', 'cardles', 'wonder', 'kalo', 'tolong', 'apk', 'tutup', 'menyusahkan', 'loh', 'sudah', 'atm', 'setor', 'enggak', 'bawa', 'atm', 'apk', 'enggak', 'cardless', 'bni', 'kesal', 'tolong', 'mutasi', 'rekening', 'serta', 'saldo', 'aplikasi', 'bni', 'mobile']	neutral
['bagus', 'update', 'kartu', 'aktif', 'kantor']	positive
['bagaimana', 'login', 'sampai', 'jam', 'enggak bisa', 'stak', 'logo', 'wonder', 'sekali', 'kali', 'ku', 'hapus', 'mencari', 'sinyal', 'bagus', 'sudah', 'ku', 'logout', 'tetap', 'kayak', 'mulu', 'bagaimana', 'tolong', 'baik']	neutral
['aplikasiseribu', 'mudah', 'transaksi', 'perbankankamu', 'wajib', 'langkah', 'maju']	positive
['ribet', 'saja', 'nih', 'aplikasi', 'bni', 'mobil', 'banking', 'sudah', 'enak', 'enggak', 'masuk', 'aplikasi', 'lagimohon', 'kembali', 'saja', 'aplikasi', 'transaksi', 'mudah', 'nyamanjangan', 'ribet', 'transaksi']	negative
['enak', 'pakai', 'aplikasi', 'wondr', 'praktis', 'satset', 'bayar', 'gampang', 'aplikasi', 'mudah']	positive
['transaksi', 'mudah']	positive
['bni', 'belum', 'pindah', 'apk', 'memaksakan', 'pindah', 'susah', 'apk', 'alami', 'ganggu', 'eror', 'kadang', 'guna', 'genting', 'transaksi', 'sulit', 'apk', 'masalah']	negative
['bantu']	positive
['lot', 'kadang', 'enggak', 'masuk']	neutral
['sayang', 'lumayan', 'bagus']	positive
['aplikasi', 'transaksi', 'kartu', 'tolong', 'mudah', 'tarik', 'tunai', 'kartu', 'atm']	neutral
['kode', 'otpsudah', 'masuk', 'data', 'ktp', 'masuk', 'no', 'debit', 'keterangankamu', 'penuh', 'kriteria', 'pakai', 'wondrmohon', 'solusi', 'terima kasih']	neutral
['bintang', 'terang', 'transaksi', 'muncul', 'history', 'transaksi', 'aplikasi', 'muncul', 'ganti', 'bintang']	neutral
['lumayan', 'bagus', 'terimakasih']	positive
['bantu']	neutral
['aplikasi', 'oke', 'tolong', 'fitur', 'cek', 'saldo', 'pinjam']	positive
['verifikasi', 'wajah', 'error', 'mana', 'kedip', 'mata', 'deteksi', 'ulang', 'kali']	neutral
['sih', 'aplikasi', 'wondr', 'eror', 'top', 'up', 'pulsa', 'susah', 'mohon', 'bantu', 'aplikasi', 'wondr', 'bni', 'enggak', 'error']	negative
['aplikasi', 'buruk', 'aplikasi', 'gagal', 'mobile', 'banking', 'bni', 'model', 'enggak', 'kendala', 'wondr', 'by', 'bni', 'ganggu', 'loading']	negative
['semenjak', 'pale', 'aplikasi', 'saldo', 'rp', 'kagak', 'hadeh', 'ribet']	negative
['mantap', 'bagus', 'cepat', 'transaksi', 'bantu']	positive
['mantap', 'proses', 'cepat', 'moga', 'konsisten', 'tingkat', 'thx']	positive
['mbanking', 'beli', 'token', 'listrik', 'suruh', 'download', 'wondr', 'suruh', 'buka', 'reken', 'sudah', 'rekening']	positive
['keren', 'mudah']	positive
['minggu', 'pakai', 'transaksi', 'gagal', 'saldo', 'potong', 'bagaimana']	negative
['tampil', 'tarik', 'fitur', 'bantu', 'transaksi', 'sukses', 'jaya', 'bni']	positive
['bagus', 'muas']	positive
['menu', 'komplit', 'transaksi', 'mudah', 'cepat']	positive
['kirim', 'cepat']	positive
['malam', 'update', 'wondr', 'enggak', 'buka', 'sudah', 'uninstall', 'enggak', 'ba', 'buka']	neutral
['aplikasi', 'parahkatanya', 'suruh', 'berani', 'bni', 'app', 'iniknp', 'register', 'poto', 'ktp', 'verifikasi', 'wajah', 'lgitu', 'verifikasi', 'ai', 'bisa', 'ngedetect', 'wajah', 'coba', 'xparah']	negative
['bagus', 'top', 'up', 'ewallet', 'nominal', 'batas', 'menu', 'tarik', 'tunai', 'kartu']	neutral
['sudah', 'lengkap', 'fitur', 'layan', 'semoga', 'tahan', 'dalam', 'layan', 'nasabah']	positive
['tampil', 'keren', 'transaksi', 'apa', 'sekarang', 'notifnya', 'tagih', 'bayar', 'notif', 'remindernya', 'wondr', 'mantap']	positive
['mudah', 'bayar']	positive
['mudah', 'urus', 'perban', 'baik', 'pagi', 'susah', 'akses']	positive
['dikit', 'dikit', 'optimalin', 'sistem', 'dikit', 'dikit', 'optimalin', 'sistem', 'hapus', 'aplikasi', 'bni', 'mobile']	negative
['bagus', 'ini', 'suka', 'eror', 'login', 'mohon', 'baik', 'aplikasi', 'biar', 'mudah']	negative
['aplikasi', 'sngat', 'parahbru', 'daftar', 'saldo', 'sudah', 'trpotong', 'bnyakaku', 'keluar']	negative
['mudah', 'bertran', 'saksi', 'sisa', 'pinjam']	neutral
['jaga', 'nyaman', 'langgan', 'bni', 'nice']	positive
['bagus', 'bni', 'sayang', 'wondr', 'by', 'trusada', 'optimalin', 'sistem', 'muluk', 'tolong', 'baik', 'nyaman', 'bni', 'sayang']	negative
['siang', 'kak', 'transfer', 'bank', 'gagal', 'sudah', 'dari', 'smlm', 'coba', 'transfer', 'gagal', 'tolong', 'kak', 'baik']	neutral
['bagus', 'cepat', 'mudah']	positive
['saldo', 'ribu', 'tf', 'teman', 'enggak', 'anjir', 'kecewa', 'tolong', 'bantu']	negative
['mudah', 'transaksi']	positive
['lapor', 'mutasi', 'rekening', 'kenpa', 'tanggal', 'lengkap', 'sampai', 'tanggal', 'baru', 'bisa', 'lihat', 'setelah', 'tanggal', 'mohon', 'update']	neutral
['baiknamun', 'baru', 'sistem']	positive
['cepat', 'mudah']	neutral
['ayo', 'buru', 'baru', 'uang', 'ku', 'deh', 'transfer', 'kemarin', 'bank', 'mengirim', 'hasil', 'bni', 'chek', 'enggak', 'masuk', 'sudah', 'menunggu', 'respon']	negative
['buka', 'ganggu', 'mulu', 'butuh', 'banget', 'ganggu', 'mulh']	negative
['aplikasi', 'bagus', 'fitur', 'bagussimpel', 'kurang', 'riwayat', 'transaksi', 'enggak', 'langsung', 'muncul', 'habis', 'transaksi', 'menunggu', 'jam', 'muncul', 'tolong', 'baik']	neutral
['verifikasi', 'wajah', 'gagal', 'sesuai', 'intruksi']	negative
['maksud', 'nyuruh', 'pakai', 'aplikasi', 'user', 'aplikasi', 'bni', 'sudah', 'langsung', 'non', 'aktifin', 'aplikasi', 'bni', 'suruh', 'pakai', 'wonder', 'tolol', 'buka', 'bni', 'muncul', 'pop', 'up', 'aplikasi', 'wonder', 'bikin', 'kesel', 'langsung', 'hardselling', 'smooth', 'akat', 'maksa', 'biar', 'pindah', 'apk']	negative
['bagaimana', 'enggak', 'transaksi', 'baik', 'mulu', 'sudah', 'baik', 'coba']	neutral
['hapus', 'bukti', 'transfer', 'uang', 'masuk', 'gimama', 'fiturnya', 'wondr', 'by', 'bni']	neutral
['nge', 'lag', 'bagaimana', 'urgent', 'mohon', 'perfomanya', 'tingkat', 'bagus', 'aplikaai', 'bni', 'mobile', 'banking']	neutral
['isi', 'token', 'listrik', 'terang', 'gagal', 'saldo', 'sudah', 'potong', 'saldo', 'sampai']	negative
['seing', 'enggak', 'buka', 'tampil', 'enggak', 'log', 'ini', 'susah', 'transaksi', 'jaring', 'aman', 'ganti', 'jaring', 'tetap']	negative
['aplikasi', 'serbaguna', 'enak', 'pakai', 'simpel', 'ribet']	positive
['aplikasi', 'bagus', 'enggak', 'dipakek', 'enggak', 'transaksi', 'apa']	negative
['selamat', 'sore', 'bni', 'transaksi', 'tari', 'tunai', 'atm', 'transaksi', 'diprses', 'saldo', 'potong', 'rbmohon', 'jelas', 'bagimana', 'saldo', 'rekening']	neutral
['aplikasi', 'buka', 'muncul', 'tulisanaplikasi', 'wonder', 'baik']	neutral
['aplikasi', 'bagus', 'bantu', 'mudah', 'transaksi', 'aplikasi', 'bagus', 'tabung', 'investasi']	positive
['seru', 'banget', 'cepat']	positive
['beli', 'token', 'listrik', 'mbanking', 'arah', 'beli', 'aplikasi', 'wondr', 'eh', 'hasil', 'bayar', 'tulis', 'gagal', 'bikin', 'pusing', 'tolong', 'bagus', 'layan', 'memang', 'gagal', 'ambil', 'uang', 'kecuali', 'hasil']	negative
['app', 'bantu', 'nasabah']	positive
['aplikasi', 'bagustransaksi', 'mudah', 'wonder', 'bni']	positive
['batas', 'limit', 'transfer', 'hari', 'pakai', 'mbangking', 'bni', 'topup', 'juta', 'sekarang', 'pakai', 'maksimal', 'juta']	neutral
['banget', 'aplikasi', 'tangal', 'pending', 'hari', 'bayar', 'cicil', 'jatuh', 'tempo', 'mending', 'bni', 'mobile']	negative
['memuduhakan', 'nasabah', 'transaksi', 'karena', 'qris', 'masuk', 'pin', 'angka', 'tampil', 'mobile', 'bankin', 'bagus']	positive
['buka', 'aplikasi', 'crash']	negative
['jelek', 'banget', 'bayar', 'pakai', 'qris', 'saldo', 'bilang', 'kagak', 'mulu']	negative
['simple', 'enteng', 'enggak', 'berat', 'aman', 'terima', 'kasih']	positive
['bagus', 'mudah', 'guna', 'sama', 'banking']	positive
['susah', 'buka']	positive
['buka', 'langsung', 'force', 'close', 'tulis', 'wondr', 'by', 'bni', 'henti', 'reinstall']	neutral
['aplikasi', 'mudah']	positive
['bagusnyaman', 'apk', 'wondr', 'by', 'bni', 'kenapa', 'buka', 'yakatanya', 'perbaikanitu', 'maksud', 'tolong', 'comfirmasi']	positive
['bagus', 'boleh', 'pakai', 'apk', 'enak', 'tf']	positive
['mudah', 'pakai']	positive
['senang', 'wondr', 'buat', 'apk', 'wondr', 'sampai', 'hilang', 'fitur', 'fitur', 'aplikasi', 'sama', 'banking', 'bni', 'semoha', 'kembang', 'apk']	neutral
['buka', 'aplikasi']	negative
['akses', 'loginnya', 'ribet', 'pakai', 'isi', 'token', 'listrik', 'passwordnya', 'suka', 'lupa']	negative
['bantu', 'transaksi']	positive
['ngerih', 'teransaksi', 'atau', 'transfer', 'gede', 'takut', 'gagal', 'kalo', 'aplikasi', 'transfer', 'gagal', 'atau', 'trasaksi', 'gagal', 'saldo', 'ambil', 'inimah', 'saldo', 'ngurangin', 'atau', 'ambil', 'isi', 'smartfreen', 'enggak', 'masuk', 'saldo', 'ambil']	positive
['kali', 'transfer', 'virtual', 'account', 'pakai', 'wondr', 'kurang', 'tranfer', 'via', 'wondr', 'riskan', 'karena', 'butuh', 'pin', 'wondr', 'password', 'transaksi', 'mobile', 'banking', 'bni', 'transaksi', 'virtual', 'account', 'catat', 'uang', 'kurang', 'tuju', 'catat', 'cek', 'mbak', 'bni', 'catat', 'kali', 'nih', 'moga', 'bni', 'baik', 'kurang', 'wondr', 'rasa']	negative
['apps', 'lot', 'susah', 'login']	neutral
['aplikasi', 'lot', 'jelek', 'enggak', 'jelasaplikasi', 'sampah', 'lot', 'banget', 'modal', 'dong', 'kalau', 'bikin', 'aplikasijgn', 'takut', 'rugi']	negative
['pakai', 'wondr', 'by', 'bni', 'asi', 'aplikasi', 'itu', 'fiturnya', 'mudah', 'paham', 'pemulatransaksi', 'mudah', 'ewalletbayar', 'pulsaecommerce', 'pokok', 'top', 'bangetapalagi', 'tabung', 'reksadana', 'jugangebantu', 'pokok', 'magermager', 'rumah', 'tinggal', 'pegang', 'hp', 'klik', 'wondr', 'by', 'bni', 'deh']	positive
['mudah', 'cepat']	positive
['aplikasi', 'wondr', 'scan', 'qris', 'peka', 'nyaman', 'kalo', 'pada', 'bayar']	positive
['sangan', 'mudah', 'urus']	positive
['please', 'ain', 'dark', 'mode', 'biar', 'enak', 'pandang', 'app', 'mata', 'nyaman']	positive
['cepatfleksibeldan', 'praktis']	positive
['wonder', 'benah', 'coba', 'transform', 'bikin', 'repot', 'nasabah', 'transaksi']	negative
['suka', 'masalah', 'kali', 'buka', 'aplikasi', 'jam', 'malam', 'atas']	negative
['salah', 'aplikasi', 'perban', 'bagus', 'mudah', 'fiturnya', 'beli', 'pulsatoken', 'listrik', 'mudah', 'banget', 'good', 'job']	positive
['ribet', 'simple', 'bnimobile', 'transaksi', 'apa', 'wondr', 'ganggu']	negative
['buka', 'aplikasi', 'wonder', 'butuh', 'sabar', 'besarkalah', 'bank', 'himbara', 'buka', 'langsung', 'masuk', 'aplikasi', 'wonder', 'mutermuter', 'maaf', 'baik', 'tolong', 'baik', 'minkita', 'guna', 'ganggu']	negative
['aplikasi', 'upgrade', 'mudah', 'cepat', 'registrasi', 'buat', 'kartu', 'pilih', 'sesuai', 'butuh', 'kartu', 'repot', 'antri', 'kantor', 'kena', 'tambah', 'biaya', 'admin', 'identitas', 'jaga']	positive
['menu', 'rekening', 'koran', 'enggak', 'mutasi', 'enggak', 'lengkap', 'debet', 'kredit', 'saldo']	negative
['tahap', 'sesuai', 'apkikasi', 'oke', 'sih', 'fitur', 'sepenuh', 'akses', 'sabar', 'tunggu']	positive
['praktis', 'efisien', 'transaksi']	positive
['mudah', 'cepat']	positive
['aplikasi', 'bagus', 'daftar', 'enggak', 'ribet', 'daftar', 'menu', 'contoh', 'bayar', 'biaya', 'didik']	neutral
['saldo', 'kurang', 'transaksi']	neutral
['aneh', 'banget', 'enggak bisa', 'login', 'data', 'sudah', 'benar', 'login', 'muncul', 'suka', 'guna', 'wonder', 'sudah', 'klik', 'tuju', 'enggak bisa', 'login', 'bagaimana', 'min']	neutral
['ratingnya', 'sih', 'baca', 'ulas', 'isi', 'keluh', 'mengasih', 'bintang', 'robot', 'keluh', 'berbulanbulan', 'biar', 'tangan', 'tanggap', 'komentar', 'masuk', 'guna', 'enggak', 'baik', 'fitur', 'mbanking', 'bni', 'layan', 'nih', 'nasabah', 'pindah', 'wondr', 'aplikasi', 'payah']	negative
['layan', 'bagus']	positive
['transaksi', 'tampil', 'aplikasi', 'wondr', 'keluar', 'biaya', 'administrasi', 'kartu', 'tampil']	neutral
['aplikasi', 'burik', 'deh', 'mbanking', 'enggak', 'pakai', 'suruh', 'ganti', 'bank', 'aplikasi', 'ganti', 'verifikasi', 'nomor', 'hp', 'gagal', 'no', 'daftar', 'aneh']	negative
['aplikasi', 'mudah', 'sat', 'set', 'urus', 'perban', 'uang', 'tampil', 'oke']	positive
['sumpah', 'kenapa', 'akhirakhir', 'bni', 'kacau', 'banget', 'transaksi', 'ganggu', 'setor', 'tunai', 'enggak', 'masuk', 'rekening']	negative
['salah', 'login', 'transaksi', 'aplikasi', 'sempurna', 'nasabah', 'saran', 'pindah', 'mobile', 'bni', 'wondr', 'salah', 'login', 'transaksi', 'menganggu', 'aktvitas', 'bayar', 'era', 'digital', 'banyak', 'transaksi', 'mobile', 'aplikasi', 'mending', 'ganti', 'bank', 'enggak', 'atm', 'kosong', 'uangnyaa', 'susah', 'banget', 'ya']	negative
['kadang', 'susah', 'masuk', 'mentok', 'logo', 'apk']	neutral
['riwayat', 'transaksi', 'terupdate', 'tolong', 'baik']	neutral
['wonder', 'by', 'bni', 'mudah', 'transakasii', 'fitur', 'login', 'sidik', 'jari', 'praktis', 'banget', 'garibet', 'memasuki', 'password', 'fiturfitur', 'dukung', 'proses', 'transaksi', 'cepat', 'mudah']	positive
['aplikasi', 'buka', 'muncul', 'logo', 'wondr', 'tunggu', 'buka', 'sekian', 'kali', 'hafus', 'nginstal', 'daftar', 'daftar', 'ulang', 'ulang', 'tolong', 'benah', 'daftar', 'download']	positive
['terimakasih', 'aplikasi', 'wonder', 'by', 'bni', 'transaksi', 'mudah', 'simpel', 'cepat']	positive
['transaksi', 'cepat', 'mudah', 'aman']	positive
['wonder', 'bagus', 'sayang', 'lengkapkurang', 'dplk', 'informasi', 'pinjam']	positive
['install', 'ulang', 'ulang', 'sesi', 'berakir', 'tuju', 'syarat', 'begitu']	negative
['ribet', 'pakai', 'wondr', 'jaring', 'hang', 'sinyal', 'hp', 'penuh', 'top', 'up', 'e', 'wallet', 'limit', 'juta', 'hari', 'maks', 'top', 'up', 'bom', 'potong', 'pulsa', 'sms', 'notif', 'banking', 'transaksisaya', 'nyaman', 'pakai', 'bni', 'mobile', 'banking']	negative
['aplikasi', 'kejar', 'tayang', 'release', 'coba', 'study', 'banding', 'aplikasi', 'brmo', 'lengkap', 'mudah', 'nasabah']	negative
['verifikasi', 'email', 'gagal', 'kode', 'otp', 'apps', 'bad', 'apps', 'parah', 'enggak ada', 'solusi', 'outlet', 'mah', 'dar', 'ganti', 'kartu', 'jam', 'sekarang', 'verifikasi', 'outlet', 'efisien']	negative
['mantap', 'sudah', 'keren']	positive
['moga', 'upgrade', 'fitur', 'bni', 'mbanking', 'wondr', 'kayak', 'fitur', 'mobile', 'tunai', 'tarik', 'tunai', 'wondr', 'sedia', 'atm', 'bni', 'tarik', 'tunai', 'alfa', 'setor', 'tunai', 'app', 'wondr', 'sampai', 'aplikasi', 'mbanking', 'karena', 'proper', 'notif', 'masuk', 'buka', 'app', 'sudah', 'bagus', 'sih', 'wondr', 'tunggu', 'sentuh', 'baru']	neutral
['transaksi', 'mudah', 'cepat', 'bantu']	positive
['mudah', 'transaksi', 'uang']	positive
['aplikasi', 'indah', 'guna']	positive
['suruh', 'download', 'wonder', 'fiturfiturnya', 'lengkap', 'tarik', 'tunai', 'bayar', 'didik', 'universitas', 'pilih', 'maksud', 'siapin', 'apknya', 'sebar', 'luas', 'apa', 'bni', 'download', 'apk', 'kocak', 'ya']	neutral
['sempurna', 'limit', 'transaksi', 'sesuai', 'aplikasi', 'limit', 'transfek', 'bank', 'bank', 'atur', 'guna']	neutral
['sngat', 'mudah', 'dalam', 'brtransaksi', 'terima', 'kasih', 'kmudahannya', 'semoga', 'tambah', 'tingkat', 'kedepanx']	positive
['bantu', 'simpel', 'mudah']	positive
['kesini', 'susah', 'log', 'ini', 'yatransaksi']	neutral
['buka', 'nyangkut', 'logo', 'butuh', 'jelas', 'naik', 'bintang']	negative
['aplikasi', 'wondr', 'by', 'bni', 'mudah', 'fiturfitur', 'butuh', 'kemanamana', 'praktis', 'karena', 'metode', 'bayar', 'qris', 'saat', 'uang', 'cash']	positive
['transaksi', 'beli', 'pulsa', 'wonder', 'by', 'bni', 'lapor', 'gagal', 'saldo', 'terpotongmohon', 'jasa']	positive
['muas']	positive
['kok', 'baik', 'urgent', 'riweuh', 'jaring', 'bagus', 'wifi', 'oke', 'akses', 'notifnya', 'kendala', 'coba', 'coba', 'pakai', 'axis', 'telkomsel', 'indosat', 'smartfren', 'kalo', 'jaring', 'masalah', 'youtube', 'netflix', 'pakai']	neutral
['verifikasi', 'email', 'kirim', 'mending', 'pakai', 'bni', 'mobile']	negative
['minggusetelah', 'update', 'aplikasi', 'buka', 'error', 'baik', 'tim', 'tlong', 'sgera', 'baik']	neutral
['update', 'buka', 'notif', 'nonaktif', 'aksesibilitas', 'aksesibilitas', 'hp', 'paksa', 'aplikasi', 'bni']	negative
['enak', 'aplikasi', 'wondr', 'cuaca', 'mendung', 'dikit', 'susah', 'log', 'ini']	neutral
['bagaimana', 'ini', 'idah', 'daftar', 'baru', 'kemarin', 'malah', 'suruh', 'daftar', 'lagi', 'data', 'tohem', 'heran', 'mohon', 'depelovernya', 'apk', 'dibnenahin', 'daftar', 'biar', 'langsung', 'login', 'masuk', 'pinklo', 'setiap', 'baru', 'dftar', 'ngribetin', 'keluh', 'oke', 'kasih', 'dulu', 'baik', 'full']	negative
['daftar', 'aplikasi', 'wonder', 'inidan', 'kali', 'transaksi', 'bagus', 'simpelserta', 'riwayat', 'transaksi', 'disayangkankok', 'kali', 'daftar', 'ulang', 'susah', 'ampun', 'hasil', 'kali', 'gagal', 'besok', 'coba', 'konfirmasi', 'mohon', 'sulit', 'aplikasi']	negative
['aplikasi', 'uang', 'sampah', 'turut', 'susah', 'login']	negative
['mudah', 'transaksi']	positive
['gantj', 'hape', 'proses', 'gampang', 'tak', 'kantor', 'cabangblum', 'kendala', 'sampai', 'sekarang']	positive
['jaring', 'wondr', 'jelek']	negative
['user', 'friendly', 'mudah']	positive
['beralihndr', 'bni', 'mobile', 'bagus', 'ngebug', 'bumn', 'bikin', 'maksimal', 'tolong', 'tingkat', 'maintenace']	neutral
['update', 'jelek', 'bagus', 'luncur', 'ngebut', 'mulu', 'login', 'sinyal', 'bagus']	negative
['susah', 'loginpake', 'wifi', 'kendala', 'mending', 'pakai', 'bni', 'mobile']	neutral
['kalo', 'password', 'pakai', 'sidik', 'jari']	positive
['sederhana', 'bagus']	positive
['aplikasi', 'error', 'force', 'close', 'mulu', 'tiak', 'jaring', 'internet', 'lancar']	negative
['fitur', 'tarik', 'tunai', 'via', 'cardless', 'pada', 'history', 'transaksi', 'nominal', 'moga']	neutral
['tampil', 'aplikasi', 'tarik', 'keren', 'transaksi', 'mudah', 'cepat', 'sukses', 'bni']	positive
['cepat']	positive
['tolong', 'banget', 'kalo', 'pemberitahuan', 'update', 'kasih', 'opsi', 'pilih', 'tekan', 'update', 'buka', 'pikirin', 'ruang', 'simpan']	neutral
['buruk', 'mengirim', 'otp', 'email', 'tungguin', 'enggak', 'muncul', 'bagaimana', 'pakai', 'aplikasi']	negative
['aplikasi', 'bagus', 'cocok', 'histori', 'transaksi', 'aplikasi', 'contoh', 'tari', 'kartu', 'atm', 'tera', 'transaksi', 'via', 'aplikasi', 'aplikasi', 'satu']	positive
['registrasi', 'mudah', 'kali', 'transaksi', 'enggak', 'kendala', 'aplikasi', 'mudah', 'history', 'transaksi', 'detail', 'sok', 'far', 'oke', 'wondr']	positive
['bagus', 'seta', 'buka', 'notif', 'baik', 'baik', 'notif', 'baik']	neutral
['tau', 'aplikasi', 'huhu', 'pakai', 'bank', 'bni', 'neng', 'sih', 'kalo', 'butuh', 'gaperlu', 'ribett', 'langsung', 'pakai', 'apk', 'ini', 'mantap', 'pokok', 'mah', 'bni']	positive
['enak', 'pakai', 'aplikasi', 'bni', 'aplikasi', 'wondr', 'tolong', 'lengkap', 'fitur', 'tarik', 'tunai', 'setor', 'tunai', 'butuh', 'transaksi', 'kartu']	neutral
['aplikasi', 'guna', 'fitur', 'fitur', 'apk', 'bni', 'pindah', 'kesini', 'registrasi', 'ribet', 'gagal']	negative
['bagus', 'inggin', 'transfer', 'dana', 'limit', 'bni', 'mobile', 'bangking', 'tolong', 'baik', 'tingkat', 'nyaman', 'guna', 'wondr', 'by', 'bni']	neutral
['mudah', 'transaksi']	positive
['mantap', 'bayar']	positive
['good', 'job', 'bni', 'transaksi', 'mudah', 'pakai', 'wondr', 'by', 'bni', 'sayang', 'transaksi', 'mobile', 'tunai', 'pakai', 'app']	positive
['kirim', 'uang', 'dana', 'maksimal', 'juta', 'atur', 'set', 'mohon', 'bantu']	negative
['bintang', 'deskripsi', 'transaksi', 'minim', 'mundur', 'versi', 'bni', 'mobile', 'banking', 'rincian', 'transaksi', 'masuk', 'mohon', 'developer', 'ubah', 'feature', 'rincian', 'transaksi', 'enggak', 'sumber', 'kas', 'masuk', 'uang', 'masuk', 'deskripsi', 'perlu', 'sumber', 'repot', 'bertanya', 'transfer', 'uang', 'uang', 'transaksi']	neutral
['error', 'masuk', 'halaman', 'login', 'enggak', 'bni', 'mobile', 'batas', 'bni', 'bank', 'ayo', 'aplikasi', 'baik']	neutral
['suruh', 'pabrik', 'ganti', 'wonder', 'apk', 'bnimobile', 'bangking', 'hps', 'fitur', 'tarik', 'tunai', 'kartu', 'kurang', 'tolong', 'baik']	neutral
['aplikasi', 'ampas', 'guna', 'buka', 'tampil', 'fitur', 'sedia', 'coba', 'muat', 'ulang', 'sudah', 'update', 'versi', 'baru', 'mending', 'hapus', 'aplikasi', 'enggak', 'pakai', 'rugi', 'bni', 'enggak']	negative
['apk', 'bagus', 'biaya', 'adminya', 'kurang', 'gratis', 'kali', 'transfer', 'sih', 'turut']	positive
['aplikasi', 'bantu', 'mudah', 'nasabah', 'transaksi', 'masuk', 'developer', 'rincian', 'transaksi', 'jelas', 'transaksi', 'bank', 'konvensional', 'nama', 'kirim', 'cantum', 'bingung', 'transaksi', 'masuk', 'bni', 'mobile', 'banking', 'terima', 'kasih']	neutral
['suka', 'tema', 'ui', 'tolong', 'ganti', 'monoton', 'clean']	negative
['efisien']	neutral
['bayar', 'daftar', 'utbk', 'snbt', 'via', 'wondr', 'hasil', 'zonk', 'transaksi', 'hasil', 'input', 'gagal', 'sabar', 'urus', 'usaha', 'milik', 'negara']	negative
['bagus', 'sebenarmya', 'cuman', 'bertanya', 'maksimal', 'saldo', 'sisa', 'wonder', 'berapa', 'saldo', 'masa', 'enggak bisa', 'transaksi', 'karena', 'saldo', 'cukup']	neutral
['bagus', 'fitur', 'lengkap', 'ganti', 'nomor', 'hp', 'pilih', 'notifikasi', 'sms', 'wa', 'moga', 'update', 'fitur', 'fiturnya']	positive
['menu', 'mudah', 'transaksi']	positive
['kendala', 'tinggal', 'fiturnya', 'banyak', 'terima', 'kasih', 'wondr', 'bni', 'kuasa', 'dunia', 'offline', 'bantu', 'bni', 'ranah', 'dunia', 'online', 'tiktok', 'gameseperti', 'esport', 'google', 'playdi', 'playstore', 'transaksitransaksi', 'online', 'wondr', 'lebar', 'sayap', 'biar', 'terbang', 'semangat']	positive
['mudah']	positive
['ribey', 'beli', 'token', 'tidk', 'daftar', 'favorit']	negative
['proses', 'cepat', 'mudah']	positive
['tarik', 'tunai', 'kadang', 'error', 'huuft', 'ganggu', 'moga', 'lekas', 'optimal', 'bantu']	neutral
['verifikasi', 'pin', 'gagal', 'mohon', 'arahannyaterimakasih', 'kasih']	neutral
['puasdan', 'lambang', 'pengembangannyamasak', 'tinggal', 'bank', 'biru', 'sebalahstor', 'tunai', 'tarik', 'tunai', 'adaklo', 'kurang', 'fitur', 'jaman', 'sekarang', 'digital', 'sudah', 'kental', 'menjadi', 'butuh', 'mentalsya', 'naik', 'ratingnya', 'sudah', 'baik', 'fiturnya']	neutral
['mengerti', 'wondr', 'beli', 'token', 'listrik', 'bni', 'mobile', 'sekarang', 'sudah', 'enggak bisa', 'wondr', 'mulu', 'mengapai', 'sih', 'bikin', 'aplikasi', 'mbanking']	negative
['verifikasi', 'wajah', 'sulit', 'coba', 'coba', 'kendala', 'sistem', 'eh', 'tau', 'mengasih', 'pemberitahuan', 'verifikasi', 'wajah', 'coba', 'besok', 'rusak', 'sistem', 'konsumen', 'repot', 'rusak', 'rusak']	neutral
['layan', 'sistem', 'muas']	positive
['sihselama', 'lancarlancar', 'keep', 'itu', 'up', 'sesal', 'data', 'akun', 'transfer', 'bawa', 'bni', 'mobile', 'banking', 'menginput', 'ulang', 'untung', 'catat']	positive
['cuma', 'tf', 'max', 'jutasudah', 'komplan', 'belum', 'hasil']	negative
['transaksi', 'mudah', 'cepat', 'wondr', 'by', 'bni', 'aplikasi', 'bantu', 'mudah', 'transaksi', 'perban', 'keren']	positive
['saran', 'wondr', 'baik', 'sistem', 'jam', 'malam', 'baru', 'jam', 'sudah', 'bayar', 'qris', 'mohon', 'perhati', 'terimakasih']	positive
['aplikasi', 'tolol', 'sudah', 'daftar', 'hasil', 'log', 'out', 'sendirimau', 'login', 'suruh', 'daftar', 'ulang']	negative
['aplikasi', 'jelek', 'selalu', 'logout', 'sendiri', 'masuk', 'login', 'upload', 'ktp', 'dll', 'otp', 'wa', 'kali', 'kirim', 'kunjung', 'masuk', 'otp', 'buruk', 'mengasih', 'bintang', 'pegawai', 'muas', 'nasabah']	negative
['proses', 'cepat', 'mantap']	positive
['aplikasi', 'susah', 'pakai', 'verifikasi', 'wajah', 'orang', 'tua', 'banyak', 'pakai']	negative
['aplikasi', 'bank', 'loadingnya', 'wortid', 'pakai', 'bni', 'kalo', 'paksa', 'banget', 'bikin', 'kesini', 'mah', 'bikin', 'benar', 'benr', 'ribet', 'aplikasi', 'buat', 'rekening', 'ribet', 'iya', 'bisa', 'platinum', 'alesannya', 'ganggu', 'benar', 'aneh']	negative
['bikin', 'akun', 'verifikasi', 'wajah', 'tulis', 'coba', 'besok', 'tunggu']	neutral
['buka', 'app', 'wondr', 'instal', 'ulang', 'aduh', 'berabe', 'belanja', 'byr']	positive
['nayamul', 'loginnya', 'enggak', 'mudah', 'aplikasi']	neutral
['nge', 'lag', 'bagaimana', 'urgent', 'mohon', 'perfomanya', 'tingkat', 'bagus', 'aplikaai', 'bni', 'mobile', 'banking']	neutral
['aplikasi', 'rusak', 'kagak', 'verifikasi', 'wajah', 'suruh', 'tengok', 'wajah', 'lurus', 'enggak', 'verify', 'coba']	negative
['verifikasi', 'wajah', 'gagal', 'enggak', 'sebab', 'tolong']	neutral
['kartu', 'aktif', 'coba', 'aktif', 'fitur', 'sedia', 'tombol', 'aktif', 'kartu', 'dorman', 'aplikasi', 'klik', 'layan', 'sedia', 'mohon', 'baik']	neutral
['buka', 'mohon', 'info']	negative
['transaksi', 'cepat', 'fitur', 'lengkap', 'mantap']	positive
['kali', 'mencoba', 'aplikasi', 'alhamdulillah', 'lancar', 'sih', 'bantu', 'ganpang', 'ngoperasikannya']	positive
['sesi', 'enggak', 'login', 'ngadat', 'bolak', 'enggak', 'masuk', 'susah']	negative
['bikin', 'pasword', 'special', 'karaktet', 'ketik', 'tanda', 'tanda', 'tanda', 'kagak', 'nongol', 'app', 'macam']	negative
['lengkap', 'fiturnya', 'opsi', 'mutasi', 'rekening', 'enggak', 'bisa', 'lihat', 'berapa', 'saldo', 'bni', 'mobile', 'banking', 'tolong', 'tambah', 'fiturnya']	positive
['aplikasi', 'fitur', 'tarik', 'tunai', 'kartu']	positive
['aplikasi', 'wondr', 'bantu', 'transaksi', 'mana', 'fiturfiturnya', 'mudah', 'paham', 'tengkiu', 'wondr', 'selalu', 'transaksi']	positive
['sumpah', 'aplikasi', 'jengkel', 'banget', 'kali', 'transfer', 'lebih', 'batas', 'limit', 'hari', 'padahal', 'limit', 'kan', 'juta', 'tranfer', 'juta', 'tranfer', 'sampah']	negative
['aplikasi', 'updatetapi', 'fitur', 'tariksetor', 'tunai', 'mohon', 'sedia', 'fitur', 'terimakasih']	positive
['mudah', 'praktis']	positive
['bagus', 'bni', 'mobile', 'wondr', 'bybni', 'aplikasi', 'kendala', 'baik', 'enggak', 'masuk']	neutral
['wondr', 'bantu', 'transaksi', 'mudah', 'cepat', 'praktis', 'wondr', 'by', 'bni', 'jadikan', 'mau']	positive
['aplikasi', 'bagusmemudahkan', 'bertransaksitapi', 'berturutturut', 'akses', 'login', 'ada', 'mohon', 'pencerhannya', 'terima', 'kasih']	positive
['metode', 'bayar', 'didik', 'wonder', 'ui', 'ya', 'mohon', 'app']	neutral
['aplikasi', 'bagus', 'mudah', 'sesuai', 'butuh', 'tolong', 'baik', 'kendala', 'susah', 'loginnyatks']	neutral
['ramah', 'orang', 'tua', 'paham', 'teknologi', 'verifikasi', 'wajah', 'durasi', 'cepat', 'identifikasi', 'gagal']	neutral
['aplikasi', 'bagus', 'buka', 'aplikasi', 'mudah', 'cepat', 'enggak', 'fitur', 'setor', 'tarik', 'tunai', 'kayak', 'aplikasi', 'belah', 'tolong', 'baik']	positive
['aplikasi', 'banget', 'ter', 'buka']	neutral
['malam', 'min', 'transaksi', 'gagal', 'memasuki', 'pin', 'daftar', 'wonder', 'mengunakan', 'pin']	positive
['cepat', 'transaksi', 'lengkap', 'vitur', 'aplikasi']	neutral
['bagus', 'kadang', 'salah', 'jaring', 'jaring']	positive
['mntap', 'bantu']	positive
['kasih', 'bintang', 'karena', 'riwayat', 'transkasi', 'transfer', 'orang', 'enggak', 'nampakkaya', 'teman', 'trf', 'harini', 'initrus', 'cari', 'riwayanya', 'terang', 'enggak ada', 'trxtrus', 'nama', 'deh', 'sipenerasfer', 'tera', 'sudah', 'oke', 'sih']	neutral
['transaksi', 'auto', 'debit', 'muncul', 'riwayat', 'hari', 'tolong', 'baik', 'bos']	negative
['bantu', 'cepat']	positive
['sumpah', 'enggak', 'aplikasi', 'downloadtrus', 'hilang', 'aplikasi', 'download', 'lagiaktifikasi', 'awaltrus', 'buka', 'akun', 'transaksi', 'pin', 'salahgila', 'enggak', 'tau', 'pin', 'pagi', 'transaksi', 'aman', 'ajapas', 'sore', 'pin', 'salahaneh', 'sumpah']	negative
['suruh', 'pabrik', 'ganti', 'wonder', 'apk', 'bnimobile', 'bangking', 'hps', 'fitur', 'tarik', 'tunai', 'kartu', 'kurang', 'tolong', 'baik']	neutral
['susah', 'loginpake', 'wifi', 'kendala', 'mending', 'pakai', 'bni', 'mobile']	neutral
['ukur', 'apk', 'smartphone', 'tengah', 'makan', 'simpan']	neutral
['bantu', 'transaksi', 'antri']	positive
['aplikasi', 'bagus', 'tampil', 'tarik', 'simpel', 'fitur', 'fitur', 'akses', 'cepat', 'e', 'wallet', 'praktis', 'transaksi']	positive
['bagus', 'bni', 'mobile', 'bangking', 'karena', 'riwayat', 'transaksi', 'lengkapketerangan', 'bisa', 'baca', 'transaksi', 'masuk', 'saldo', 'mengecek', 'mudah', 'wonder', 'terang', 'traksasi', 'minimal']	neutral
['aplikasi', 'henti', 'buka']	neutral
['ganti', 'perangkat', 'daftar', 'ulang', 'sih', 'ribet', 'konfirmasi', 'no', 'hape', 'email', 'login', 'password', 'aplikasi', 'pin', 'kartu', 'debit', 'didaftarkankenapa', 'enggak', 'gopaydana', 'dkk', 'ganti', 'perangkat', 'tinggal', 'memasuki', 'no', 'hape', 'password']	negative
['aplikasi', 'wondr', 'by', 'bni', 'hidup', 'mudah', 'hidup', 'wondrful', 'transaksi', 'apa', 'mudah', 'rencana', 'tabung', 'top', 'up', 'bayarbayar', 'tagih', 'dsb', 'cepat', 'gampang', 'enggak', 'rumah', 'urus', 'beres']	positive
['efisien', 'bayar', 'gampang', 'banget', 'qris', 'dkk']	positive
['ribet', 'arus', 'registrasi', 'tambah', 'kantor', 'dekat', 'kantor', 'dekat', 'enggak', 'kecewa']	negative
['topup', 'ewallet', 'ribet', 'bingung', 'kelompok', 'tolong', 'baik', 'meni', 'tf', 'va', 'bagus', 'pakai', 'mbanking', 'bni']	neutral
['habis', 'update', 'enggak', 'loginmaaf', 'kendala', 'tim', 'perbaikiudah', 'hari', 'bikin', 'susah', 'hadeeuuh']	negative
['tampil', 'simple', 'easy', 'tapi', 'use', 'enggak', 'bikin', 'bingung', 'transaksi', 'cepat', 'nyaman', 'top', 'mantap', 'is', 'the', 'best']	positive
['sekarang', 'ganggu', 'dbuka', 'terang', 'fitur', 'sedia', 'tim', 'baik', 'coba', 'nntk']	positive
['bagus', 'kayak']	positive
['aplikasi', 'bagus', 'verifikasi', 'wajah', 'susah', 'suruh', 'menunduk', 'menunduk', 'kedip', 'kedip', 'pagel', 'leher', 'cepat']	negative
['transaksi', 'mobile', 'tunai', 'tarik', 'tunai', 'tolong', 'kode', 'otp', 'via', 'wa', 'jaman', 'guna', 'smartphone', 'pesan', 'singkat', 'sms', 'terimakasih']	neutral
['susah', 'login', 'jaring', 'kendala', 'sistem', 'mulu', 'suruh', 'menunggu', 'terus', 'sudah', 'minggu', 'sama', 'beda']	negative
['top', 'up', 'gopay', 'ganggu']	negative
['dear', 'tim', 'wonderdipendaftran', 'proses', 'verifikasi', 'wajah', 'kok', 'maintenance', 'verif', 'wajah', 'kali', 'oke', 'selesaisetelah', 'kendala', 'jaring', 'ulang', 'besok', 'coba', 'maintenance', 'mulu']	negative
['mudah', 'cepat', 'layan', 'aplikasi']	positive
['aplikasi', 'enggak', 'buka', 'masuk', 'unisntall', 'instal', 'masuk', 'mohon', 'baik', 'systemnya', 'kasihan', 'butuh', 'saat', 'nge', 'bug']	negative
['fitur', 'tarik', 'tunai', 'kartu', 'cardless', 'mbanking']	neutral
['jujur', 'sebenarnya', 'suka', 'simpel', 'cuman', 'plis', 'kalo', 'baru', 'apa', 'plis', 'jam', 'kerja', 'kalo', 'transaksi', 'suka', 'enggak']	neutral
['transaksi', 'enggak', 'kecewa', 'banget', 'pakai', 'aplikasi', 'bank', 'gede', 'bisa', 'jam', 'gin', 'baik', 'system', 'tadi', 'siang', 'sampai', 'sore', 'gakbisa', 'transaksi', 'mbanking', 'kecewa', 'kecewa']	negative
['bolak', 'eror', 'terus', 'aktifasi', 'bolak', 'login', 'aktifasi', 'melulu', 'foto', 'ktp', 'selfi', 'ribet', 'pindah', 'bank', 'belah', 'mbanking', 'melulu', 'repott']	negative
['update', 'login', 'bni', 'cabang', 'terdekatsudah', 'install', 'hasil', 'verifikasi', 'terimakasih']	positive
['november', 'aplikasi', 'wondr', 'akses', 'untung', 'install', 'bni', 'mobile', 'banking', 'hapus', 'andal', 'aplikasi', 'repot']	negative
['input', 'favorit', 'sedia', 'input', 'no', 'token', 'applikasinya', 'ribet', 'input', 'kali']	negative
['lot', 'maintenance', 'menunggu', 'transfer', 'gaji', 'kantor', 'maintenance', 'perlu', 'desak', 'mesti', 'buru', 'memaksakan', 'launching', 'aplikasi', 'kalo', 'mas', 'belum', 'sempurna', 'pakai', 'banking', 'ngebug', 'kayaknya', 'sudah', 'bisa', 'dipakai', 'gara', 'ada', 'wondr', 'dilema', 'kecewa']	negative
['transfer', 'hasil', 'wonder', 'saldo', 'masuk', 'rekening', 'yang', 'transfer', 'bagaimana', 'min']	neutral
['bantu', 'mudah']	positive
['aplikasi', 'susah', 'buka', 'mentok', 'logo', 'wondr', 'bni', 'doang']	positive
['bagus', 'banget', 'aplikasi', 'simpel', 'gunakanbuat', 'mudah', 'transaksi', 'sibuk', 'seharihari']	positive
['puas', 'aplikasi', 'wondr', 'by', 'bni']	positive
['aplikasi', 'enggak', 'privikasi', 'wajah', 'gagal', 'mulu']	negative
['aktivasi', 'mudah', 'pakai', 'ribet', 'menit', 'aplikasi', 'fitur', 'tarik', 'beli', 'pulsa', 'beli', 'token', 'listrik', 'satset', 'enggak', 'pakai', 'ribet', 'bayar', 'qris', 'top', 'up', 'ewallet', 'gampang', 'yuk', 'gaskeuun', 'wajib', 'coba']	positive
['aplikasi', 'bagus', 'improve', 'banding']	positive
['daftar', 'gampang', 'cepat', 'aplikasi', 'bagus', 'mudah']	positive
['mudah', 'pakai', 'enak', 'bni', 'mobile', 'karena', 'histori', 'transaksi', 'simpan', 'bentuk', 'pdf', 'kemarin', 'bikin', 'bingung', 'transaksi', 'bayar', 'qris', 'uang', 'cek', 'riwayat', 'transaksi', 'bayar', 'gagal', 'lupa', 'transaksi', 'sisa', 'saldo', 'apk', 'saldo', 'masuk', 'saldo', 'ruang']	neutral
['ganti', 'tarik', 'tunai', 'enggak', 'pakai', 'aplikasi', 'susah']	negative
['tarik', 'tunai', 'ribet', 'pakai', 'kali', 'token']	negative
['aplikasi', 'negara', 'susah', 'banget', 'login', 'doang']	negative
['wondy', 'aplikasi', 'bagus']	positive
['semenjak', 'update', 'login', 'app']	neutral
['app', 'bagus', 'sayang', 'belum', 'selesai', 'mndaftar', 'bank', 'kait']	neutral
['mudah', 'puas']	positive
['rubah', 'deh', 'lancar', 'tf', 'saldo', 'cukup', 'notif', 'aku', 'cukup']	negative
['sebenarnya', 'bagus', 'simpel', 'mudah', 'paham', 'kenapa', 'masuk', 'banget', 'proses', 'stuck', 'terus']	neutral
['suka', 'banget', 'wondr', 'gampang', 'lucu', 'tema', 'ramadhan']	positive
['proses', 'cepat', 'enggak', 'ribet']	positive
['mudah', 'transaksi', 'butuh']	positive
['mudah', 'sangan', 'bantu']	positive
['tampil', 'bagus', 'enggak', 'monoton', 'kayak', 'mbank', 'bank', 'segi', 'bayar', 'satset', 'promo', 'payment', 'qris', 'merchant']	positive
['bagus', 'cepat', 'ribet', 'sukses']	positive
['kok', 'setor', 'tunai', 'wondr', 'min', 'tarik', 'tunai', 'doang', 'wondr', 'mengadakan', 'ding', 'setor', 'tunai']	neutral
['login', 'nomor', 'aktif', 'password', 'tolong', 'cepat', 'baik', 'karena', 'guna', 'aplikasi', 'susah', 'perlu', 'desak', 'harus', 'bank', 'bni']	negative
['sulit', 'verifikasi', 'wajah', 'aplikasi', 'sulit', 'akses']	neutral
['fitur', 'tarik', 'tunai', 'via', 'cardless', 'pada', 'history', 'transaksi', 'nominal', 'moga']	neutral
['bantu', 'mudah', 'fiturnya', 'transaksi', 'cepat', 'mudah']	positive
['pakai', 'bayar', 'didik', 'ui', 'universitas', 'worth', 'itu', 'mahasiswa', 'malas', 'antri', 'admin', 'karena', 'rame']	neutral
['fitur', 'wondr', 'bingung', 'karena', 'alih', 'mbangking', 'sebelumny', 'lihat', 'transaksi', 'dalam']	positive
['aplikasi', 'jelek', 'topup', 'ewallet', 'dana', 'limit', 'juta', 'kalo', 'malam', 'jam', 'jam', 'transaksi', 'sumpah', 'kalo', 'insentif', 'payroll', 'bni', 'malas', 'gue', 'download']	negative
['fitur', 'sih', 'senang', 'aplikasi', 'gue', 'buka', 'sistem', 'eror', 'sudah', 'instal', 'ulang']	positive
['aplikasi', 'sih', 'beli', 'token', 'listrik', 'mbanking', 'arah', 'aplikasi', 'begitu', 'daftar', 'gagal', 'bilang', 'data', 'isi', 'update', 'kalo', 'ribet', 'gin', 'kasih', 'bintang', 'bni', 'kasih', 'bintang']	negative
['bintang', 'mutasi', 'transaksi', 'kolom', 'saldo', 'terang', 'transaksi', 'banget', 'mobile', 'banking']	neutral
['transfer', 'aplikasi', 'sudah', 'hasil', 'masuk', 'terima', 'enggak', 'kayak', 'aplikasi', 'bni', 'mobile', 'rugi', 'saldo', 'potong', 'masuk', 'terima']	neutral
['transaksi', 'va', 'salah', 'marketplace', 'pemberitahuan', 'notif', 'wondr', 'bukti', 'transaksi', 'gagal', 'uang', 'potong']	neutral
['looks', 'sok', 'refreshing', 'mudah', 'aktivasi', 'cepat', 'transaksi', 'simple', 'mudahditunggu', 'lengkap', 'fiturnya', 'biar', 'oke']	positive
['transaksi', 'gampang', 'sayang', 'aplikasi', 'setor', 'tunai', 'atm', 'lengkap', 'fitur']	positive
['suruh', 'kedip', 'mata', 'ulang', 'gagal', 'trsgimna', 'sihjd', 'capek']	negative
['apknya', 'bagus', 'uang', 'sekian', 'ribu', 'habis', 'wondr', 'ambil', 'uang', 'nasabah', 'karena', 'lihat', 'uang', 'sekian', 'ribu', 'tolong', 'sekian']	neutral
['aneh', 'update', 'google', 'play', 'update', 'an', 'getapps', 'coba', 'klik', 'pesan', 'update', 'sumber', 'mana', 'fungsi', 'aplikasi', 'ubah', 'bagaimana', 'sudah', 'valid', 'belum', 'aplikasi', 'wonder', 'nyatolong', 'followup']	negative
['saran', 'baik', 'sistem', 'jam', 'salah', 'perbaikanpengoptimalan', 'jam', 'malam', 'ganggu', 'transaksi', 'nasabah', 'siang']	neutral
['aplikasi', 'sudah', 'update', 'nih', 'lancar', 'banget', 'pakai', 'lancar', 'rekomended', 'banget', 'sih']	positive
['fiturnya', 'lengkap', 'setor', 'tunai', 'tarik', 'tunai', 'kartu']	positive
['error', 'butuh', 'pakai', 'data', 'seluler', 'kurang', 'efektif', 'wifi', 'cepat', 'mungkin', 'bawa', 'wifi']	neutral
['butuh', 'signal']	neutral
['riwayat', 'transfer', 'transfer', 'yapadahal', 'notif', 'tersebutmohon', 'baruh', 'hafal', 'nominal', 'saldo', 'milik', 'sulit', 'kece', 'saldo']	negative
['verifikasi', 'email', 'gagal', 'alas', 'salah', 'kode', 'kirim', 'sudah', 'benar', 'enggak tau', 'salah', 'sistem', 'bagaimana', 'mohon', 'baik']	neutral
['bagus', 'mudah']	positive
['admin', 'selamat', 'malam', 'guna', 'aplikasi', 'wonder', 'bni', 'siang', 'lancar', 'buka', 'barusan', 'coba', 'transfer', 'rek', 'bank', 'error', 'dapat', 'login', 'tlng', 'bantu', 'admin', 'terimakasih']	negative
['bantu', 'guna', 'kendala', 'lancar', 'mantab']	positive
['aplikasi', 'mudah', 'transaksi', 'mana', 'tampil', 'mudah', 'paham', 'ewallet', 'hubung', 'langsungselain', 'diskon', 'makan', 'kunjung']	positive
['aplikasi', 'mobile', 'banking', 'enggak', 'rekomen', 'bumn', 'ganggu', 'sumpah', 'enggak', 'nyaman', 'zaman', 'aplikasi', 'membanyaki', 'baik']	negative
['fiturnya', 'lengkap', 'beda', 'apk', 'biru', 'launching', 'sudah', 'lengkap', 'next', 'fiturnya', 'mudah', 'cust', 'terima kasih']	neutral
['kelaz', 'bank', 'buku', 'mengirim', 'kode', 'otp', 'jam', 'kirim']	negative
['mantap', 'mudah', 'transaksi']	positive
['aplikasi', 'busuk', 'ganggu', 'setiap', 'minggu', 'kali', 'stabil', 'mbanking', 'dari', 'wonder', 'enggak', 'banget', 'rekomend', 'orang', 'transaksi']	negative
['eror', 'enggak', 'buka', 'aplikasi']	negative
['id', 'sama', 'banking', 'login', 'wonder', 'enggak bisa', 'suruh', 'kayak', 'sakit', 'verifikasi', 'wajah', 'ikut', 'instruksi']	negative
['metode', 'transfer', 'bifast', 'enggak bisa', 'pakai', 'realtime', 'dengan', 'biaya', 'admin', 'mahal', 'mls']	neutral
['kecewa', 'lalap', 'error', 'error', 'juga', 'hp', 'restart', 'bisa', 'buka', 'aplikasnyaa']	neutral
['wondr', 'menu', 'bingung', 'cari', 'fx', 'mobile', 'susah', 'cari', 'tau', 'google', 'enggak', 'ketemu', 'jelas']	negative
['xiaomi', 'ultra', 'error', 'susah', 'masuk', 'aplikasi', 'loading', 'awal', 'masuk', 'dalam', 'aplikasi', 'transaksi']	neutral
['fitur', 'aplikasi', 'bagus', 'aplikasi', 'konsekwen', 'karwna', 'update', 'makan', 'paket', 'data', 'untu', 'menginstalnya']	neutral
['praktis', 'instan']	positive
['suka', 'pakai', 'app', 'susah', 'buka', 'terupdate', 'akh', 'pakai', 'app', 'bni', 'mobile', 'karena', 'cepat']	neutral
['aplikasi']	positive
['masuk', 'aplikasi', 'verifikasi', 'wajah', 'gagal', 'terus', 'kantor', 'bni', 'adu', 'buang', 'mudah', 'orang']	negative
['metode', 'bayar', 'didik', 'wonder', 'ui', 'ya', 'mohon', 'app']	neutral
['aplikasi', 'ganggu', 'tranfer', 'dana', 'nomer', 'temu', 'sudah', 'nomor', 'transfer', 'gagal', 'ganggu', 'systemmohon', 'tingkat', 'kerja', 'apk', 'minat']	neutral
['aneh', 'sudah', 'foto', 'ktp', 'verifikasi', 'wajah', 'enggak', 'registrasi', 'ken', 'pindah', 'dari', 'aplikasi', 'bni']	negative
['kok', 'apk', 'bisa', 'buka', 'notifnya', 'kendala', 'tim', 'baik']	neutral
['terbaikk', 'mudah']	positive
['belum', 'ganti', 'pakai']	neutral
['keluar', 'aplikasi', 'wajar', 'tanggal', 'november', 'keluar', 'wonder', 'bayar', 'qris', 'jumpstart', 'jakarta', 'pusat', 'sidoarjo', 'bantu']	negative
['bayar', 'tagih', 'listrik', 'langsung', 'bni', 'mobile', 'suruh', 'pakai', 'wonder', 'download', 'daftar', 'pakai', 'ktp', 'foto', 'wajah', 'maksud', 'kayak', 'aplikasi', 'pinjol', 'aneh', 'bikin', 'aplikasi']	negative
['enggak', 'transaksi', 'punya', 'rekening', 'sendirisetiap', 'transaksi', 'arah', 'taplus', 'muda']	neutral
['bagus', 'aplikasi', 'enak', 'pakai', 'bni', 'mobile', 'pakai', 'wonder', 'ribet', 'bikin', 'pin', 'pasword', 'huruf', 'gede', 'angka', 'tanda', 'simple']	neutral
['mudah', 'efisien', 'guna']	positive
['pakai', 'langsung', 'error', 'keluarmau', 'loginkan', 'sinyal', 'bagus']	negative
['parah', 'sampai', 'kayak', 'gin', 'sudah', 'fitur', 'ngebug', 'enggak', 'akses', 'sekaliasli', 'enggak', 'transaksi', 'bah']	neutral
['mantap', 'mudah', 'transakai']	positive
['kasih', 'tarik', 'tunai', 'wondernyanice', 'langsung', 'update', 'keren', 'banget', 'admin', 'wonder']	positive
['diperbaikin', 'aplikasi', 'fitur', 'aktifasi', 'kartu', 'atmnya', 'aju', 'kartu', 'atmnya', 'aktifasi', 'kartu', 'atmnya', 'mohon', 'diperbaikin', 'diperbaikin', 'kasih', 'bintang', 'kecewa', 'nasabah', 'tolong', 'bni', 'fiturnya']	negative
['bingung', 'transaksi', 'eror', 'transaksi', 'susah', 'bagaimana', 'msak', 'banget', 'baik', 'banget', 'login', 'bikin', 'kesal', 'saja']	negative
['cepat', 'transaksi', 'lumayan', 'nyaman', 'minat', 'coba', 'pakai', 'sulit', 'kira']	positive
['halah', 'lengkap', 'bni', 'mobile', 'banking', 'modus', 'cari', 'nasabah', 'nyesal', 'daftar', 'punya', 'rekening', 'bni', 'fasilitas', 'bni', 'mobile', 'banking', 'kembang', 'penuhin', 'kapasitas', 'simpan', 'hp']	negative
['kasih', 'aplikasi', 'karena', 'mudah', 'transaksi', 'mesin', 'atm', 'wondr', 'by', 'bni', 'aplikasi', 'mobile', 'bank', 'bni', 'mudah', 'nasabah', 'guna', 'transaksi', 'online', 'transfer', 'ewaletbayar', 'qris', 'transfer', 'negeri', 'virtual', 'account', 'manajemen', 'kartu', 'mesin', 'atm', 'bni', 'kantor', 'cabang', 'terdekatdaptar', 'mudah', 'tinggal', 'downloadisi', 'data', 'verifikasi', 'ktp', 'selesai']	positive
['sore', 'kak', 'wondr', 'hp', 'aneh', 'buka', 'connect', 'wifi', 'pakai', 'paket', 'data', 'selular', 'cek', 'settingan', 'hp', 'metode', 'koneksi', 'wifi', 'paket', 'data', 'selular', 'aktif', 'aplikasi', 'internet', 'paket', 'data', 'selular', 'kecuali', 'wondr', 'hape', 'redmi', 'note', 'mohon', 'bantu', 'kak', 'susah', 'bayar', 'cari', 'wifi']	neutral
['tarik', 'tunai', 'kartu', 'ribet', 'pakai', 'no', 'otp', 'biarpun', 'pulsa', 'tolong', 'baik', 'biar', 'simpel', 'cepat', 'terima kasih']	neutral
['lelet', 'banget', 'stres', 'makainyabahkan', 'kadang', 'enggak', 'buka', 'sekalitolong', 'periksa', 'biar', 'bagus']	neutral
['sayang', 'banget', 'kalo', 'ambil', 'foto', 'enggak bisa', 'dari', 'galeri']	neutral
['saldo', 'cukup', 'aplikasi', 'cacing']	negative
['login', 'pakai', 'wifi', 'login', 'pakai', 'data']	negative
['aplikasi', 'ribet', 'pasword', 'susah', 'masuk', 'system', 'masuk', 'aplikasi', 'verifikasi', 'aplikasi', 'bni', 'banking']	negative
['terima', 'kasihwonder', 'bantu', 'transaksi']	positive
['pakai', 'wondr', 'muas', 'simple']	positive
['bayar', 'qris', 'gagal', 'loading', 'zaman', 'udha', 'canggih', 'aplikasi', 'enggak', 'sat', 'set', 'bagus', 'aplikasi', 'bni']	negative
['transaksi', 'mudah', 'leb', 'ih', 'cepat', 'fitur', 'dar', 'qris', 'isi', 'walet', 'bayar', 'listrik', 'bpjs', 'bayar', 'virtual']	positive
['semenjak', 'update', 'login', 'app']	neutral
['bagus', 'mudah', 'pakai']	positive
['log', 'ini', 'konfirmasi', 'ulang', 'gagal', 'verivikasi', 'wajah', 'sudah', 'mengikuti', 'instruksi', 'tetap', 'sayang', 'banget', 'bantu', 'transaksi', 'apk', 'bni', 'mobile', 'error']	negative
['bagus', 'manfaat']	positive
['alhamdulillah', 'aplikasi', 'mudah', 'gunakandan', 'transaksi', 'kendala']	positive
['aplikasi', 'kalo', 'buka', 'stak', 'logo', 'mulu', 'saran', 'pepet', 'darurat', 'moga', 'cepat', 'bebenah']	neutral
['bayar', 'virtual', 'account', 'bni', 'gagal', 'gagal']	neutral
['muas']	positive
['apresiasi', 'bebenah', 'segi', 'ui', 'kasih', 'binta', 'fitur', 'fitur', 'cardless', 'efisiensi', 'kirim', 'otp', 'sms', 'pulsa', 'fitur', 'cardless', 'ribet', 'malas', 'menyimpan', 'duit', 'gede', 'ribet', 'efisien']	neutral
['komplain', 'kalo', 'pakai', 'data', 'mutar', 'kalo', 'pakai', 'wifi', 'tolong', 'bantu']	neutral
['bantu', 'terkadang', 'bingung']	positive
['ramah', 'orang', 'tua', 'paham', 'teknologi', 'verifikasi', 'wajah', 'durasi', 'cepat', 'identifikasi', 'gagal']	neutral
['habis', 'registrasi', 'log', 'ini', 'kagi', 'registrasi', 'langsung', 'memasuki', 'password', 'ngulang']	negative
['ui', 'bagus', 'simpel', 'sayang', 'beberapa', 'fitur', 'sulit', 'cari', 'nampilin', 'button', 'lihat', 'kategori', 'baik', 'tampil', 'icon', 'feature', 'sedia', 'ganti', 'warna', 'button', 'warna', 'colok', 'putih']	neutral
['enak', 'simple', 'transaksi', 'mudah', 'limit', 'hari', 'transaksi', 'juta', 'virtual', 'aku']	neutral
['tbtb', 'aplikasi', 'stop', 'layar', 'tulis', 'wondr', 'doang', 'gamasuk', 'aplikasi', 'transaksi', 'susah', 'sudah', 'hapus', 'aplikasi', 'terus', 'download', 'aplikasi', 'payah', 'suruh', 'alih', 'bni', 'mobile', 'banking', 'lelet', 'wondr', 'by', 'bni', 'tau', 'sebal']	negative
['kak', 'aplikasi', 'wondr', 'transfer', 'rekening', 'bni', 'top', 'up', 'gopay', 'tulis', 'transaksi', 'gagal', 'update', 'aplikasi', 'baru', 'mohon', 'info']	negative
['bni', 'susah', 'akses', 'kendala', 'transaksi', 'tolong', 'dong', 'baik']	negative
['aplikasi', 'bagus', 'mudah', 'simple', 'mobile', 'banking', 'terimakasih', 'wondr', 'by', 'bni']	positive
['bagus', 'muas']	positive
['fiturfitur', 'keren', 'gampang', 'pakenya', 'transaksi', 'apa', 'cepat', 'sat', 'set', 'beres']	positive
['kasih', 'kali', 'donload', 'pakai', 'transaksi', 'bikin', 'transfer', 'va', 'bank', 'gagal', 'transaksi', 'saldo', 'potong', 'via', 'bni', 'mobile', 'enggak', 'transfer', 'va', 'tersebut', 'moga', 'aplikasi', 'bank', 'tanggung', 'kembali', 'saldo', 'updte', 'rating', 'selesai']	negative
['mudah', 'bantu', 'banget']	positive
['aplikasi', 'bantu']	positive
['erorbahaya', 'kalo', 'belanja', 'eror', 'malu', 'fitur', 'tarik', 'kartu']	negative
['susah', 'buka', 'aplikasi', 'buka', 'baik', 'aplikasi', 'kayak', 'gin']	neutral
['jelek', 'aplikasi', 'monopoli', 'kali', 'salah', 'memasuki', 'kode', 'otp', 'memasuki', 'kode', 'otp', 'bilang', 'ulang', 'proses', 'verifikasi', 'tetap', 'kode', 'otp', 'aplikasi', 'kirim', 'pemberitahuan', 'vahwa', 'kali', 'salah', 'audah', 'pakai', 'email', 'salah', 'daftar']	negative
['cepat', 'enggak', 'ribetlancar', 'jaya']	positive
['aplikasi', 'buka', 'fitur', 'contoh', 'mode', 'tranfer', 'virtual', 'account']	neutral
['keren', 'banget', 'aplikasi']	positive
['aplikasi', 'simple', 'banget', 'praktis', 'aplikasi', 'mantab', 'mudah', 'proses', 'enggak', 'ribet', 'top']	positive
['transfer', 'ikon', 'transfer', 'enggak', 'pencet', 'tolong', 'bagaimana', 'sudah', 'restart', 'hp', 'ganti', 'jringn', 'fitur', 'ada']	neutral
['repot', 'berulangulang', 'kali', 'berharihari', 'verifikasi', 'wajah', 'gagal', 'pakai', 'wajah', 'asli', 'fake', 'edit', 'bikin', 'aplikasi', 'sungguh', 'repot', 'coba', 'sesuai', 'gagal']	negative
['error', 'saldo', 'potong', 'transaksi', 'jaring', 'stabil', 'tolong', 'baik']	negative
['loading', 'qris']	negative
['hapus', 'apl', 'wondrapl', 'menjengkelkanbagusan', 'apl', 'bni', 'sajasaya', 'nasabah', 'bni', 'nyaman', 'dengan', 'apl', 'wondr']	negative
['serius', 'bni', 'kayak', 'gin', 'transaksi', 'gagal', 'duit', 'reff', 'buset', 'bagaimana', 'cerita', 'tera', 'tim', 'baik', 'gin', 'gin', 'mohon', 'coba', 'trf', 'kali', 'begitu', 'bujed', 'dah', 'reff', 'lah', 'kck', 'menunggu', 'menit', 'trf', 'appan', 'kagak', 'reff', 'lucu', 'benar', 'deh', 'hdehh', 'bank', 'kalo', 'sudah', 'masalah', 'reff', 'jir', 'gandi', 'reff', 'kck']	neutral
['aplikasi', 'tawar', 'fitur', 'lengkap', 'banget', 'pilih', 'warna', 'designnya', 'modern', 'mudah', 'baca', 'teks', 'fiturnya', 'userfriendly', 'banget', 'nyaman', 'memakai', 'aplikasi']	positive
['bni', 'keluar', 'aplikasi', 'cepat', 'mudah', 'terima', 'kasih', 'jaya', 'bni']	positive
['praktis', 'fast']	positive
['top', 'markotop', 'tinggal', 'isi', 'saldo']	positive
['bingung', 'transfer', 'dana', 'batas', 'nominal']	neutral
['aplikasi', 'loading', 'ken', 'isi', 'token', 'listrik', 'fiturnya', 'pakai', 'plis', 'token', 'listrik', 'deh', 'habis', 'kemarin']	neutral
['ku', 'lebih', 'sreg', 'aplikasi', 'sih', 'min', 'karena', 'disana', 'terang', 'sumber', 'pasu', 'keluar', 'lebih', 'detail', 'ku', 'invest', 'orisinal', 'sr', 'st', 'seri', 'berapa', 'tera', 'terang', 'wondr', 'biar', 'catat', 'uang', 'sumber', 'uang', 'mana', 'makas']	neutral
['aplikasi', 'bagus', 'mudah', 'guna', 'bantu', 'aplikasi', 'bni', 'terima', 'kasih', 'ya']	positive
['pribadi', 'suka', 'aplikasi', 'wondr', 'simple', 'cepat', 'tulis', 'mudah', 'baca']	positive
['suka', 'karena', 'tampil', 'sisa', 'saldo', 'saldo', 'kayak', 'dimbanking', 'bni', 'padahal', 'bantu', 'kaum', 'suka', 'lupa', 'habis', 'transaksi', 'saldo', 'sebelumnya', 'berapa', 'tampil', 'kayak', 'begini', 'mah', 'beda', 'dengan', 'mbanking', 'pada', 'moga', 'wonder', 'bisa', 'baik', 'seperti', 'mbanking', 'bni', 'sebelumnya']	neutral
['mudah', 'aman']	positive
['susah', 'kali', 'kali', 'gagal', 'rua', 'daftar', 'wondr', 'by', 'bni', 'jalan', 'verifikasi', 'wajah', 'masuk', 'alamat', 'cabamg', 'dekat', 'kunci', 'gagal', 'isi', 'kolom', 'kunci', 'enggak', 'tau']	negative
['aktifasi', 'deteksi', 'wajah', 'suruh', 'kedip', 'sudah', 'kali', 'tetap', 'gagal']	neutral
['aplikasi', 'buka', 'begini', 'nanti', 'kalau', 'bagus', 'kasih', 'bintang']	neutral
['bantu', 'semua', 'transaksi']	positive
['wondr', 'simpel', 'transaksi', 'lancar', 'mudah']	positive
['buruk', 'enggak', 'aplikasi', 'sama', 'dikit', 'ganguan', 'terus']	neutral
['susah', 'banget', 'verifikasi', 'wajah', 'sudah', 'kayak', 'pelintir', 'leher', 'sayq', 'suruh', 'ngadep', 'kanan', 'gilir', 'ngadep', 'suruh', 'hilang', 'ulang']	positive
['simpelgood']	positive
['bantu', 'cepat']	positive
['bagus', 'aplikasi', 'mudah', 'transaksi']	positive
['aplikasi', 'enggak', 'loading', 'berjamjam', 'tolong', 'cepat', 'loadingnya', 'sudah', 'rangkap', 'loading', 'ngisi', 'sandi', 'loading', 'banget', 'cepat', 'bagaimana', 'transaksi', 'loadingnya']	negative
['bagus', 'terus', 'tingkat', 'ya']	positive
['tampil', 'user', 'friendly', 'transaksi', 'kartu', 'mudah', 'user', 'transaksi', 'kode', 'otp', 'sedia', 'opsi', 'via', 'email', 'whatsapp', 'chat', 'sedia', 'pulsa', 'kode', 'otp']	positive
['sudah', 'lumayan', 'lengkap', 'aplikasi', 'bagus', 'cuman', 'fitur', 'setor', 'tunai', 'bintang', 'deh', 'lengkap', 'fiturnya']	positive
['aplikasi', 'bagus', 'bantu', 'mudah', 'user', 'moga', 'kembang', 'ya', 'aplikasi']	positive
['habis', 'verifikasi', 'sudah', 'menunggu', 'jam', 'eh', 'suruh', 'verifikasi', 'menunggu', 'jam', 'payah']	negative
['bantu', 'aplikasi']	positive
['bagaimana', 'min', 'loginn', 'ktp', 'cumann', 'tulis', 'kendala', 'memang', 'kendala', 'bagaimana', 'min', 'maksudnya', 'scen', 'ktp', 'sudah', 'masuk', 'toloong', 'min', 'h', 'terus', 'mohon', 'bantuanya', 'kak', 'kendala', 'tadi', 'pagi', 'login', 'apknya', 'login', 'ktp', 'proses', 'cumna', 'ingat', 'kendala', 'tim', 'baik', 'tau', 'min', 'tau']	neutral
['apk', 'jelek', 'sudah', 'enggak', 'buka', 'tolong', 'tingkat', 'canggih', 'kayak', 'tetangga', 'belah', 'enggak', 'ribet', 'begitu']	negative
['jaring', 'hp', 'bagus', 'isi', 'pulsa', 'kali', 'kali', 'gagal', 'terus', 'ribet', 'transaksi', 'gagal', 'terus', 'screenshoot', 'repot', 'aplikasi']	negative
['aplikasi', 'isi', 'token', 'bni', 'ribet', 'install', 'app', 'pokok', 'enak', 'bni', 'mobile', 'bangking', 'transaksi', 'ah', 'payah']	negative
['saran', 'sajawaktu', 'transaksi', 'dana', 'shope', 'dll', 'bagus', 'nomor', 'ditutupimengapa', 'tutup', 'nomor', 'muncul', 'nama', 'orang', 'tutup', 'semuaseharunya', 'muncul', 'cocok', 'pilih', 'masuk', 'pin']	positive
['puas', 'apknya']	positive
['mengerti', 'bagaimana', 'aplikasi', 'benar', 'kepakesekali', 'doang', 'bikin', 'akun', 'loginnyakesini', 'dipakai', 'samsek', 'login', 'mana', 'verifikasi', 'mulu', 'ganti', 'sandi', 'akun', 'macam', 'pokok', 'kepake']	negative
['ribet', 'tarik', 'tunai', 'otp', 'masuk', 'kenapa', 'otp', 'skalian', 'dmunculin', 'aplikasi', 'sih', 'enak', 'bikin', 'ribet', 'proper', 'aplikasi', 'belah', 'skalian', 'kode', 'dmunculin', 'aplikasi']	negative
['manfaat', 'cepat', 'mudah', 'praktis']	positive
['guna', 'mobil', 'banking', 'bnimau', 'bayar', 'bayar', 'bisadisuruh', 'alih', 'wondrmau', 'masuk', 'suruh', 'selfie', 'pakai', 'ktpemangnya', 'pinjolnanti', 'data', 'disalahgunakansiapa', 'tanggung', 'jawabbni', 'ribetkapok', 'pakai', 'bni']	negative
['bagaimana', 'sih', 'tarik', 'tunai', 'kartu', 'app', 'jengkel', 'mencari', 'enggak ada', 'bagus', 'artefak', 'enggak bisa', 'tarik', 'tunai', 'alfa', 'saja', 'bikin', 'jengkel']	neutral
['buka', 'login', 'lot', 'fitur', 'terima', 'dana']	neutral
['saran', 'baik', 'sistem', 'jam', 'salah', 'perbaikanpengoptimalan', 'jam', 'malam', 'ganggu', 'transaksi', 'nasabah', 'siang']	neutral
['aplikasi', 'mudah', 'nyaman', 'transaksi']	positive
['pakai', 'wondr', 'jam', 'lancar', 'lsngsung', 'enggak', 'buka', 'muncul', 'verifikasi', 'tambah', 'bank']	neutral
['aman', 'akun', 'aplikasi']	negative
['fitur', 'mobile', 'tunai', 'sedia', 'kayak', 'setor', 'tunai', 'tarik', 'tunai', 'kartu']	neutral
['update', 'ribet', 'kayak', 'menu', 'aksesibilitas', 'menu', 'dipakai', 'karena', 'gue', 'izinin', 'mending', 'enggak', 'mengurusi', 'begituan', 'at', 'least', 'kalo', 'biarkan', 'kasih', 'menu', 'konsent', 'biar', 'nanggung', 'mind', 'your', 'own', 'business']	negative
['sudah', 'akun', 'enggak', 'login', 'muncul', 'syarat', 'tentu', 'sudah', 'tuju', 'sesi', 'begitu', 'enggak', 'loginnya']	neutral
['bintang', 'terang', 'transaksi', 'muncul', 'history', 'transaksi', 'aplikasi', 'muncul', 'ganti', 'bintang']	neutral
['enggak', 'download', 'bantu', 'security', 'bank', 'nyadari', 'pagi', 'sampai', 'sore', 'enggak', 'downloadpadahal', 'sudah', 'pakai', 'wifealamat', 'gagal', 'bikin', 'mbanking']	negative
['keren', 'aplikasnya', 'mudah', 'paham', 'ribet', 'akses', 'bagus', 'promoan', 'loh']	positive
['aplikasi', 'wonder', 'tampil', 'tarik', 'praktis', 'guna', 'lebih', 'canggih', 'bni', 'urus', 'pin', 'blokir', 'wkwk']	positive
['membantuh', 'urus', 'selesai', 'singkat']	positive
['deh', 'pakai', 'wondr', 'bni', 'ganti', 'hp', 'hp', 'masuk', 'gagal', 'terang', 'masuk', 'kreteria', 'wondr', 'begitu', 'deh', 'berapa', 'kali', 'coba', 'tetap', 'gagal', 'solusi']	neutral
['aplikasi', 'tolol', 'benar', 'pakai', 'bni', 'mobile', 'isi', 'token', 'suruh', 'aplikasi', 'gilir', 'sudah', 'download', 'isi', 'token', 'enggak', 'mending', 'hapus', 'aplikasi', 'benaran', 'enak']	negative
['lot', 'nge', 'hang']	neutral
['aplikasi', 'bantu', 'mudah', 'nasabah', 'transaksi', 'masuk', 'developer', 'rincian', 'transaksi', 'jelas', 'transaksi', 'bank', 'konvensional', 'nama', 'kirim', 'cantum', 'bingung', 'transaksi', 'masuk', 'bni', 'mobile', 'banking', 'terima', 'kasih']	neutral
['susah', 'kenal', 'wajah', 'bisa', 'bagus', 'mbanking', 'bisa', 'transfer', 'kartu', 'eh', 'bikin', 'aplikasi', 'ribet', 'gin']	negative
['ribet', 'nomor', 'token', 'simpan']	negative
['instal', 'sistem', 'maintenance', 'teman', 'mendownload', 'bareng', 'solusi']	neutral
['update', 'aplnya', 'kendala', 'bintang', 'sisa']	positive
['bugnya', 'masuk', 'susah', 'sekali', 'masuk', 'enggak bisa', 'transaksi']	neutral
['aplikasi', 'mudah', 'promonya', 'maju', 'bni']	positive
['puas', 'layan']	positive
['cepat', 'mobile', 'banking', 'sudah', 'enggak', 'password', 'transaksi', 'mantap']	positive
['fiturnya', 'bagustapi', 'bikin', 'verifikasi', 'pin', 'selalu', 'tulis', 'salah', 'sistem', 'terus', 'verifikasi', 'ulang', 'pin', 'henti', 'situ', 'enggak', 'halaman', 'selanjutnyaini', 'sudah', 'inikendalanya', 'habis', 'foto', 'ktp', 'ngisi', 'nomor', 'kartu', 'habis', 'verifikasi', 'pinbikin', 'pinnah', 'ngisi', 'pin', 'selalu', 'tulis', 'maaf', 'salah', 'sistemterus', 'coba', 'kannah', 'henti', 'situ', 'masuk', 'akun']	neutral
['aplikasi', 'wondr', 'by', 'bni', 'mantap']	positive
['ribet', 'ajasy', 'timbang', 'tutup', 'rekening', 'depan', 'rubah', 'konsep', 'mending', 'ganti', 'aplikasi', 'ebankingnya', 'indak', 'nambahin', 'aplikasi']	negative
['downlod', 'susah', 'verifikasi', 'wajah', 'gagal', 'padhal', 'ikut', 'pandu', 'sampai', 'sekarang', 'masuk']	neutral
['bintang', 'fitur', 'mohon', 'tingkat']	neutral
['mudah', 'langgan', 'transaksi']	positive
['senang', 'ber', 'trans', 'saksi', 'wonder', 'mudah']	positive
['sumpah', 'enggak', 'apk', 'wonder', 'transaksi', 'sila', 'hubung', 'bni', 'dekat', 'aneh', 'apk', 'enggak', 'nelvn', 'bninya', 'enggak', 'solusi', 'ujung', 'suruh', 'kantor', 'bagaimana', 'kalo', 'darurat', 'enggak']	negative
['benar', 'benar', 'brengsek', 'lupa', 'pin', 'kantorknpsi', 'harus', 'kantor', 'bayar', 'cc', 'telat', 'kanga', 'pintar', 'bank', 'apk', 'kaku', 'administratif']	negative
['tolong', 'tambahkan', 'notif', 'langsung', 'aplikasi', 'notif', 'email']	positive
['bagus', 'banget', 'apk', 'mudah', 'transaksi', 'hari', 'hariwalau', 'kadang', 'kadang', 'ngelag', 'sih']	positive
['aplikasi', 'burut', 'coba', 'daftar', 'enggak', 'bintang', 'minus', 'kasih', 'bintang', 'minus']	negative
['mudah', 'pahamidan', 'registrasi', 'ribet', 'segi', 'tampil', 'desain', 'apk', 'menarikmonoton', 'benget', 'kendala', 'transaksimending', 'pakai', 'apk', 'bni', 'mobile']	negative
['transaksi', 'mudah', 'pakai', 'wondr', 'by', 'bni']	positive
['transaksi', 'kouta', 'internet', 'gagal', 'ulang', 'gagal', 'saldo', 'kurang', 'terus', 'kacau', 'apk', 'ganti']	negative
['mudah', 'praktis', 'sukses', 'bni']	positive
['aplikasi', 'guna', 'guna', 'kartu', 'bank', 'bniselain', 'mudah', 'transaksi', 'nasabah', 'fitur', 'life', 'goals', 'lifestyle', 'bayar', 'beli', 'lengkap', 'deposito', 'valuta', 'asing', 'express', 'top', 'up', 'tapcash', 'transfer', 'valuta', 'asing']	positive
['alih', 'mobile', 'banking', 'aplikasi', 'wondr', 'tampil', 'enak', 'lengkap', 'promo', 'pakai', 'wondr', 'kalo', 'top', 'up', 'ewallet', 'enggak', 'kena', 'admin', 'mantap']	positive
['suka', 'banget', 'apk', 'wondr', 'by', 'bni', 'karena', 'mudah', 'transaksi', 'mana', 'mana', 'fiturnya', 'gampang', 'akses', 'tampil', 'bingung', 'aplikasi', 'worth', 'itu', 'diinstall', 'karena', 'pakai', 'aplikasi', 'bolak', 'atmbank', 'terimakasih', 'wondr', 'by', 'bni', 'love', 'love', 'love']	positive
['bantu', 'mudah']	positive
['instal', 'sistem', 'maintenance', 'teman', 'mendownload', 'bareng', 'solusi']	neutral
['transaksi', 'mudah', 'bantu']	positive
['kayak', 'belum', 'optimal', 'wondr', 'sering', 'baik', 'ssah', 'buka', 'transaksi', 'cepat', 'terus', 'baik', 'sudah', 'optimal', 'kasih', 'bintang']	neutral
['wondr', 'bni', 'lancar', 'banget', 'menu', 'transaksi', 'lengkap', 'ayo', 'buru', 'download']	positive
['lengkap', 'praktis', 'bayar', 'beli', 'gampang', 'pesan', 'tiket', 'mudah', 'pokok', 'suka', 'banget', 'pakai', 'aplikasi']	positive
['susah', 'buka', 'aplikasinyatolong', 'baik', 'cepat']	neutral
['transfer', 'bri', 'link', 'kali', 'baca', 'dana', 'masuk', 'wonder', 'bnibagaimana', 'nih']	neutral
['wow']	positive
['fiturnya', 'bagustapi', 'bikin', 'verifikasi', 'pin', 'selalu', 'tulis', 'salah', 'sistem', 'terus', 'verifikasi', 'ulang', 'pin', 'henti', 'situ', 'enggak', 'halaman', 'selanjutnyaini', 'sudah', 'inikendalanya', 'habis', 'foto', 'ktp', 'ngisi', 'nomor', 'kartu', 'habis', 'verifikasi', 'pinbikin', 'pinnah', 'ngisi', 'pin', 'selalu', 'tulis', 'maaf', 'salah', 'sistemterus', 'coba', 'kannah', 'henti', 'situ', 'masuk', 'akun']	neutral
['kurang', 'fungsi', 'menu', 'dalam', 'harap', 'depan', 'kembang', 'efisien', 'optimal', 'aplikasi']	positive
['lumayan', 'terkadang', 'jam', 'malam', 'susah', 'menarik']	neutral
['bni', 'mbanking', 'dulu', 'fitur', 'mobile', 'tunai', 'tarik', 'tunai', 'kartu', 'atm', 'wondr', 'enggak ada', 'fitur', 'fitur', 'karena', 'bantu', 'banget']	neutral
['aplikasi', 'nyaman', 'pakai']	positive
['bantu', 'mudah', 'enggak', 'ribet', 'trimakasih', 'wonder', 'by', 'bni']	positive
['tolonglahmau', 'stor', 'tunai', 'aplikasi', 'bni', 'wondr', 'tolong', 'baik', 'dikembangkankan', 'apknya']	negative
['keren', 'cepat', 'mudah', 'banget']	positive
['bagus', 'cepat', 'transaksi']	positive
['tarik', 'tunai', 'kartu', 'ribet', 'pakai', 'no', 'otp', 'biarpun', 'pulsa', 'tolong', 'baik', 'biar', 'simpel', 'cepat', 'terima kasih']	neutral
['aplikasi', 'buka', 'pakai', 'wifi', 'pakai', 'paket', 'data', 'tolong', 'baik']	neutral
['ribet', 'suruh', 'klarifikasi', 'wajah', 'salah', 'password', 'fungsi', 'aplikasi', 'mudah', 'guna', 'sulit']	negative
['kecewa', 'bni', 'wonder', 'buka', 'bantu', 'kantor', 'dekat', 'transaksi', 'katornya', 'buang', 'buang']	neutral
['bayar', 'qris', 'tera', 'hasil', 'buka', 'email', 'tulis', 'saldo', 'kembalikantp', 'nyata', 'saldo', 'kurang']	neutral
['suka', 'antarmuka', 'guna', 'ui', 'aplikasi', 'wondr', 'bni', 'desain', 'bersih', 'mudah', 'paham', 'cepat', 'temu', 'butuh', 'navigasi', 'lancar', 'warna', 'teks', 'nyaman', 'mata', 'aplikasi', 'responsif', 'alam', 'guna', 'senang']	positive
['aplikasi', 'bagus', 'tampil', 'desain', 'simpel', 'catat', 'pasu', 'keluar', 'real', 'time', 'enggak', 'data', 'takut', 'kalo', 'trimakasih', 'transfer', 'teman', 'enggak', 'menampak', 'uang', 'pasu', 'realtime', 'ayo', 'update', 'aplikasi', 'min', 'realtime']	positive
['apl', 'bagus', 'rekap', 'uang', 'bandingkan', 'pasu', 'keluar']	positive
['bagus', 'rekap', 'transaksi', 'perinci']	positive
['keren', 'cepat', 'bravo', 'bni']	positive
['keren', 'wondr', 'by', 'bni', 'transaksi', 'beli', 'token', 'listrik', 'gagal', 'saldo', 'tetap', 'sedot', 'kembali', 'uh', 'menyesal', 'beli', 'token', 'listrik', 'pakai', 'wondr', 'by', 'bni', 'rekomendasi', 'pakai', 'app', 'baik', 'jamin', 'layan', 'nyaman', 'aman']	negative
['sudah', 'kirim', 'kode', 'otp', 'email', 'aktivasi', 'email', 'diinput', 'aktivasi', 'info', 'kode', 'otp', 'salah', 'pusing', 'eh', 'berlulang', 'ulang', 'kirim', 'kode', 'otp', 'email', 'diinput', 'tulis', 'kode', 'otp', 'salah', 'habis', 'limit', 'aktivasi', 'hari']	negative
['alat', 'transfer', 'mantapcepat', 'mudah']	positive
['enggak bisa', 'buka', 'tulis', 'daftar', 'menu', 'login', 'daftar', 'penuh', 'pakai', 'transaksi', 'beli', 'token', 'aplikasi', 'masuk', 'daftar', 'menu', 'loginnya']	negative
['tampil', 'tarik', 'buka', 'loading', 'banding', 'tolong', 'cepat', 'masuk', 'aplikasi']	neutral
['aplikasi', 'bni', 'mudah', 'transaksi', 'cashless', 'feature', 'qris', 'halaman', 'shortcut', 'bayar', 'sat', 'set', 'ringkas', 'transaksi', 'keluar', 'masuk', 'bulan', 'senang']	positive
['ribet', 'banget', 'ganti', 'password', 'ganti', 'pin', 'pakai', 'foto', 'ktp', 'input', 'nomor', 'rekening', 'bolak', 'salah', 'password', 'pin', 'proses', 'suruh', 'ulang', 'besok', 'koneksi', 'internet', 'bagus', 'moga', 'data', 'ktp', 'aman']	negative
['sayang', 'nomor', 'rekening', 'save', 'bayar', 'pdam', 'listrik', 'nomor', 'langgan', 'save', 'bayar', 'harua', 'masuk', 'nomor', 'langgan', 'ribet']	neutral
['ramah', 'orang', 'tua', 'paham', 'teknologi', 'verifikasi', 'wajah', 'durasi', 'cepat', 'identifikasi', 'gagal']	neutral
['mantap', 'fiturnya']	positive
['susah', 'login', 'aktif', 'sidik', 'jari', 'masuk', 'password', 'pin', 'login', 'terkadang', 'sidik', 'jari', 'aktif', 'tangan', 'basah', 'lupa', 'password', 'repot', 'repot', 'sedia', 'ktp', 'verifikasi', 'saran', 'metode', 'login', 'biometrik', 'passwordpin']	neutral
['mudah']	positive
['aplikasi', 'terbaikpraktis', 'mudah', 'aplikasi', 'bermanfaatdan', 'lancar', 'keti']	positive
['versi', 'poco', 'f', 'proses', 'ttd', 'langsung', 'menu', 'utama', 'ulang', 'proses']	neutral
['aplikasi', 'bagus', 'banget', 'transaksi', 'belanjamau', 'transfer', 'mudah', 'mana', 'punbintang', 'wondr', 'by', 'bniyang', 'mudah', 'transaksi', 'ku']	positive
['maintenance', 'mulu', 'orang', 'buru', 'menunggu']	neutral
['mantap', 'mudah', 'transaksi', 'tingkat', 'masyarakat', 'nikmat', 'mudah', 'bank', 'bni', 'milik']	positive
['aplikasi', 'wondr', 'terkadang', 'transfer', 'bi', 'fast', 'rekening', 'aplikasi', 'bni', 'mobile', 'banking', 'transfer', 'bi', 'fast', 'rekening', 'tolong', 'baik']	neutral
['fiturnya', 'bagustapi', 'bikin', 'verifikasi', 'pin', 'selalu', 'tulis', 'salah', 'sistem', 'terus', 'verifikasi', 'ulang', 'pin', 'henti', 'situ', 'enggak', 'halaman', 'selanjutnyaini', 'sudah', 'inikendalanya', 'habis', 'foto', 'ktp', 'ngisi', 'nomor', 'kartu', 'habis', 'verifikasi', 'pinbikin', 'pinnah', 'ngisi', 'pin', 'selalu', 'tulis', 'maaf', 'salah', 'sistemterus', 'coba', 'kannah', 'henti', 'situ', 'masuk', 'akun']	neutral
['nyaman', 'mudah', 'transaksi', 'bentuk', 'apa']	positive
['bagus', 'cepat', 'dalam', 'transaksi']	positive
['nge', 'bug', 'hasil', 'daftar', 'akunlalu', 'log', 'out', 'login', 'ulang', 'masuk', 'menu', 'bijak', 'syarat', 'daftar', 'hmm', 'hmmaplikasi', 'kelas', 'bumn']	neutral
['kenapa', 'instal', 'apk', 'daftar', 'apk', 'data', 'hilang', 'masuk', 'dari']	neutral
['kaget', 'aplikasi', 'fiturnya', 'lengkap', 'bayar', 'listrik', 'tagih', 'beli', 'pulsa', 'cepat', 'banget', 'masuk', 'aman', 'enak', 'jaga', 'banget', 'sudah', 'kuputusin', 'transaksi', 'aplikasi', 'top', 'markotoop']	positive
['bagaimana', 'habis', 'update', 'enggak bisa', 'login', 'bagi', 'persayaratan', 'tulis', 'sesi', 'habis']	negative
['wonder', 'keren', 'penuh', 'tampil', 'segar', 'milenial', 'mudah', 'fitur', 'cepat', 'simpel', 'pakai', 'ribet']	positive
['bagus', 'layan']	positive
['coba', 'baik', 'kirim', 'va', 'diarahin', 'ewallet', 'bagaimana', 'sih']	neutral
['aplikasi', 'jelek', 'duet', 'gue', 'hilang', 'transaksi', 'qris', 'payah', 'bug', 'malam', 'jam', 'wonder', 'gagal', 'transaksi', 'kalo', 'ngeluncurin', 'aplikasi', 'enggak', 'nyaman', 'nasabah', 'bni', 'sumpah', 'aplikasi', 'sampah', 'kok', 'kalah', 'bank', 'bribca', 'mandiri', 'pernh', 'ganggu', 'malam']	negative
['bagus', 'layan']	neutral
['notifikasi', 'uang', 'masuk', 'delaynya', 'lamakadang', 'notifikasi', 'notif', 'on']	neutral
['wehdaftar', 'mudah', 'enggak', 'pakai', 'lamasaya', 'coba', 'memang', 'bank', 'bni', 'sudah', 'enggak', 'ragu', 'percaya', 'transaksi', 'mana', 'sajaburuan', 'bikin', 'mudah', 'transaksi', 'digital']	positive
['baik', 'sistem', 'sudah', 'kali', 'transaksi', 'tulis', 'hasil', 'belum', 'masuk']	neutral
['error', 'ready', 'massal', 'registrasi', 'masuk', 'suruh', 'registrasi', 'ulang', 'foto', 'ktp', 'dll']	negative
['aplikasi', 'enggak', 'masuk', 'masuk', 'login', 'fitur', 'enggak', 'mudah', 'paham', 'enggak', 'sesuai', 'komentar', 'mudah']	negative
['bagus', 'aplikasi', 'bni', 'mobile', 'dulujika', 'bayar', 'tagih', 'pakai', 'mengetik', 'ulangsudah', 'simpan', 'sendirinyaini', 'wonder', 'kali', 'transaksi', 'bayarharus', 'mengetik', 'ulangga', 'pilih', 'simpan']	neutral
['duh', 'saldo', 'banyak', 'susah', 'transfer', 'dana', 'rekening']	neutral
['pakai', 'ikd', 'coba', 'verifikasi', 'wajah', 'sudah', 'ulang', 'coba', 'sruh', 'besok', 'coba', 'pada', 'butuh', 'setor', 'tunai', 'cepat']	negative
['moga', 'userfriendly', 'aman']	positive
['rekomendasi', 'aplikasi', 'eror', 'masak', 'beli', 'token', 'listrik', 'status', 'gagal', 'uang', 'tetap', 'potong', 'sampai', 'coba', 'kali', 'dasar', 'aplikasi', 'kesini', 'enggak', 'waras', 'kalo', 'kayak', 'gin', 'orang', 'orang', 'pindah', 'bank']	negative
['login', 'sruh', 'login', 'karena', 'sesi', 'habis', 'login', 'suguh', 'sarat', 'tentu', 'guna']	negative
['update', 'tadi', 'malam', 'update', 'lambat', 'banget', 'aplikasi', 'login', 'menunggu', 'menit']	negative
['login', 'kak', 'sinyal', 'bagus']	neutral
['bug', 'login', 'aplikasi', 'masuk', 'aplikasi', 'terang', 'syarat', 'tentu', 'terus', 'checklist', 'muncul', 'sesi', 'silah', 'login', 'terus', 'mohon', 'fix', 'user', 'nyaman', 'aplikasi']	neutral
['susah', 'verifikasi', 'wajah', 'doang']	negative
['aplikasi', 'praktis', 'mudah', 'payment', 'bayar', 'cashless', 'serta', 'promo', 'diskon', 'guna', 'bantu']	positive
['tampil', 'fresh', 'guna', 'sederhana', 'harap', 'depan', 'moga', 'transaksi', 'wondr']	positive
['jujur', 'aplikasi', 'paksa', 'paksa', 'download', 'kalo', 'bank', 'fakta', 'fiturnya', 'enggak', 'lengkap', 'kayak', 'aplikasi', 'terang', 'riwayat', 'mutasi', 'lengkap', 'saldo', 'tera', 'mutasi', 'aplikasi', 'mutasi', 'terang', 'sisa', 'saldo', 'tolong', 'benah', 'aplikasi', 'paksa', 'paksa', 'unduh']	negative
['verifikasi', 'wajah', 'susah', 'acc', 'terang', 'gambar', 'tolong', 'baik', 'aplikasi']	positive
['notifikasi', 'berulangkali', 'sampai', 'kali', 'beda', 'kali', 'masuk', 'apk', 'kena', 'scam', 'tolong', 'baik']	neutral
['lihat', 'histori', 'kalo', 'nagih', 'enggak', 'byrtapi', 'libur']	neutral
['mudah', 'transaksi']	positive
['trimakasih', 'wondr', 'knyamanan', 'ber', 'transaksi', 'tingkat', 'aman']	positive
['aplikasi', 'bantu', 'transsksi']	positive
['sudah', 'bagus', 'transaksi', 'qris', 'sudah', 'enak', 'memakai', 'pin', 'enggak', 'kayak', 'bni', 'mobile', 'password', 'tinggal', 'keluarkan', 'fitur', 'tap', 'tapi', 'pay', 'biar', 'seamless', 'bayar']	positive
['daftar', 'verifikasi', 'wajah']	neutral
['guna', 'tidak', 'sama', 'bank', 'king']	positive
['aplikasi', 'hasil', 'login', 'transaksi', 'log', 'out', 'aplikasi', 'login', 'kondisi', 'kali', 'daftar']	negative
['mudah', 'bantu']	positive
['kali', 'enggak bisa', 'buka', 'apk', 'malu', 'bayar', 'aneh', 'baik', 'terus', 'kayak', 'enggak bisa', 'bni', 'dipakai', 'urgen']	negative
['fiturnya', 'bagus', 'diupdate', 'efisien', 'mbanking', 'lamasaya', 'kali', 'kali', 'gagal', 'dalam', 'transaksi', 'coba', 'baik', 'khususuny', 'kaum', 'cashlessmakasih']	negative
['sudah', 'benar', 'pakai', 'mobile', 'banking', 'bni', 'pakai', 'ganti', 'wondr', 'mending', 'bagus', 'lot', 'error', 'orang', 'mah', 'baik', 'aplikasi', 'pakai', 'wondr', 'parah', 'monyet', 'rating', 'lu', 'menunggu', 'turun', 'wkwkwk']	negative
['tolong', 'aplikasi', 'tingkat', 'buka', 'transaksitolong', 'baik']	positive
['aplikasi', 'kalo', 'miripmenurut', 'bni', 'mobile', 'sjsaya', 'download', 'karena', 'bni', 'mobile', 'sudah', 'mobile', 'tunai', 'setor', 'tarikdan', 'alih', 'wondertp', 'wonder', 'gila']	neutral
['aplikasi', 'buka', 'muncul', 'tulisanaplikasi', 'wonder', 'baik']	neutral
['keren', 'banget', 'bantu']	positive
['aplikasi', 'bagusmudah', 'transaksi', 'ganggu', 'sulit', 'meng', 'akses']	negative
['install', 'daftar', 'beres', 'hasil', 'logout', 'aplikasi', 'coba', 'login', 'halaman', 'tuju', 'guna', 'aplikasi', 'daftar', 'dicentangin', 'notif', 'sesi', 'selesai', 'instruksi', 'login', 'aplikasi', 'halaman', 'login', 'halaman', 'daftar', 'mobile', 'banking', 'pakai', 'wondr', 'ribet']	neutral
['sih', 'mudah', 'aplikasi', 'potong', 'adminnya']	neutral
['cepat', 'terus', 'cari', 'nomor', 'wa']	positive
['praktis', 'simple']	positive
['knapa', 'enggak', 'loging', 'daftar', 'tulis', 'atm', 'terblokirpadahal', 'bank', 'buka', 'blokiranyaini', 'bni', 'customer', 'service', 'tipu']	negative
['keren', 'ubah', 'ubah', 'aneh', 'ubah', 'stabil']	positive
['kurang', 'cuman', 'transaksi', 'kartu', 'setor', 'tunai', 'atm', 'sayang', 'aplikasi', 'bagus']	positive
['parah', 'sih', 'hari', 'mbanking', 'enggak', 'buka', 'tampil', 'wonder', 'by', 'bni', 'muncul', 'ganggu', 'butuh', 'belanja', 'teman', 'kantor', 'enggak', 'akses', 'tolong', 'cek', 'kayak', 'gin', 'bagus', 'belah']	negative
['mobile', 'banking', 'buruk', 'top', 'up', 'e', 'wallet', 'enggak', 'alas', 'nomor', 'enggak', 'daftar', 'akun', 'e', 'wallet']	negative
['wiffi', 'login', 'akses', 'pket', 'data', 'tolong', 'baik', 'terimakasih']	neutral
['cepat', 'sat', 'set', 'tampil', 'warna', 'wondr', 'fresh', 'neng', 'lihat', 'wondr', 'wonderful']	positive
['mudah', 'transaksi']	positive
['bni', 'layan', 'alas', 'dplk', 'bni', 'main', 'alas', 'tugas', 'bni', 'beda', 'sekarang', 'susah', 'nasabah', 'mending', 'nasabah', 'bni', 'pindah', 'buku', 'tabung']	negative
['sistem', 'cepat', 'ribet']	positive
['nama', 'aplikasi', 'kembang', 'plus', 'minus', 'aktif', 'transaksi', 'gampang', 'detail', 'misa', 'untuk', 'reset', 'atm', 'lupa', 'eh', 'aplikasi', 'wondr', 'aset', 'pampang', 'nyata', 'wondr', 'produk', 'asuransi', 'bni', 'life', 'langsung', 'tera', 'wondr', 'tarik', 'milenial', 'gampang', 'aplikasi']	positive
['proses', 'muas']	positive
['aplikasi', 'apa', 'verivikasi', 'wajah', 'butuh', 'ulang', 'kali', 'kali']	negative
['aplikasi', 'ter', 'keren', 'mudah', 'aktivasinya', 'fitur', 'fitur', 'dalam', 'mudah', 'transaksi']	positive
['mudah', 'transaksi', 'tingkat', 'layan']	positive
['password', 'salah', 'login', 'ganti', 'password', 'kali', 'suruh', 'scan', 'ktp', 'begitu']	negative
['error', 'masuk', 'halaman', 'login', 'enggak', 'bni', 'mobile', 'batas', 'bni', 'bank', 'ayo', 'aplikasi', 'baik']	neutral
['bagaimana', 'sih', 'tarik', 'tunai', 'kartu', 'app', 'jengkel', 'mencari', 'enggak ada', 'bagus', 'artefak', 'enggak bisa', 'tarik', 'tunai', 'alfa', 'saja', 'bikin', 'jengkel']	neutral
['layan', 'online', 'moga', 'manfaat']	positive
['aplikasi', 'enak', 'banget', 'digunain', 'transaksi', 'digital', 'gampang', 'repot', 'fiturnya', 'praktis', 'mudah', 'erti', 'suka', 'pakai', 'wondr', 'by', 'bni']	positive
['mudah', 'guna']	positive
['bantu', 'gampang', 'enggak', 'ribet']	positive
['desain', 'uiux', 'padu', 'warna', 'soft', 'nyaman', 'aplikasi', 'mudah', 'enggak', 'bug', 'moga', 'depan', 'tingkat']	positive
['aplikasi', 'transaksi', 'ewalet', 'macam', 'transfer', 'duit', 'akun', 'potong']	negative
['bagus', 'guna', 'mudah', 'difahami', 'khalayak']	positive
['verifikasi', 'email', 'salah', 'sesuai', 'kode', 'otp', 'fikir', 'komen', 'hoax', 'benar', 'alami']	negative
['susah', 'login', 'aktif', 'sidik', 'jari', 'masuk', 'password', 'pin', 'login', 'terkadang', 'sidik', 'jari', 'aktif', 'tangan', 'basah', 'lupa', 'password', 'repot', 'repot', 'sedia', 'ktp', 'verifikasi', 'saran', 'metode', 'login', 'biometrik', 'passwordpin']	neutral
['bug', 'apk', 'wondr', 'mana', 'nasabah', 'sudah', 'aktif', 'login', 'biometrik', 'sewaktuwaktu', 'biometriknya', 'errortdk', 'fungsi', 'login', 'apk', 'wondr', 'milik', 'opsi', 'uti', 'login', 'password', 'beda', 'mobile', 'banking', 'biometrik', 'passwordpin', 'bug', 'sungguh', 'repot', 'nasabah']	negative
['menu', 'saldo', 'pinjam', 'bni', 'flexi', 'bni', 'mobile', 'mudah', 'penting', 'lapor', 'lhkpn', 'wondr', 'effort', 'lapor', 'bank', 'transaksi', 'autodebet', 'bayar', 'cicil', 'kredit', 'flexy', 'muncul', 'mutasi', 'rekening', 'rekening', 'tabung', 'muncul', 'bni', 'mobile', 'banking']	neutral
['transaksi', 'cepat']	positive
['tarik', 'tunai', 'kartu', 'ganti', 'aplikasi', 'mbanking', 'bni', 'paksa', 'enggak', 'buka', 'mbanking']	neutral
['baik', 'sistem', 'sudah', 'kali', 'transaksi', 'tulis', 'hasil', 'belum', 'masuk']	neutral
['parah', 'ganggu', 'sampai', 'jam', 'jam']	negative
['aplikasi', 'mudah', 'cepat', 'transaksi', 'perban', 'lancar', 'aman', 'jaga']	positive
['mudah', 'cepat']	positive
['bintang', 'lewat', 'verifikasi', 'email', 'eror', 'memasuki', 'kode', 'otp', 'akun', 'lewat', 'verifikasi', 'email']	neutral
['aplikasi', 'wondr', 'mudah', 'transaksi', 'transfer', 'bayar', 'bayar', 'mudah', 'pokok', 'bantu']	positive
['bagus', 'cuman', 'pasword', 'save']	neutral
['mohon', 'maaf', 'pagi', 'download', 'aplikasi', 'wondr', 'by', 'bni', 'ganti', 'login', 'layar', 'hp', 'putih', 'bersih', 'tulis', 'mohon', 'bantu', 'jelas']	negative
['aplikasi', 'bagus', 'tolong', 'opsi', 'top', 'up', 'shopee', 'pay']	positive
['wondr', 'transaksi', 'online']	positive
['baik', 'verifikasi', 'wajah', 'karena', 'coba', 'gagal', 'alas', 'cahaya', 'cahaya', 'ruang', 'depan', 'baik', 'scan', 'wajah']	neutral
['tolong', 'tingkat', 'limit', 'top', 'up', 'shopee', 'hari', 'masasih', 'cuman', 'juta', 'butuh', 'costumer', 'guna', 'top', 'up', 'shopee', 'khusus', 'pribadi', 'limit', 'tolong', 'butuh', 'costumer', 'beda', 'tolong', 'limit', 'top', 'up', 'shopee', 'hari', 'tingkat', 'limit', 'hak', 'costumer', 'tolong', 'jangan', 'batasinterimakasih']	negative
['hati', 'bikin', 'atm', 'enggak', 'kelar', 'kelar', 'loading', 'proses', 'data', 'doang', 'ampun', 'sinyal', 'hp', 'bagusdata', 'lengkapcuma', 'muter', 'doang']	negative
['transaksi', 'apa', 'muncul', 'notifikasi']	negative
['bagusgak', 'ribetmudah']	positive
['wondr', 'bayar', 'utbk', 'pakai', 'sudah', 'coba', 'kali', 'mohon', 'baik']	neutral
['tambahkan', 'fitur', 'mengisimenarik', 'saldo', 'kartu', 'debit', 'atm', 'baik', 'fitur', 'top', 'up', 'ewallet', 'dana', 'nomor', 'akses', 'wondr', 'tambahkan', 'fitur', 'terima', 'saldo', 'negara', 'eropa']	neutral
['mantap', 'jiwa', 'cepat', 'kilat']	positive
['nyaman', 'pakai', 'aplikasi', 'menu', 'setor', 'tunai', 'kartu']	positive
['aplikasi', 'mudah', 'akses', 'cepat', 'ui', 'oke', 'kendala', 'bayar', 'tagih', 'belanja', 'apa']	positive
['lancar', 'cepat', 'proses']	positive
['bagus', 'bantu', 'guna', 'rekening', 'bank', 'bni']	positive
['moga', 'tingkat', 'layan']	positive
['tau', 'knap', 'ini', 'ini', 'padahal', 'sudah', 'hapus', 'terus', 'instal', 'memang', 'ganti', 'aplikasi', 'mengerti', 'ini', 'tolong', 'knapa', 'keluar', 'terus', 'login']	neutral
['bagaimana', 'aplikasi', 'eror', 'transfer', 'sudah', 'baik', 'moga', 'cepat', 'selesai', 'repot', 'kudu', 'alfa']	positive
['kecewa', 'eror', 'layan', 'saat', 'susah', 'maaf', 'uninstal', 'mending', 'pakai', 'bni', 'mobile', 'banking']	negative
['masuk', 'aplikasi', 'alias', 'lemoot']	neutral
['bagus', 'aplikasi', 'susah', 'login', 'loginnya', 'tolong', 'tim', 'itu', 'baik', 'program', 'lamban', 'enggak', 'buka', 'costumer', 'mesti', 'aplikasi', 'karena', 'cepat', 'tanggap', 'program']	neutral
['masuk', 'daftar', 'aplikasi', 'mbanking', 'uji', 'sabar', 'ulas', 'masuk']	negative
['aplikasi', 'wondr', 'by', 'bni', 'gampang', 'cepat', 'transaksi', 'tunggu', 'updatean', 'baru']	positive
['buka', 'wondr', 'pakai', 'wifi', 'pakai', 'data', 'stak', 'logo', 'tolong', 'baik', 'bni', 'buka', 'enggak', 'wifi', 'susah', 'solusi']	negative
['lemah', 'wonder', 'jam', 'malam', 'ganggu', 'trx', 'jam', 'aman']	neutral
['mudah', 'transaksi', 'terimakasih', 'pt', 'bank', 'indonesia']	positive
['optimal', 'kerja', 'performa', 'fiturtks']	positive
['aplikasi', 'mudah']	positive
['bikin', 'akun', 'login', 'enggak', 'login', 'notifnya', 'tingkat', 'sistem', 'siangsiang', 'tingkat', 'sistem', 'info', 'nyaman']	negative
['kecewa', 'rekening', 'masuk', 'aplikasi', 'wondr', 'rekening', 'aktif', 'rekening', 'aktif', 'aplikasi', 'wondr', 'berangkat', 'kantor', 'cabang', 'pilih', 'input', 'rekening', 'kantor', 'cabang', 'suruh', 'kini', 'data', 'kantor', 'buka', 'rekening', 'repot', 'kota', 'buka', 'rekening']	negative
['fitur', 'lengkap', 'bayar', 'beli', 'lengkap', 'olah', 'uang', 'optimal']	positive
['aplikasi', 'belum', 'sempurna', 'diluncurkanaturan', 'sempurna', 'baik', 'diluncurkanklo', 'kan', 'bikin', 'kecewa', 'banyak', 'orang', 'guna']	negative
['transfer', 'gagal', 'teruspadahal', 'saldo', 'tolong', 'jelasin']	neutral
['aplikasi', 'abalabal', 'aktif', 'aplikasi', 'ikut', 'tunjuk', 'aplikasi', 'verifikasi', 'wajah', 'mudah', 'bilang', 'mohon', 'maaf', 'alami', 'kendala', 'silah', 'coba', 'coba', 'hasil', 'maaf', 'registrasi', 'aplikasi', 'pasti', 'data', 'data', 'ter', 'update', 'data', 'rekam']	negative
['isi', 'pulsa', 'kali', 'notifnya', 'beli', 'pulsa', 'gagal', 'saldo', 'hangus', 'refund', 'sekali', 'aplikasi', 'baik', 'bni', 'mobile', 'banking', 'sblumnya', 'sekali']	neutral
['aplikasi', 'bantu']	positive
['pengin', 'install', 'aplikasi', 'wonder', 'bintang', 'rendah', 'banyak', 'customer', 'complain', 'ragu', 'mobile', 'banking', 'sekarang', 'bagus', 'sok', 'far', 'apa', 'install', 'aplikasi', 'banyak', 'install', 'aplikasi', 'mobile', 'banking']	neutral
['aplikasi', 'download', 'lumayan', 'berat', 'ya', 'sempat', 'log', 'ini', 'tadi', 'dicobain', 'log', 'ini', 'lupa', 'pwd', 'aplikasi', 'sama', 'apk', 'perban', 'moga', 'fitur', 'mudah', 'guna']	positive
['kok', 'setor', 'tunai', 'wondr', 'min', 'tarik', 'tunai', 'doang', 'wondr', 'mengadakan', 'ding', 'setor', 'tunai']	neutral
['mantap', 'pakai', 'apk', 'daftar', 'debit', 'pakai', 'wonder', 'langsung', 'apk', 'sederhana', 'ribet', 'tahan', 'min', 'bagus', 'apk', 'baru', 'ribet']	positive
['membantutrims', 'bni']	positive
['kali', 'bayar', 'air', 'pdam', 'susah', 'banget', 'enggak', 'aneh']	negative
['close', 'lgin', 'pakai', 'verivikasi', 'selesai', 'vrivikasi', 'enggak', 'pakai', 'sudah', 'cabang', 'bni', 'dekat', 'enggak', 'bisajadi', 'bagaimana', 'bni']	positive
['beda', 'rambut', 'beda', 'orang', 'kahverifikasi', 'gagal', 'terusudah', 'background', 'putih', 'ktp', 'sesuai', 'frame', 'beda', 'rambut', 'bagaimana', 'tuh']	negative
['suka', 'aplikasi', 'bni', 'mbanking', 'warna', 'kalo', 'diupdate', 'ubah', 'data', 'rekening', 'aplikasi', 'bank']	positive
['beli', 'token', 'listrik', 'status', 'gagal', 'saldo', 'potong', 'hubungan', 'cs', 'respon', 'apps', 'kecewa']	negative
['puas', 'bantu']	positive
['top', 'banding']	positive
['aplikasi', 'bug', 'masuk', 'loading', 'transaksi', 'qris', 'gagal', 'simpel', 'fitur', 'bni', 'mbanking', 'hilang', 'riwayat', 'transaksi', 'download', 'inti', 'bagus', 'bni', 'mobile', 'banking', 'keluh', 'wondr', 'baik', 'rating', 'bawah']	negative
['muas']	positive
['versi', 'baru', 'wondr', 'mudah', 'transaksi']	neutral
['aplikasi', 'bagus', 'mbanking', 'mudah', 'dalam', 'operasionalnyasaat', 'verifkasi', 'wajah', 'harus', 'ulang', 'ulang', 'padahal', 'terang', 'cahaya', 'kirim', 'kode', 'otp', 'begitu', 'terima', 'masuk', 'sudah', 'laku', 'hadeh']	neutral
['bug', 'tolong', 'cermat', 'baik', 'menggangu', 'transaksi', 'bilang', 'aplikasi', 'mudah', 'bug', 'masuk', 'login', 'enggak', 'bni', 'mobile', 'lancar', 'beli', 'token', 'listrik', 'kesini', 'login', 'kembali', 'bni', 'mobile', 'banking']	negative
['puas', 'word', 'by', 'bni']	positive
['aplikasi', 'jelek', 'gagal', 'saldo', 'potong', 'hubungan', 'cust', 'service']	negative
['kadang', 'suka', 'eror', 'kadang', 'bukanyapadahal', 'internet', 'stabilhp', 'stabilmohon', 'update', 'aecara', 'terus']	positive
['kurang', 'fitur', 'stor', 'tunai']	neutral
['bag', 'selesai', 'bawa', 'ulang', 'pasword', 'enggak', 'buka']	negative
['aplikasi', 'masalah', 'log', 'ini', 'error', 'gagal', 'login', 'kali', 'daftar', 'ulang', 'kode', 'otp', 'masuk', 'masuk', 'gilir', 'masuk', 'kode', 'error', 'ulang', 'kena', 'batas', 'maksimal', 'otp', 'hari', 'dapat', 'kode', 'mohon', 'masuk', 'guna', 'ditindaklanjuti', 'baik', 'aplikasi', 'sederhana', 'fitur', 'abc', 'error', 'fungsi', 'utama', 'tetap', 'jalan', 'normal', 'baca', 'mobile', 'contoh']	neutral
['kasih', 'bintang', 'karena', 'tarik', 'tunai', 'enggak', 'kode', 'otp', 'enggak', 'masuk', 'sms', 'karena', 'enggak', 'pulsa', 'mesti', 'enggak', 'otp', 'lewt', 'sms', 'kode', 'angka', 'nomor', 'telpon', 'contoh', 'aplikasi', 'belah', 'mudah']	negative
['login', 'sulit', 'data', 'sudah', 'tinggal', 'foto', 'doang', 'sulit', 'kalo', 'enggak', 'langsung', 'menunggu', 'hari', 'coba', 'lagiudah', 'tinggal', 'verifikasi', 'emailudah', 'benar', 'memasuki', 'otp', 'sulit', 'otp', 'salah', 'menunggu', 'besok', 'verifikasi', 'ulangini', 'tf', 'enggak', 'admin', 'tolong', 'mudah', 'log']	negative
['mudah', 'operasi', 'layan']	positive
['bagus', 'bni', 'mobile', 'bankingaplikasi', 'wondr', 'by', 'bni', 'susah', 'verifikasi', 'wajahpadahal', 'ikut', 'arah', 'buang', 'sia', 'sia', 'verifikasi', 'wajah']	negative
['baikkadangan', 'tf', 'gagal', 'jam', 'malamduit', 'masuk', 'terkadang', 'baca', 'histori', 'nyaablom', 'menu', 'tarik', 'tunai', 'kartu']	negative
['aplikasi', 'wondr', 'riwayat', 'transaksi', 'tampil', 'rekening', 'koran', 'aplikasi', 'saldo', 'saranuntuk', 'tampil', 'riwayat', 'transaksi', 'lengkap', 'aplikasi', 'rekening', 'koran']	neutral
['mantab', 'sayang', 'cicil', 'kartu', 'kredit', 'update', 'approve', 'cicil', 'tampil', 'masih', 'belum', 'cicil']	positive
['mantap', 'mudah']	positive
['ganggu', 'jam']	negative
['aplikasi', 'bagus']	positive
['lancar', 'transaksi', 'bisnis', 'bantu', 'kerja', 'siang', 'malam', 'pembayran', 'hambat', 'program', 'bni', 'transaksi', 'harap', 'teman', 'keluarga', 'bude', 'deh', 'tetangga', 'belakang', 'samping', 'bni', 'maju', 'tingkat', 'traksaksi', 'muda', 'moga', 'nasabah', 'bni', 'program', 'puas', 'puas', 'moga', 'dengan', 'ridho', 'alah', 'karyawan', 'nasabah', 'rezeki', 'sukses', 'keluarga', 'bahagia']	positive
['bni', 'mobile', 'transaksi', 'saldo', 'wondr', 'transaksi', 'terang', 'saldo', 'transaksi', 'mohon', 'tambah', 'bni', 'mobile', 'min', 'lihat', 'riwayat', 'transaksi', 'urai', 'tipe', 'nominal', 'saldo']	neutral
['mohon', 'bantu', 'kak', 'kenapa', 'wondr', 'lancar', 'buka', 'dengan', 'wifi', 'data', 'bawa', 'hp', 'ngeleg', 'ngebug', 'mohon', 'bantu', 'mengunakan', 'wifi', 'login', 'transaksi']	positive
['mas', 'karena', 'enggak', 'fitur', 'tarik', 'tunai']	neutral
['sentuh', 'mengira', 'hp', 'gua', 'eror', 'sentuh', 'back', 'normal', 'tapi', 'kenapa', 'tulis', 'login', 'sentuh', 'bug', 'kah', 'tolong', 'baik', 'mengecek', 'sama', 'bengking']	negative
['bantu', 'muas']	positive
['aplikasi', 'rongsok', 'buka', 'bikin', 'bisnis', 'sendat']	negative
['susah', 'buka', 'aplikasinyatolong', 'baik', 'cepat']	neutral
['menyangka', 'aplikasi', 'terobos', 'bni', 'kaleng', 'kaleng', 'aplikasi', 'turut', 'pakenya', 'gampang', 'ribet', 'good', 'job', 'developer', 'live', 'bni', 'kebon']	positive
['aplikasi', 'banyak', 'kendalamembuang', 'waktusangat', 'sayang', 'kendala', 'situasi', 'genting']	neutral
['bni', 'banking', 'app', 'wondr', 'bni', 'banking', 'update', 'menu', 'komen', 'apl', 'wondr', 'kurang', 'lemah', 'uninstall', 'bni', 'mobile', 'banking']	negative
['aplikasi', 'mudah', 'baik']	positive
['aplikasi', 'loading', 'ken', 'isi', 'token', 'listrik', 'fiturnya', 'pakai', 'plis', 'token', 'listrik', 'deh', 'habis', 'kemarin']	neutral
['fitur', 'tarik', 'transaksi', 'aman']	positive
['prtama', 'kali', 'transaksi', 'pakai', 'wondr', 'transper', 'gagal', 'notif', 'lebih', 'limit', 'transaksi', 'coba', 'hasil', 'gagal', 'notif', 'lebih', 'limit', 'transaksi', 'mana', 'atur', 'limit', 'pungsi']	neutral
['transaksi', 'gagal', 'saldo', 'potong', 'beli', 'pulsa', 'listrik', 'juta', 'status', 'gagal', 'saldo', 'potong', 'harap', 'dana', 'refund', 'karena', 'status', 'gagal', 'pending', 'beli', 'pakai', 'aplikasi', 'bank', 'hasil', 'konfirmasi', 'status', 'transaksi', 'hasil', 'nomor', 'token', 'kirim', 'email', 'komplain', 'tolong', 'bni', 'terang', 'pending', 'langsung', 'status', 'gagal', 'saldo', 'token', 'tumpuk', 'kamar', 'kos']	negative
['tolong', 'fitur', 'tolong', 'aktif', 'kalo', 'ganti', 'apk', 'fitur', 'enggak', 'langsung', 'coba', 'gunain', 'kendala', 'kembang', 'kalo', 'paksa', 'kasih', 'sudah', 'download', 'daftar']	negative
['bagus', 'sngat', 'bantu']	positive
['hp', 'terinstal', 'guna', 'apknya', 'info', 'memsukkan', 'data', 'dll', 'e', 'bni', 'cabang', 'dekat', 'update', 'data', 'seperti', 'mohon', 'solusi']	negative
['juh', 'efektif', 'efesien', 'good', 'job', 'bni']	positive
['tampil', 'tarik', 'aplikasi', 'simpel', 'mudah', 'transaksi', 'perban', 'aplikasi', 'bantu', 'manfaat', 'wondr', 'memang', 'keren']	positive
['opsional', 'aplikasi', 'bantu', 'cuman', 'part', 'sulit', 'maksud', 'tuh', 'ribet', 'begitu', 'loh', 'masuk', 'masuk', 'halaman']	positive
['turun', 'bintangtolong', 'fitur', 'tarik', 'tunai', 'kartu', 'atm', 'bantu', 'lupa', 'kartu', 'kartu', 'atm', 'blokir', 'tolong', 'perhati', 'fitur', 'bantu', 'sudah', 'fitur', 'cocok', 'bintang', 'sekarang', 'masih', 'bintang']	neutral
['nyaman', 'warna', 'mudah', 'transaksi', 'fitur', 'lengkap', 'top', 'banget']	positive
['aplikasi', 'bagus', 'mudah', 'paham', 'salah', 'sistem', 'ganggu', 'buka', 'aplikasi', 'susah', 'login']	neutral
['detail', 'kartu', 'segitu', 'doang', 'sisa', 'tanggung', 'tampil', 'kayak', 'app', 'bni', 'sebelumya']	neutral
['aplikasi', 'sempurna', 'menu', 'setor', 'tarik', 'tunai', 'kartu', 'sedia']	positive
['tari', 'mobile', 'tunai', 'aplikasi', 'mobile', 'banking', 'lengkap', 'fiturnya']	negative
['aplikasi', 'tarik', 'setor', 'tunai', 'guna', 'aplikasi', 'banking', 'kecewa', 'login', 'susah', 'kali', 'karena', 'paswordnya', 'mesti', 'campur', 'tanda', 'baca', 'terkadang', 'lupa']	negative
['fitur', 'tarik', 'tunai', 'kartu']	positive
['senang']	positive
['instal', 'sistem', 'maintenance', 'teman', 'mendownload', 'bareng', 'solusi']	neutral
['fitur', 'tarik', 'tunai', 'cardless']	positive
['turut', 'versi', 'tampil', 'lapor', 'guna', 'ketimbang', 'flow', 'uang', 'jujur', 'simple', 'mudah', 'kasih', 'bintang']	neutral
['puas', 'mudah', 'cepat']	positive
['terkadang', 'nominal', 'saldo', 'sesuai', 'delay', 'hitung', 'nomilan', 'saldo', 'harap', 'cepat', 'baik', 'terima', 'kasih']	neutral
['aplikasi', 'swbelumnya']	positive
['pakai', 'masalah', 'aplikasi', 'login', 'suruh', 'scan', 'ktp']	negative
['aplikasi', 'bagus', 'mbanking', 'mudah', 'dalam', 'operasionalnyasaat', 'verifkasi', 'wajah', 'harus', 'ulang', 'ulang', 'padahal', 'terang', 'cahaya', 'kirim', 'kode', 'otp', 'begitu', 'terima', 'masuk', 'sudah', 'laku', 'hadeh']	neutral
['buka', 'aplikasi', 'banget', 'enggak', 'kayak', 'sama', 'bangking', 'cepat', 'transaksi']	neutral
['mudah', 'guna', 'nyaman', 'bertranskaksi']	positive
['bikin', 'mudah', 'transaksi', 'kapan', 'mana', 'bayar']	positive
['enggak', 'login', 'akun', 'paksa', 'bikin', 'akun', 'email', 'setel', 'jebak']	neutral
['deh', 'tanggal', 'wonder', 'pagi', 'jam', 'wondr', 'kalo', 'rilis', 'publis']	negative
['tampilannya', 'bagus', 'tolong', 'banyak', 'fitur', 'contoh', 'bayar', 'didik', 'tolong', 'tambah', 'pilih', 'tabung', 'taplus', 'muda', 'nasabah']	neutral
['mengirim', 'ribet', 'aplikasi', 'tolong', 'baik', 'ya', 'enggak', 'mengirim', 'aplikasi', 'baik', 'gagal', 'mengirim']	negative
['menu', 'cek', 'mutasi', 'rekening', 'sedia', 'aplikasi', 'bni', 'mbanking', 'catat', 'pasu', 'keluar', 'aplikasi', 'catat', 'hitung', 'sisa', 'saldo', 'before', 'after', 'transaksi', 'monitor', 'nasabah', 'detil', 'hindar', 'risiko', 'salah', 'bank', 'izin', 'fitur', 'screenshot', 'perlu', 'evidence', 'bayar', 'tagih', 'pribadi', 'kantor', 'butuh', 'menu', 'transfer', 'ewallet', 'tapcash', 'dll']	neutral
['mudah', 'trsnsaksi']	positive
['wondr', 'top', 'dbest', 'aplikasi', 'lengkap', 'pokok', 'top', 'sat', 'set', 'komplit', 'kini']	positive
['riwayat', 'transaksi', 'terupdate', 'tolong', 'baik']	neutral
['mengapai', 'sih', 'pisah', 'kegunaanya', 'app', 'bni', 'bank', 'mobile', 'enak', 'bni', 'aneh', 'henti', 'nasabah']	negative
['tolong', 'fitur', 'tarik', 'tunai', 'kartu', 'mengadakan', 'aplikasi', 'fitur', 'bantu', 'meminimalisir', 'tel', 'kartu']	neutral
['mudah', 'bantu']	positive
['sekali', 'eror', 'banget', 'apktolong', 'istrahat', 'gara', 'eror', 'tunda']	negative
['aplikasi', 'bagus', 'login', 'ribet', 'kalo', 'salah', 'pw', 'memasuki', 'data', 'lengkap', 'kayak', 'daftar', 'akun', 'tolong', 'sedia', 'fitur', 'login', 'daftar', 'pisah']	neutral
['apk', 'bantu', 'bgtbisa', 'keluar', 'masuk', 'dana']	positive
['aplikasi', 'tarik', 'login', 'susah', 'pasword', 'suruh', 'ulang', 'ulang', 'kode', 'otp', 'kirim', 'mohon', 'tim', 'wondr', 'baik', 'aplikasi', 'potensi']	negative
['no', 'rekening', 'tabung', 'enggak', 'aplikasi', 'wondrbelum', 'rekening', 'tabung']	positive
['cepat', 'akurat', 'efisien']	positive
['mudah', 'transaksi']	neutral
['tolong', 'kerjasamanya', 'buka', 'aplikasi', 'mbangking', 'buka', 'deh', 'update', 'terus']	neutral
['kualitas', 'apk', 'susah', 'transaksi', 'parah', 'kalo', 'jakankan', 'sempurna', 'rilis', 'apk', 'rugi', 'guna', 'sudah', 'wort', 'itu', 'pakai', 'bni', 'duit', 'hilang']	negative
['transaksi', 'mobile', 'tunai', 'tarik', 'tunai', 'tolong', 'kode', 'otp', 'via', 'wa', 'jaman', 'guna', 'smartphone', 'pesan', 'singkat', 'sms', 'terimakasih']	neutral
['aplikasi', 'menyusahkan', 'pindah', 'apk', 'login', 'biometrik', 'pakai', 'pasword', 'daftar', 'gkada', 'suruh', 'masuk', 'pasword', 'gliran', 'lupa', 'pasword', 'sulit', 'verifikasi', 'wajah', 'tolol']	negative
['verifikasi', 'wajah', 'cepat', 'intruksinya', 'gagaltolong', 'program', 'ai', 'verifikasi', 'wajah', 'tingkat', 'mudah', 'lalu', 'verifikasi']	neutral
['aplikasi', 'ribet', 'mending', 'pakai', 'bni', 'mobile', 'beli', 'token', 'listrik', 'ribu', 'kali', 'terang', 'transaksi', 'gagal', 'saldo', 'enggak']	negative
['oke', 'banget', 'mudah', 'bayar']	positive
['susah', 'banget', 'verifikasi', 'wajahtoleh', 'kedip', 'mata', 'ribet', 'bangetkalau', 'enggak', 'aplikasihapus', 'aplikasi', 'bagus', 'bni', 'mbanking']	negative
['mantap', 'bagus', 'banget', 'aplikasi']	positive
['bni', 'banking', 'suka', 'keluar', 'coba', 'ganti', 'wonder', 'hari', 'ngelag', 'masuk', 'aplikasi']	negative
['tau', 'save', 'norek', 'menambah', 'norek', 'tuju']	neutral
['apk', 'bagus', 'sayang', 'stor', 'tunai', 'kartu']	positive
['aplikasi', 'hampis', 'gangguang', 'bis', 'qris', 'loading', 'inyernet', 'kencang', 'error', 'sistem', 'endingnya', 'aplikasi', 'bni', 'jengkel', 'kadang', 'dipakek', 'registrasi', 'ulangana', 'pakai', 'ktp', 'wajah', 'bikin', 'antre', 'minimarket', 'aplikasi']	neutral
['membantukalu', 'kebloker', 'pin', 'enggak', 'kebanksangat', 'praktis']	positive
['bagus', 'bantu', 'banget']	positive
['kali', 'aplikasi', 'maintenanceserver', 'error', 'pakai', 'bni', 'mobile', 'pakai', 'tahun', 'server', 'masalah', 'tolong', 'tindaklanjuti', 'ganggu', 'masalah', 'butuhin', 'pilih', 'simpan', 'uang']	neutral
['cepat', 'mudah', 'transaksi', 'fitur', 'semoga', 'depan', 'lengkap']	positive
['buguntuk', 'riwayat', 'transaksi', 'jamtolong', 'tampil', 'jam', 'menu', 'riwayat', 'klik', 'transaksi']	neutral
['sudah', 'memasuki', 'password', 'salah', 'mulu', 'enggak', 'masuk', 'sih', 'aplikasi', 'kesel']	negative
['aplikasi', 'mudah', 'gunakantapi', 'kendalawaktu', 'beli', 'token', 'listrik', 'gagaltapi', 'uang', 'atm', 'berkurangtolong', 'baik', 'aplikasi']	neutral
['beralihndr', 'bni', 'mobile', 'bagus', 'ngebug', 'bumn', 'bikin', 'maksimal', 'tolong', 'tingkat', 'maintenace']	neutral
['aplikasi', 'bantu', 'mudah', 'promonya', 'praktis', 'mudah', 'transaksi']	positive
['aplikasi', 'simple', 'mudah', 'promo', 'pakai', 'apk', 'love', 'banget']	positive
['muas']	positive
['mudah', 'pakai', 'enak', 'bni', 'mobile', 'karena', 'histori', 'transaksi', 'simpan', 'bentuk', 'pdf', 'kemarin', 'bikin', 'bingung', 'transaksi', 'bayar', 'qris', 'uang', 'cek', 'riwayat', 'transaksi', 'bayar', 'gagal', 'lupa', 'transaksi', 'sisa', 'saldo', 'apk', 'saldo', 'masuk', 'saldo', 'ruang']	neutral
['terimakasih', 'bantu']	positive
['buka', 'aplikasi', 'kali', 'lambat', 'fiturnya', 'lengkap', 'bni', 'mobile', 'banking', 'ganti', 'bni', 'mobile', 'banking']	negative
['bintang', 'deskripsi', 'transaksi', 'minim', 'mundur', 'versi', 'bni', 'mobile', 'banking', 'rincian', 'transaksi', 'masuk', 'mohon', 'developer', 'ubah', 'feature', 'rincian', 'transaksi', 'enggak', 'sumber', 'kas', 'masuk', 'uang', 'masuk', 'deskripsi', 'perlu', 'sumber', 'repot', 'bertanya', 'transfer', 'uang', 'uang', 'transaksi']	neutral
['aplikasi', 'mudah', 'eror', 'tampil', 'tarik']	positive
['daftarin', 'kartu', 'atm', 'bansos', 'bank', 'bnitp', 'transferdengan', 'alas', 'kartu', 'aktifmemang', 'bank', 'bni', 'ya', 'itupedahal', 'saldo']	neutral
['bagus', 'cepat', 'transaksi']	positive
['verifikasi', 'video', 'call', 'video', 'lancar', 'koneksi', 'internet', 'stabil']	neutral
['update', 'buka', 'wondr', 'ada', 'kendala', 'tim', 'baik', 'coba', 'coba', 'terussaya', 'riset', 'pin', 'susah']	positive
['baik', 'menunggu', 'jam', 'jam', 'baik', 'coba', 'cepat', 'uang']	negative
['tingkat', 'fitur', 'layan']	positive
['jelek', 'poin', 'bni', 'sama', 'banking', 'muncul', 'akumulasi', 'wondr']	neutral
['aplikasi', 'mudah', 'syarat', 'administrasi', 'ribet', 'karena', 'butuh', 'data', 'ulang', 'aplikasi', 'lengkap', 'karena', 'ecek', 'sisa', 'pinjam', 'app', 'litle']	neutral
['mantab', 'mudah']	positive
['transaksi', 'mudah', 'cepat']	positive
['ganggu', 'transfer', 'gantung']	positive
['terkadang', 'nominal', 'saldo', 'sesuai', 'delay', 'hitung', 'nomilan', 'saldo', 'harap', 'cepat', 'baik', 'terima', 'kasih']	neutral
['baik', 'transfer', 'uang', 'enggak', 'nomor', 'rekening', 'baik', 'kalau', 'aplikasi', 'baik', 'wajar', 'keluarga', 'transfer', 'uang', 'kendala', 'nomor', 'rekening', 'baik', 'mohon', 'jelas']	neutral
['kok', 'baik', 'urgent', 'riweuh', 'jaring', 'bagus', 'wifi', 'oke', 'akses', 'notifnya', 'kendala', 'coba', 'coba', 'pakai', 'axis', 'telkomsel', 'indosat', 'smartfren', 'kalo', 'jaring', 'masalah', 'youtube', 'netflix', 'pakai']	neutral
['batas', 'limit', 'transfer', 'hari', 'pakai', 'mbangking', 'bni', 'topup', 'juta', 'sekarang', 'pakai', 'maksimal', 'juta']	neutral
['puas', 'banget', 'pakai', 'aplikasi', 'fiturnya', 'tampil', 'lucu', 'lucu', 'loadingnya', 'lumayan', 'cepat', 'oke', 'pokok']	positive
['baik', 'mudah', 'guna', 'aplikasi', 'loadingan', 'inovasi', 'sekarang', 'promonya', 'jaya']	positive
['aplikasi', 'enggak', 'sign', 'susah', 'amitamit', 'komen', 'bintang', 'ratarata', 'jawab', 'bimbing', 'ogah', 'pakai', 'aplikasi']	negative
['kenapa', 'gagal', 'registrasi', 'habis', 'pasu', 'nomor', 'hp', 'muncul', 'tulis', 'coba', 'besok']	negative
['aplikasi', 'bagus', 'mudah', 'gampang', 'transaksi']	positive
['ya', 'kok', 'buka', 'apk', 'enggak bisa', 'kendala', 'server', 'bagaimana', 'buka', 'aplikasi', 'cover', 'depan', 'muncul', 'loading']	positive
['hari', 'buka', 'fitur', 'buka', 'tim', 'baik', 'pagi', 'sampai', 'jam', 'malam', 'ubah', 'gue', 'transaksi', 'kalo', 'memang', 'aplikasi', 'enggak usah', 'pakai', 'uji', 'coba', 'kerja', 'ribet']	negative
['kalah', 'bank', 'kompetitor', 'mobilebanking', 'bni', 'enggak ada', 'notifikasi', 'uang', 'masuk', 'lucu', 'notifikasi', 'uang', 'masuk', 'pakai', 'sms', 'banking', 'makan', 'pulsa', 'rpnotifikasi', 'wkwkwk', 'jadul', 'banget', 'transfer', 'masuk', 'jam', 'malam', 'saldo', 'menambah', 'riwayat', 'muncul']	negative
['wondr', 'memang', 'keren', 'habis']	positive
['aplikasi', 'mudah', 'fiturnya', 'lengkap', 'mudah', 'akses', 'mana']	positive
['aplikasi', 'bagus', 'lengkap', 'bantu', 'proses', 'transfer', 'ajar']	positive
['aplikasi', 'fiturnya', 'lengkap', 'cepat', 'banget', 'sistem', 'good']	positive
['cepat', 'aman']	positive
['bni', 'keluar', 'app', 'bermanfaatbisa', 'mengecek', 'update', 'transaksi', 'gampang']	positive
['semenjak', 'update', 'login', 'app']	neutral
['daftar', 'login', 'login', 'masuk', 'langsung', 'muncul', 'syarat', 'datar', 'centang', 'isi', 'terus', 'centang', 'notif', 'sesi', 'habis', 'aneh', 'masuk', 'enggak bisa']	negative
['aduh', 'bni', 'sudah', 'benar', 'paksa', 'wonder', 'kualitas', 'logout']	negative
['bagus', 'puas']	positive
['mantab', 'moga', 'terbang']	positive
['bagus', 'muas', 'moga', 'solid', 'sukses', 'bni']	positive
['lapor', 'masuk', 'buku', 'tabung', 'saldo', 'defisit', 'tau', 'rinciannya', 'metode', 'bayar', 'qris', 'bug', 'mana', 'scan', 'bayar', 'tf', 'bank', 'bni']	neutral
['crash', 'mulu', 'selesai', 'verifikasi', 'enggak bisa', 'login']	negative
['aplikasi', 'bagus', 'kalo', 'ganti', 'hp', 'login', 'ribet', 'verifikasi', 'gagal']	neutral
['mudah', 'fitur', 'keren']	positive
['aplikasi', 'tolol', 'atas', 'jam', 'malam', 'kagak', 'dipakai', 'saldo', 'minimal', 'ribu', 'sudah', 'malam', 'ribu', 'aneh', 'banget']	negative
['bintang', 'atur', 'aplikasi', 'susah']	neutral
['susah', 'masuk', 'kalo', 'login', 'clear', 'chase', 'aplikasi', 'restart', 'dll']	negative
['wondr', 'gax', 'buka', 'kendala', 'tim', 'baik', 'coba', 'lagiitu', 'ganggu', 'bagaimana']	neutral
['mudah', 'transaksi']	positive
['verifikasi', 'wajah', 'susah', 'kedip', 'ulang', 'kali', 'mohon', 'tingkat']	neutral
['fresh', 'app', 'ui', 'mudah', 'transaksi', 'lancar', 'berat', 'loading', 'transaksi', 'registrasi', 'cepat', 'mudah', 'tinggal', 'kembangin', 'app', 'tolong', 'mengadakan', 'tarik', 'tunai', 'kartu', 'app', 'txs', 'lu']	positive
['sistem', 'sifat', 'prifasi']	neutral
['aplikasi', 'selamat', 'ku', 'kartu', 'atm', 'ku', 'expired', 'love', 'wondr', 'by', 'bni']	positive
['mantap', 'serba', 'gampang', 'cepat']	positive
['menggunkn', 'wonde', 'by', 'bni', 'transaksi', 'mudah']	positive
['bintang', 'fitur', 'mohon', 'tingkat']	neutral
['aplikasi', 'bagus', 'mudah', 'paham', 'salah', 'sistem', 'ganggu', 'buka', 'aplikasi', 'susah', 'login']	neutral
['login', 'kok', 'memasuki', 'no', 'debittapi', 'lupa', 'no', 'debit', 'nyaapakah', 'bantu', 'min']	positive
['bagus', 'perinci', 'cek', 'saldo', 'paling', 'bni', 'mobile', 'tuh']	positive
['maintenance', 'banget', 'butuh', 'benar', 'maintenance', 'sudah', 'dbuak', 'aplikasi']	negative
['wondr', 'by', 'bni', 'sekarang', 'moga', 'depan', 'transaksi', 'tanpa', 'krtu', 'kak', 'karena', 'kalo', 'ambil', 'duit', 'suka', 'lupa', 'bwa', 'atm']	positive
['tabung', 'bni', 'hp', 'fiturnya', 'mudah', 'isi', 'pulsa', 'bayar', 'tagih', 'fitur', 'mudah', 'ya']	positive
['masuk', 'menu', 'login']	negative
['top', 'up', 'saldo', 'dana', 'max', 'jtribet', 'tele', 'tele', 'bagus', 'bni', 'mobile', 'no', 'limit', 'transaksi', 'ewalletketauan', 'banget', 'mencari', 'ceperen', 'nasabah']	negative
['baik', 'genggam']	positive
['bangetcepat', 'proses', 'transaksi']	positive
['semenjak', 'pakai', 'wondr', 'by', 'bni', 'praktis', 'mudah', 'beli', 'pulsa', 'trf', 'bank', 'mana', 'gampang', 'beli', 'tiket', 'apk', 'mantap', 'pokok', 'moga', 'bagus', 'depan']	positive
['wiffi', 'login', 'akses', 'pket', 'data', 'tolong', 'baik', 'terimakasih']	neutral
['mudah', 'operasionalnyasemua', 'lapor', 'cocok', 'transfer', 'tunai', 'tarik', 'tunai', 'sudah', 'coba']	positive
['kecewa', 'bni', 'bni', 'banking', 'wondr', 'by', 'bni', 'aplikasi', 'sepenuh']	negative
['kasih', 'bintang', 'dulusemoga', 'segara', 'update', 'proses', 'tarik', 'tunai', 'cepat', 'masuk', 'pemberitahuan', 'transaksi', 'transaksi', 'kali', 'saji', 'saldo', 'saldo', 'saldo', 'masuk', 'moga']	neutral
['halo', 'bni', 'kasih', 'saran', 'tampil', 'history', 'transaksi', 'samain', 'app', 'mbanking', 'sisa', 'saldo', 'transaksi', 'debet', 'kredit', 'kanan', 'nominal', 'debet', 'kredit', 'tampil', 'notifikasi', 'transaksi', 'sisa', 'saldo', 'transaksi', 'history', 'terima', 'kasih']	neutral
['aplikasi', 'bank', 'langsung', 'enggak', 'becus', 'sudah', 'kasih', 'minimum', 'ribu', 'potong', 'enggak', 'kirim', 'aplikasi', 'e', 'money', 'ribu', 'enggak', 'saldo', 'minimum', 'tahan', 'aplikasi', 'ribu', 'potong', 'enggak', 'sudah', 'kali', 'kali', 'jadi', 'kalo', 'memang', 'simpan', 'simpan', 'saldo', 'minimum', 'ribu', 'potong', 'enggak', 'mending', 'dipakai', 'potong', 'terus', 'sampai', 'nol', 'jelek', 'aplikasi']	negative
['buka', 'kemarin', 'terang', 'kode', 'tapi']	neutral
['banyak', 'ngebug', 'aplikasi', 'dipakaj', 'aneh', 'kelas', 'bni', 'gin', 'baik', 'dong', 'nasabah', 'ngeluh']	negative
['mantab', 'kali', 'semiga', 'depan', 'transfer', 'ewallet', 'juta', 'hari']	positive
['aplikasi', 'bagus', 'ringan', 'tolong', 'notifikasi', 'uang', 'masukkeluar', 'ribu', 'aktif', 'notifikasi', 'guna', 'mudah', 'tau', 'buka', 'aplikasi', 'terimakasih']	positive
['fitur', 'fx', 'mobile', 'lihat', 'kurs', 'tukar', 'dollar', 'app', 'bni', 'app', 'bni', 'sptnya', 'lebih', 'lengkap']	neutral
['februari', 'usia', 'wondr', 'by', 'bni', 'tanya', 'menu', 'kalah', 'bni', 'mobile', 'banking', 'fitur', 'kembang', 'wondr', 'by', 'bni', 'mana', 'sd', 'fitur', 'ganti', 'pin', 'kakak', 'tambah', 'fitur', 'layan', 'ib', 'bni', 'fungsi', 'ib', 'bni', 'bni', 'mobile', 'banking', 'suntik', 'mati', 'menu', 'layan', 'wondr', 'by', 'bni', 'maksimal', 'minimal', 'sama', 'bni', 'mobile', 'banking']	neutral
['pakai', 'sih', 'aman', 'pantau', 'uang', 'fitur', 'lumayan', 'lengkap', 'cepat', 'proses', 'transfer', 'uang', 'kepake', 'gara', 'campur', 'coba', 'download', 'apk', 'wonder', 'women', 'pakenya', 'wondr', 'by', 'bni']	positive
['tampil', 'tarik', 'simpel', 'tolong', 'depa', 'lengkap', 'fitur', 'lai', 'mudah', 'transaksi', 'pasti', 'kalah', 'bagus', 'aplikasi']	positive
['bagus', 'bantu', 'kerja']	positive
['erorr', 'login', 'akun', 'coba', 'aplikasi']	negative
['suka', 'lelet', 'buka']	positive
['aplikasi', 'bagus', 'fitur', 'transaksi', 'kartu', 'mudah', 'transaksi', 'kode', 'otp', 'pakai', 'pulsa']	positive
['cc', 'muncul', 'aplikasi', 'wondr', 'sudahcoba', 'bolak', 'cek', 'aplikasi', 'muncul', 'aplikasi']	neutral
['sesi', 'expired', 'suruh', 'login', 'sudah', 'login', 'sesi', 'expired', 'suruh', 'login', 'begitu', 'mulu', 'handle', 'session', 'common', 'flow', 'lolos', 'testing']	negative
['parah', 'nih', 'akseslogin', 'system', 'ganggu', 'saya', 'transfer', 'urgen', 'eh', 'kecewa', 'enak', 'pakai', 'aplikasi', 'alih', 'aplikasi', 'mah', 'downgrade', 'alih', 'aplikasi', 'resett', 'bagaimana', 'dih', 'kerja', 'develover']	negative
['min', 'wondr', 'mentok', 'logo', 'banget', 'coba', 'baik', 'min', 'sudah', 'coba', 'hapus', 'instal', 'kali', 'kali', 'masuk']	neutral
['lengkap', 'termutakhirnyatanya', 'kurang', 'jadi', 'tf', 'juta', 'saja', 'limit', 'bni', 'wes', 'ora', 'blass', 'mudah', 'sulit']	negative
['kecewa', 'baik', 'baik', 'enggak bisa', 'dipakai', 'dibutuhin']	negative
['ganggu', 'jam', 'malam']	negative
['lumayan', 'bikin', 'ribet', 'akh', 'kadang', 'bukti', 'transfer', 'tau', 'hilang', 'enggak']	positive
['bintang', 'lot', 'notif', 'transaksi', 'masuk', 'enggak', 'lambat']	neutral
['duh', 'saldo', 'banyak', 'susah', 'transfer', 'dana', 'rekening']	neutral
['transfer', 'langsung', 'rek', 'ah', 'mantap', 'hemat', 'banget', 'sat', 'set', 'sat', 'set']	positive
['fitur', 'quick', 'access', 'wondr', 'by', 'bni', 'keren', 'banget', 'bayarbayar', 'pakai', 'qris', 'cepat']	positive
['lupa', 'password', 'ganti', 'aplikasi', 'error', 'coba', 'coba', 'baik', 'lengkap', 'aplikasinyabaru', 'nasabah', 'suruh', 'pakai']	negative
['riwayat', 'transaksi', 'detail', 'didownload', 'format', 'pdf', 'mobile', 'banking', 'transaksi', 'masalah', 'orang', 'sulit', 'sendiri', 'bukti', 'riwayat', 'transaksi', 'valid']	neutral
['bingung', 'transfer', 'dana', 'batas', 'nominal']	neutral
['aneh', 'banget', 'aplikasi', 'transaksi', 'gagal', 'mending', 'mbanking', 'bni', 'daripada', 'wondr', 'mengecek', 'email', 'tau', 'transaksi', 'gagal']	neutral
['aplikasi', 'bagaimana', 'tarik', 'tunai', 'kartu', 'ikut', 'saran', 'google', 'mencari', 'mobile', 'tunai', 'dalam', 'aplikasi', 'kolom', 'mobile', 'tunai']	positive
['fitur', 'pinjam', 'fitur', 'tap', 'tapi', 'pay', 'nih', 'biar', 'lengkap', 'fiturnya']	neutral
['ukur', 'apk', 'smartphone', 'tengah', 'makan', 'simpan']	neutral
['apps', 'lot', 'susah', 'login']	neutral
['aplikasi', 'berat', 'scan', 'ktp', 'hasil', 'ulang']	negative
['fitur', 'sedia', 'login', 'mobile', 'banking', 'bintang', 'koreksi', 'app', 'fix']	negative
['best', 'boleh', 'pokok', 'mudah', 'urus']	positive
['sampel', 'mudah']	positive
['aplikasi', 'sudah', 'bagus', 'entah', 'akhirakhir', 'logout', 'transfer', 'kadang', 'error', 'moga', 'baik', 'saran', 'tambah', 'fitur', 'bayar', 'thankss']	negative
['tolong', 'kali', 'buka', 'aplikasi', 'loadingnya', 'banget', 'bikin', 'kesel', 'kalo', 'buru', 'jaring', 'bagus', 'aplikasi', 'bni', 'enggak', 'kayak', 'gin', 'buka', 'aplikasi', 'langsung', 'muncul', 'opsi', 'login', 'dll', 'aplikasi', 'lot', 'banget', 'fitur', 'sudah', 'bagus', 'tolong', 'tingkat', 'bagaimana', 'biar', 'loading', 'masuk', 'aplikasi', 'thx']	neutral
['wonder', 'kenapa', 'deh', 'log', 'out', 'terus', 'enggak', 'log', 'ini', 'sudah', 'begitu', 'ganggu', 'an', 'mulu', 'huhu', 'desak', 'kaya', 'gin', 'butuh', 'enggak', 'log', 'ini', 'otomatis']	negative
['mudah', 'mantap']	positive
['wondr', 'aplikasi', 'generasi', 'terbarutampilan', 'bagusmempermudah', 'transaksi', 'transfer', 'bayar', 'terima', 'kasih']	positive
['bagus', 'mantap']	positive
['lumayan', 'terkadang', 'jam', 'malam', 'susah', 'menarik']	neutral
['baik', 'sudah', 'verifikasi', 'wajah', 'gagal']	neutral
['apknya', 'bagus', 'mudah', 'tranfer', 'top', 'up', 'dompet', 'digital', 'kurang', 'fitur', 'salah', 'contoh', 'fitur', 'top', 'up', 'dompet', 'digital', 'dana', 'ovo']	positive
['download', 'apk', 'mencoba', 'promo', 'enggak', 'tau', 'pakai', 'menonton', 'xx', 'tolak', 'stop', 'bni', 'tanggal', 'laku', 'tanggal', 'enggak', 'niat', 'bni', 'mengasih', 'promo', 'kadang', 'error', 'parah', 'stop', 'bninya']	negative
['bagus', 'aplikasi']	positive
['aplikasi', 'bermanfaatsaat', 'lihat', 'saldo', 'atm', 'gampang']	positive
['mudah', 'lancar', 'urus']	positive
['lancar', 'banding', 'bank', 'belah', 'jos', 'bni', 'mantab']	positive
['kalo', 'tarik', 'setor', 'tunai', 'kartu', 'pulsa', 'langsung', 'kasih', 'bintang', 'tolong', 'riwayat', 'transaksi', 'bni', 'mobile', 'biar', 'rinci']	neutral
['aplikasi', 'buruk', 'ku', 'resert', 'hp', 'ku', 'instal', 'ulang', 'wondr', 'masuk', 'no', 'login', 'poswordpadahal', 'no', 'daftar', 'masukburuk', 'aplikasi', 'suruh', 'daftar', 'pakai', 'ktp']	negative
['banyak', 'verifikasi', 'verifikasi', 'bolak', 'verifikasi', 'lancar', 'aplikasi', 'mudah', 'sulit', 'mending', 'mbanking', 'bni', 'bagus', 'tolong', 'rekrut', 'itu', 'sudah', 'masalah', 'aplikasi', 'dikit', 'update', 'dikit', 'baik']	negative
['sih', 'topup', 'juta', 'dapat', 'cashback', 'ribu', 'apa', 'boonk', 'niat', 'hati', 'nolong', 'sales', 'kejar', 'target', 'dapat', 'cashback', 'lumayan', 'beli', 'jajan', 'scam', 'dari', 'agustus', 'hilal', 'dah', 'sudah', 'malas', 'menyesal', 'dikit', 'karena', 'enggak bisa', 'tf', 'utuh', 'juta', 'bank', 'padahal', 'bank', 'sudah', 'bagus', 'biaya', 'admin', 'transferbisa', 'tarik', 'uang']	neutral
['aplikasi', 'fitur', 'e', 'walet', 'enggak', 'enggak', 'terang', 'baik', 'terus', 'deh', 'kayak', 'terus', 'aplikasi']	negative
['bagus', 'bni', 'mobile', 'ubah', 'pin', 'atm', 'atm', 'fiturnya', 'lengkap', 'manajemen', 'uang', 'paham', 'keluar', 'pasu', 'saldo']	positive
['ganggu', 'enggak', 'lebih', 'mbankingnya', 'aplikasi', 'bikin', 'simpel', 'cepat', 'bikin']	negative
['aplikasi', 'pakai', 'transaksi', 'qris', 'masalah']	negative
['susah', 'loginpake', 'wifi', 'kendala', 'mending', 'pakai', 'bni', 'mobile']	neutral
['bintang', 'ganggu', 'butuh', 'transaksi', 'sistem', 'baik', 'enggak', 'kali', 'masalah', 'mending', 'bni', 'mobile', 'enggak', 'trouble']	neutral
['gampang', 'aplikasi']	positive
['daftar', 'wonder', 'bni', 'hapus', 'coba', 'download', 'verifikasi', 'habis', 'verifikasi', 'foto', 'wajah', 'selesai', 'terang', 'verifikasi', 'tambah', 'coba', 'lagisudah', 'coba', 'cs', 'riset', 'ulang', 'terang', 'samakecewa', 'aplikasi']	negative
['bagus', 'cepat', 'lengkap', 'menu', 'keren', 'wondr']	positive
['enggak', 'mengerti', 'aplikasinyajujur', 'bikin', 'bingung', 'bikin', 'pikir', 'ganti', 'pin', 'sudah', 'pakai', 'transaksi', 'atmnya', 'selalu', 'salah', 'pin', 'padahal', 'enggak', 'salah', 'pencetnggk', 'suka', 'aplikasi', 'bikin', 'sesatampek', 'kali', 'ganti', 'pin', 'aplikasi', 'kecewa', 'enggak', 'bisa', 'pakai', 'transaksi', 'lho', 'tarik', 'tunai', 'enggak', 'setor', 'tunaiemosi', 'sih', 'jujur']	negative
['tampil', 'tarik', 'buka', 'loading', 'banding', 'tolong', 'cepat', 'masuk', 'aplikasi']	neutral
['wondr', 'aplikasi', 'user', 'friendly', 'notifikasi', 'realtime']	positive
['daftarin', 'kartu', 'atm', 'bansos', 'bank', 'bnitp', 'transferdengan', 'alas', 'kartu', 'aktifmemang', 'bank', 'bni', 'ya', 'itupedahal', 'saldo']	neutral
['verifikasi', 'wajah', 'susah', 'sih', 'kedip', 'sudah', 'kedip', 'sampai', 'gel', 'tetap', 'enggak']	neutral
['bayar', 'listrik', 'sulit', 'ampun', 'hadeh', 'rekomend']	negative
['apl', 'sistem', 'kendala', 'sudah', 'minggu', 'buka', 'manfaat', 'banget', 'apl']	neutral
['kalo', 'tf', 'ewallet', 'gagal', 'begitu', 'tolong', 'baik', 'susah', 'kalo', 'ngapa', 'ini']	neutral
['pakai', 'wonder', 'langsung', 'suka', 'transaksi', 'mudah', 'tampil', 'kece', 'simple', 'friendly', 'guna', 'thumbs', 'up', 'wondr', 'by', 'bni', 'kembangin', 'terus', 'fitur']	positive
['bagus', 'sih', 'modern', 'ajar', 'sayang', 'bom', 'fitur', 'transaksi', 'atm', 'kartu']	neutral
['fitur', 'lengkap']	positive
['bagus', 'sih', 'aplikasi', 'nyacuman', 'banget', 'transfer', 'top', 'up', 'dana', 'gagal', 'terusterus', 'kadang', 'sudah', 'hasil', 'masuk', 'nominal', 'uang', 'ulang', 'kali', 'cuman', 'bagus', 'aplikasi', 'malahanapa', 'versi', 'beta', 'kah', 'developer', 'tolong', 'solusi', 'guna', 'setia', 'mobile', 'banking', 'bni', 'thank', 'you']	neutral
['apk', 'eror', 'dap', 'transfer', 'uang']	negative
['tampil', 'tarik', 'warna', 'warni', 'gampang', 'simpel', 'mudah', 'transaksi', 'akses', 'mudah', 'cepat', 'bayar', 'qris', 'wondr', 'cepat', 'banget', 'step', 'selesai', 'password', 'pakai', 'pin']	positive
['kali', 'otp', 'sms', 'wa', 'susah', 'banget', 'jaring', 'lancar']	neutral
['daftar']	neutral
['bni', 'saldo', 'minimum', 'korupsi', 'bank', 'nol', 'bni', 'bisa', 'saldo', 'endap', 'sampi', 'korupsi']	negative
['guna', 'simpel', 'setiap', 'transaksi', 'notifikasi', 'ambang', 'via', 'email']	positive
['mantab', 'bantu']	positive
['menu', 'lengkap', 'kayak', 'bni', 'mobile']	positive
['transaksi', 'cepat', 'enggak', 'lot', 'juga', 'recomend']	positive
['kecewa', 'sudah', 'lot', 'gangguandan', 'sekang', 'mengurus', 'cabangbuang']	negative
['ribet']	positive
['saldo', 'mes', 'kalau', 'sudah', 'isi', 'saldo', 'saldo', 'habis', 'ambil', 'sikit', 'potong', 'denda']	negative
['fiturnya', 'bagustapi', 'bikin', 'verifikasi', 'pin', 'selalu', 'tulis', 'salah', 'sistem', 'terus', 'verifikasi', 'ulang', 'pin', 'henti', 'situ', 'enggak', 'halaman', 'selanjutnyaini', 'sudah', 'inikendalanya', 'habis', 'foto', 'ktp', 'ngisi', 'nomor', 'kartu', 'habis', 'verifikasi', 'pinbikin', 'pinnah', 'ngisi', 'pin', 'selalu', 'tulis', 'maaf', 'salah', 'sistemterus', 'coba', 'kannah', 'henti', 'situ', 'masuk', 'akun']	neutral
['kembang', 'aplikasi', 'sudah', 'bagus']	positive
['puasnamun', 'setor', 'tunai', 'via', 'apk']	positive
['lumayan', 'terkadang', 'jam', 'malam', 'susah', 'menarik']	neutral
['close', 'daftar', 'ulang', 'baik', 'bug', 'min', 'tq']	neutral
['wondr', 'bni', 'transaksi', 'uang', 'mudah', 'transfer', 'beli', 'token', 'listrik', 'bayar', 'pajak', 'kendaraanpbb', 'top', 'up', 'ewallet', 'kirim', 'uang', 'saku', 'jarang', 'bawa', 'uang', 'cash', 'beli', 'makan', 'beli', 'barang', 'pakai', 'qris', 'wondr', 'bni']	positive
['cair', 'bni', 'simponi', 'usia', 'potong', 'tabung', 'bni', 'simponi', 'gaji', 'kalo', 'potong', 'administrasi', 'bulan', 'kontrak', 'kerja', 'potong', 'ribu', 'potong', 'capai', 'juta', 'selesai', 'kontrak', 'usia', 'iya', 'kena', 'potong']	negative
['maaf', 'hapus', 'transaksi', 'qris', 'va', 'pakai', 'wondr', 'bni', 'belah', 'my', 'baca', 'lancar', 'bank', 'bumn', 'matang', 'aplikasi', 'mobile', 'saing', 'nyaman', 'nasabah', 'ikut', 'ala', 'digital', 'mentah', 'tks', 'sukses', 'bni', 'ajar', 'itu']	negative
['permisi', 'tranfer', 'aplikasi', 'dana', 'masalah', 'ya', 'tulis', 'kalo', 'tranfer', 'gopay', 'pakai', 'aplikasi', 'bni', 'normal', 'tranfer']	negative
['muas']	positive
['mudah', 'mengantri', 'atm']	positive
['pakai', 'apk', 'bni', 'mobile', 'qris', 'sayang', 'benah', 'apk', 'wondr', 'update', 'saldo', 'beli', 'token', 'listrik', 'tau', 'kurang', 'saldo', 'adm', 'bulananlalu', 'tf', 'rekening', 'halaman', 'utama', 'ulang', 'trx', 'beli', 'token', 'masuk', 'apk', 'open', 'apk', 'tuju', 'privasi', 'informasi', 'promosi', 'bni', 'notif', 'bni', 'mobile', 'informasi', 'promo', 'beli', 'token']	neutral
['mantap', 'pakai', 'wondr', 'akses', 'transaksi', 'cepat', 'mudah', 'terimakasih', 'wondr']	positive
['tampil', 'lucu', 'bagus', 'banget', 'bni', 'wondr', 'bantu', 'worth', 'itu', 'transaksi', 'bayar', 'pln', 'foodcortnya', 'mudah', 'user', 'transaksi', 'enggak', 'pakai']	positive
['aplikasi', 'bagus', 'kalo', 'ganti', 'hp', 'login', 'ribet', 'verifikasi', 'gagal']	neutral
['berulangkali', 'install', 'uninstall', 'wonder', 'kali', 'kantor', 'cabangx', 'call', 'bni', 'aplikasi', 'connect', 'nomor', 'rekening', 'tabung', 'rating', 'aplikasi', 'aplikasi', 'payah']	negative
['kalo', 'ganggu', 'malam', 'pagi', 'sampai', 'sore', 'ganggu', 'orang', 'aktifitas']	negative
['sih', 'siang', 'enggak', 'pakai', 'mohon', 'baik', 'perlu', 'aplikasi', 'aplikasi', 'eror', 'mohon', 'cepat', 'tindak', 'lanjut', 'karena', 'perlu', 'tunda', 'gara', 'gara', 'aplikasi', 'eror']	negative
['wondr', 'menu', 'mobile', 'tunai', 'menu', 'tarik', 'tunai', 'setor', 'tunai', 'kartu', 'mohon', 'karena', 'bantu']	negative
['rekening', 'anggap', 'aktif', 'terus', 'masuk', 'menu', 'saldo', 'aktifin', 'rekening', 'muncul', 'error', 'aplikasi', 'niat', 'enggak', 'sih']	negative
['halo', 'kakak', 'bni', 'ganggu', 'bagaimana', 'kak', 'tf']	neutral
['aplikasi', 'ribet', 'akun', 'enggak', 'masuk', 'baharu', 'beda', 'bank', 'enggak', 'ribet', 'bagaimana', 'pakai', 'aplikasi', 'ribet']	negative
['layan', 'mudah']	positive
['aplikasi', 'mudah', 'cepat', 'fitur', 'qris', 'terima', 'dana', 'bni', 'mobile']	positive
['mudah', 'simple']	positive
['login', 'login', 'kali', 'buka', 'aplikasi', 'ujung', 'sesi']	neutral
['aplikasi', 'bagus', 'lapor', 'uang', 'detail', 'tunggu', 'estatement', 'bulan', 'cek', 'transaksi', 'uang', 'bank', 'bni', 'mobile', 'lihat', 'wondr', 'kecewa', 'berat', 'sih']	neutral
['menu', 'setor', 'tunaitarik', 'tunai', 'kartu']	positive
['ui', 'bagus', 'alangkah', 'baik', 'fitur', 'mobile', 'banking', 'hadir', 'salah', 'satu', 'fitur', 'tariksetor', 'tunai', 'kartu']	positive
['full', 'fiture', 'bni']	positive
['mudah', 'praktis']	positive
['bagus', 'transaksi', 'mudah']	positive
['apk', 'jelek', 'transaksi', 'mending', 'pakai', 'apk', 'bni', 'banyak', 'error']	negative
['aplikasinha', 'jelek', 'banget', 'malam', 'transaksi', 'qris', 'salldo', 'kurang', 'cuman', 'aneh', 'enggak', 'masuk', 'history', 'transaksi', 'terakhr', 'bukti', 'masuk', 'gmail', 'sehing', 'mesti', 'bank', 'unt', 'komplain']	negative
['era', 'bertransaksirasakan', 'alam', 'tarik', 'belanja', 'jajanbayar', 'tagih', 'aplikasi', 'aplikasi', 'ringan', 'jamin', 'ojk', 'mantap', 'wondr', 'by', 'bni']	positive
['tampil', 'segar', 'buka', 'rekening', 'jangka', 'sesuai', 'untuk', 'edit', 'nama', 'sesuai', 'mantap', 'transaksi', 'mudah', 'cepat']	positive
['mudah', 'cepat', 'aplikasi', 'wondr', 'by', 'bni']	positive
['kali', 'sms', 'notifikasi', 'gagal', 'kirim', 'kartu', 'kredit', 'kirim', 'seperti', 'niat', 'kartu', 'kredit', 'rumah', 'mncul', 'nak', 'biaya', 'tahun', 'kartu', 'terima', 'kena', 'tagih', 'biaya', 'tahun']	negative
['gagal', 'verifikasi', 'email', 'kirim', 'otp', 'email', 'banget', 'gilir', 'email', 'sudah', 'masuk', 'ulang', 'tks']	negative
['verifikasi', 'email', 'gajadi', 'email', 'penuh', 'enggak ada', 'kode', 'otp', 'masuk', 'email', 'bagaimana', 'mohon', 'bantuanya']	neutral
['paksa', 'kasih', 'karena', 'minimal', 'kasih', 'komen', 'kasih', 'kasih', 'upgrade', 'apk', 'downgrade', 'kali', 'kali', 'transaksi', 'gagal', 'hasil', 'butuh', 'cepat', 'jatuh', 'bikin', 'emosi', 'tetiba', 'saldo', 'potong', 'gdk', 'histori', 'nak', 'potong', 'histori', 'cuman', 'transaksi', 'doang', 'potong', 'bni', 'alias', 'transparan', 'update', 'apknya', 'update', 'ganti', 'apk']	negative
['simple', 'satset', 'fitur', 'kerenny', 'lihat', 'lapor', 'uang', 'tau', 'deh', 'boros', 'haha', 'promony', 'bejibum', 'tambah', 'fitur', 'manfaat', 'saia', 'lupa', 'reset', 'pinbuka', 'kartu', 'blokir', 'kartu', 'atm', 'dong', 'keren', 'wondr', 'by', 'bni']	positive
['aplikasi', 'buruk', 'transaksi', 'alami', 'ganggu', 'baik', 'nyaman']	negative
['tapcash', 'masuk', 'via', 'bni', 'mobile']	negative
['sudah', 'bagus', 'saran', 'proses', 'login', 'mudah', 'mana', 'apknya', 'eror', 'halaman', 'syarat', 'tuju', 'centang', 'tuh', 'instal', 'ulang', 'password', 'salah', 'catat', 'aplikasi', 'bilang', 'password', 'masuk', 'salah', 'pin', 'aju', 'lupa', 'password', 'pin', 'proses', 'login', 'ribet', 'sudah', 'keluh']	neutral
['app', 'wonder', 'bni', 'saya', 'buka']	neutral
['bantu', 'mudah', 'dalam', 'transaksi']	positive
['aplikasi', 'bantu', 'proses', 'apa', 'terimakasih', 'bni']	positive
['wondr', 'by', 'bni', 'benaran', 'bikin', 'transaksi', 'gampang', 'banget', 'fiturnya', 'lengkap', 'tampil', 'simpel', 'enggak', 'ribet', 'ajar', 'pakai', 'kali', 'suka', 'banget', 'cepat', 'proses', 'enggak', 'menunggu', 'transaksi', 'selesai', 'cocok', 'banget', 'mudah', 'urus', 'uang', 'seharihari']	positive
['sudah', 'login', 'banget', 'loading', 'bagus', 'apk', 'bni', 'mobile', 'banking']	negative
['baik', 'jaring']	neutral
['enggak', 'seperti', 'mobile', 'banking', 'lamayg', 'aplikasi', 'maintenance', 'tolong', 'dong', 'aplikasi', 'masih', 'diujicoba', 'langsung', 'suruh', 'pakai', 'nasabah', 'kita', 'butuh', 'aplikasi', 'mt', 'bagaimana', 'sih']	negative
['alhamdulillah', 'bantu', 'mudah', 'transaksi']	positive
['moga', 'aplikasi', 'tarik', 'setor', 'tunai', 'otp', 'langsung', 'muncul', 'aplikasi', 'baca', 'sms']	negative
['kali', 'login', 'sudah', 'beli', 'token', 'listrik', 'bni', 'mobile', 'arah', 'wondr', 'login', 'app', 'publis']	neutral
['minggu', 'aplikasi', 'eror', 'udan', 'uninstal', 'instal', 'tetap', 'buka']	neutral
['wonder', 'bni', 'suka', 'masalah', 'transfer', 'bank', 'perintah', 'loch', 'kalah', 'tetangga', 'belah']	positive
['ringkas', 'cepat', 'sayang', 'transfer', 'bang', 'mode', 'bifast', 'aplikasi', 'bantu', 'terima', 'kasih']	neutral
['kecewa', 'model', 'riwayat', 'transaksi', 'lengkap', 'aplikasi', 'bni', 'mobile', 'bni', 'mobile', 'lengkap', 'saldo', 'tarik', 'mudah', 'ngehitung', 'saldo']	neutral
['layan', 'bagus', 'info', 'wonder', 'bni', 'aplikasi', 'gagal', 'layan', 'bagus', 'ganguang', 'atas', 'lmbat', 'kerja', 'lambat', 'makan', 'gaji', 'buta', 'aplikasi', 'kalo', 'gagal', 'publikasi', 'nasabah', 'pakai', 'ganguan', 'aplikasi', 'wonder', 'tahi']	negative
['hai', 'minsaya', 'aktivasi', 'enggak', 'memasuki', 'no', 'kartu', 'indak', 'pinmuncul', 'notif', 'maaf', 'jaring', 'belum', 'siapbisa', 'begitu', 'yatrus', 'memasuki', 'pin', 'begitu', 'gakpp', 'terimakasih', 'ksi', 'dluklo', 'sudah', 'aktif', 'baru', 'data', 'pin', 'aman', 'verivikasi', 'identitas', 'memasuki', 'pin', 'andatpi', 'stag', 'situ', 'minrek', 'taplus', 'anak', 'upload', 'wonder', 'enggak']	neutral
['kok', 'apk', 'bisa', 'buka', 'notifnya', 'kendala', 'tim', 'baik']	neutral
['aplikasi', 'loding', 'buka']	neutral
['aktifasi', 'transaksi', 'mudah', 'fitur', 'simpel', 'cepat', 'lengkap']	positive
['aplikasi', 'kntl', 'verif', 'email', 'banget', 'gilir', 'input', 'kode', 'salah', 'mulu', 'sudah', 'coba', 'ulang', 'tetap', 'bintang', 'nol']	negative
['kasih', 'bintang', 'kenapasudah', 'login', 'aplikasi', 'mentok', 'logo', 'wonder', 'jaring', 'bagus', 'divece', 'dukung', 'masuk', 'susah', 'tolong', 'wonder', 'baik', 'mending', 'pakai', 'bni', 'mobile', 'banking', 'wonder', 'menyusahkan']	negative
['buka', 'klik', 'aplikasi', 'heng', 'paksa', 'uninstal', 'instal', 'ulang', 'buka', 'aplikasi', 'wondr', 'by', 'bni', 'tolong', 'tim', 'itu', 'wondr', 'by', 'bni', 'baik', 'aplikasi', 'kadang', 'scan', 'qris', 'eh', 'aplikasi', 'enggak', 'buka', 'kesel']	negative
['bagus', 'transaksi', 'pin']	positive
['log', 'out', 'bni', 'mobile', 'wondr', 'kali', 'kali', 'transaksi', 'tolong', 'tingkat', 'mudah', 'efisensi', 'aplikasi', 'nasabah', 'bni', 'depan']	neutral
['buka', 'aplikasi']	neutral
['keren', 'transaksi']	positive
['puas', 'alam', 'wondr', 'by', 'bni', 'aplikasi', 'milik', 'tampil', 'modern', 'intuitif', 'mudah', 'fiturfiturnya', 'lengkap', 'bantu', 'atur', 'uang', 'tabung', 'transaksi', 'pantau', 'keluar', 'praktis', 'salah', 'suka', 'proses', 'transaksi', 'cepat', 'aman', 'khawatir', 'lambat', 'teknis', 'wondr', 'by', 'bni', 'bantu', 'meng']	positive
['kendala', 'apa', 'transaksi', 'layan', 'lancaar']	positive
['hai', 'tim', 'kembang', 'app', 'wondr', 'updatean', 'mengasih', 'saran', 'nih', 'coba', 'riwayat', 'transfer', 'menu', 'estatment', 'app', 'wondr', 'menu', 'app', 'pindah', 'data', 'biar', 'app', 'belah', 'enggak', 'biar', 'efisien', 'anggar', 'app']	neutral
['app', 'bagus', 'simple', 'bantu', 'pantau', 'transaksi', 'uang', 'atur', 'jadwal', 'transfer', 'lihat', 'aset', 'semoga', 'cepat', 'update', 'baru', 'menu', 'agam', 'bni', 'mobile', 'bayar', 'pertamina', 'lpg', 'kg', 'mobile', 'tunai', 'menu', 'detail', 'dplkbni', 'simponi', 'menu', 'detail', 'pinjam']	positive
['layan', 'yang', 'boleh', 'aplikasinice']	positive
['aplikasi', 'transaksi', 'kartu', 'tolong', 'mudah', 'tarik', 'tunai', 'kartu', 'atm']	neutral
['pakai', 'apk', 'hasil', 'apk', 'buka', 'halaman', 'kayak', 'hang', 'begitu', 'masuk', 'enggak', 'cs', 'ganggu']	positive
['min', 'bagaimana', 'sia', 'sudah', 'bikin', 'akun', 'lohtapi', 'kenapa', 'buka', 'aplikasi', 'suruh', 'bikin', 'akun', 'lagidan', 'gabiaa', 'loginayolah', 'benar', 'ajamasa', 'rua', 'bikin', 'aiun']	negative
['fiturnya', 'sih', 'bagus', 'ubah', 'bni', 'mobile', 'banking', 'fitur', 'mobile', 'tunai', 'saran', 'mohon', 'update', 'fiturfitur', 'mobile', 'tunai', 'mudah', 'transaksi', 'tarik', 'tunai', 'lupa', 'bawa', 'kartu', 'atm', 'handphone', 'manfaat', 'mudah', 'user', 'nasabah', 'transaksi']	positive
['lihat', 'bni', 'poin', 'bni', 'reward', 'poin', 'menu', 'kartu', 'kredit', 'tambah', 'notifikasi', 'dana', 'masuk']	neutral
['duh', 'susah', 'verifikasi', 'wajah', 'masuk', 'lola', 'apk', 'jaring', 'stabil', 'enak', 'apk']	negative
['februari', 'usia', 'wondr', 'by', 'bni', 'tanya', 'menu', 'kalah', 'bni', 'mobile', 'banking', 'fitur', 'kembang', 'wondr', 'by', 'bni', 'mana', 'sd', 'fitur', 'ganti', 'pin', 'kakak', 'tambah', 'fitur', 'layan', 'ib', 'bni', 'fungsi', 'ib', 'bni', 'bni', 'mobile', 'banking', 'suntik', 'mati', 'menu', 'layan', 'wondr', 'by', 'bni', 'maksimal', 'minimal', 'sama', 'bni', 'mobile', 'banking']	neutral
['tolong', 'baik', 'verifikasi', 'wajah', 'sudah', 'baca']	negative
['tingkat', 'kwalitasnya']	neutral
['bagaimana', 'kelar', 'registrasi', 'buka', 'ulang', 'aplikasi', 'redirect', 'registrasi', 'bagi', 'snk', 'suruh', 'login', 'halaman', 'login', 'otomatis', 'halaman', 'snk']	positive
['tingkat', 'layan']	neutral
['halo', 'nasabah', 'bni', 'log', 'ini', 'aplikasi', 'wondr', 'menu', 'tera', 'arah', 'tabung', 'solusi', 'buka', 'rekening']	neutral
['mudah', 'transaksi']	positive
['ganggu', 'optimal', 'pagi', 'sore', 'enggak', 'kelar', 'urgent', 'tolong', 'tingkat', 'apk']	positive
['puas', 'performa', 'aplikasi']	positive
['minkenapa', 'pakai', 'airpay', 'international', 'shopeepay', 'kena', 'kendala', 'tim', 'baik', 'coba', 'min', 'salah', 'salah', 'app', 'nyalagi', 'min', 'tolong', 'cepat']	positive
['kali', 'coba', 'gagal', 'kedip', 'mata', 'mencoba', 'dihp', 'loh', 'langsung', 'lancar', 'dihp', 'kedip', 'mata', 'gagal', 'truus', 'sebegitunya', 'banget', 'verivikasi', 'wajah', 'min']	negative
['bagus', 'lebih', 'kalau', 'tingkat', 'dengan', 'variasi', 'transaksi']	positive
['enggak', 'kemarin', 'aplikasi', 'buka']	negative
['guna', 'telkomsel', 'resah', 'buka', 'aplikasi', 'wonder']	negative
['jelek', 'aplikasi', 'top', 'up', 'e', 'wallet', 'uang', 'buruk', 'aplikasi']	negative
['wondr', 'by', 'bni', 'setiap', 'jam', 'atas', 'ganggu', 'transaksi']	negative
['bantu', 'transaksi']	positive
['ribet', 'ajg', 'bayar', 'listrik', 'doang', 'download', 'apk', 'sudah', 'benar', 'benar', 'mbanking', 'ribetin']	negative
['ngeblank', 'nyaman', 'pakai', 'bni', 'mobile', 'banking', 'bolak', 'wonders', 'ribet', 'bayar', 'tagih', 'listrik', 'susah', 'aplikasi', 'ngeblank']	neutral
['daftar', 'wondr', 'log', 'out', 'log', 'ini', 'enggak', 'bisamalah', 'daftarterus', 'sesi', 'terang', 'sampi', 'skrag', 'enggak']	neutral
['wonder', 'bni', 'kendala', 'kak']	positive
['wondr', 'kok', 'sihtopup', 'dana', 'status', 'hasil', 'saldo', 'masuk', 'danatau', 'tau', 'saldo', 'bni', 'coba', 'topup', 'status', 'gagal', 'saldo', 'potong']	positive
['gagal', 'masuk', 'aneh', 'suruh', 'isi', 'biodata', 'janganjangan', 'aplikasi', 'baja', 'rekomended', 'pakai', 'aplikasi']	negative
['mudah', 'gunakandan', 'cepat', 'registrasi', 'gampang', 'enggak', 'ribet']	positive
['proses', 'mudah', 'cepat', 'akrat', 'praktis']	positive
['pencet', 'uninstal', 'ssh', 'donwload']	negative
['menu', 'cek', 'mutasi', 'rekening', 'sedia', 'aplikasi', 'bni', 'mbanking', 'catat', 'pasu', 'keluar', 'aplikasi', 'catat', 'hitung', 'sisa', 'saldo', 'before', 'after', 'transaksi', 'monitor', 'nasabah', 'detil', 'hindar', 'risiko', 'salah', 'bank', 'izin', 'fitur', 'screenshot', 'perlu', 'evidence', 'bayar', 'tagih', 'pribadi', 'kantor', 'butuh', 'menu', 'transfer', 'ewallet', 'tapcash', 'dll']	neutral
['aplikasi', 'bank', 'verifikasi', 'ulang', 'verifikasi', 'wajah', 'ribet', 'baca', 'kecewa']	negative
['mantap', 'guna']	positive
['bantu', 'transaksi']	positive
['mohon', 'maaf', 'dear', 'cs', 'bni', 'rekenening', 'aktiv', 'bni', 'aplikasi', 'wondr', 'bni', 'nyaman', 'bni', 'asuransi', 'program', 'bni', 'lite', 'asuransi', 'sudah', 'serah', 'bpjs', 'aplikasi', 'serasa', 'paksa', 'program', 'asuransi', 'bni', 'lite', 'tabung', 'sumbang', 'uang', 'asuransi']	negative
['tampil', 'aplikasi', 'lucu', 'banget', 'warna', 'super', 'fun', 'beli', 'makan', 'foodcourt', 'pakai', 'wondr', 'promo', 'tarik']	positive
['mantab', 'aplikasi', 'baru', 'bni', 'fitur', 'mudah', 'nasabah', 'rubah', 'pin', 'susah', 'susah', 'bank', 'ganti', 'pin', 'terima kasih', 'bni', 'moga', 'maju', 'depan', 'tingkat', 'layan', 'aplikasi', 'kalah', 'aplikasi']	positive
['tingkat', 'top', 'up', 'shop', 'susah', 'benar', 'batasin', 'menyesal', 'kemarin', 'menghapus', 'app', 'mbanking', 'versi']	negative
['aplikasi', 'masuk', 'daninta', 'verifikasi', 'ulang', 'pergi', 'kantor', 'cabang']	negative
['terang', 'tranfers', 'detailmohon', 'tambah', 'tulis', 'baik', 'bug', 'nonaktif', 'appl']	neutral
['pokok', 'mantap', 'deh', 'aplikasi']	positive
['tahun', 'pakai', 'bni', 'mobile', 'banking', 'rekening', 'aman', 'eh', 'pakai', 'wondr', 'rekening', 'bobol', 'saldo', 'kurang', 'transaksi']	negative
['fitur', 'mobil', 'banking']	negative
['aplikasi', 'mudah', 'pakai', 'transfer', 'gratis', 'top', 'up', 'ewallet', 'isi', 'token', 'listrik', 'isi', 'pulsa', 'mudah', 'aplikasi', 'praktis', 'user', 'friendly']	positive
['mudah', 'praktis', 'pakai']	positive
['top', 'up', 'maksimal', 'juta', 'bank', 'juta']	neutral
['aplikasi', 'wondr', 'baik']	positive
['download', 'ikut', 'prosedur', 'daftar', 'transaksi', 'kok', 'daftar', 'ulang', 'butut']	negative
['sudah', 'akun', 'enggak', 'login', 'muncul', 'syarat', 'tentu', 'sudah', 'tuju', 'sesi', 'begitu', 'enggak', 'loginnya']	neutral
['parah', 'sudah', 'verifikasi', 'wajah', 'hari', 'gagal', 'susah', 'aplikasi', 'nambahi', 'beban', 'hidup', 'tolong', 'bikin', 'mudah', 'beban', 'hidup', 'berat', 'tambah', 'aplikasi', 'menyusahkan', 'kayak', 'begini']	negative
['daftar', 'foto', 'wajah', 'daftar', 'login', 'daftar', 'login', 'daftar', 'empat', 'sulit', 'pasword', 'aplikasi', 'enggak', 'nrima', 'daftar', 'pin', 'terima', 'aplikasi', 'beli', 'paket', 'data', 'banyak', 'data', 'hmm', 'tolong', 'perhati', 'bni']	negative
['daftar', 'rekening', 'info', 'langsung', 'cetak', 'kartu', 'atm', 'via', 'mesin', 'digi', 'cs', 'nyata', 'cetak', 'kartu', 'atm', 'arah', 'cs', 'antri', 'rekening', 'bank', 'simple', 'episien', 'buang', 'tau', 'bank', 'apk', 'wonder', 'bagus', 'lokasi', 'bank', 'bni', 'cikarang', 'jalan', 'yos', 'sudarso']	negative
['sulit', 'verifikasi', 'wajah', 'salah', 'masuk', 'pin', 'kali', 'coba', 'gagal', 'bela', 'bain', 'salah', 'cabang', 'kantor', 'bni', 'csnya', 'serah', 'sekian', 'kali', 'ujicoba', 'paksa', 'uninstall', 'kecewa']	neutral
['bagus', 'bni', 'baik', 'sistem', 'siang', 'siang', 'pakai', 'optimalisasi', 'baik', 'sistem', 'labih', 'malam']	negative
['mantap', 'amplikasi', 'bantu', 'ribeutt']	positive
['ribet', 'cardless', 'tarik', 'tunai', 'pakai', 'otp', 'sms', 'wajib', 'pulsa', 'baca', 'begituribetgagal', 'tarik', 'tunai']	negative
['transaksi', 'bni', 'mobile', 'banking', 'batas', 'contoh', 'beli', 'token', 'listrik', 'sudah', 'arah', 'wondr', 'gilir', 'registrasi', 'ket', 'sistem', 'kendala', 'suruh', 'coba', 'coba', 'gagal', 'sistem', 'belum', 'kenapa', 'nasabah', 'paksa', 'migrasi']	negative
['tulis', 'fontnya', 'kecilkecil', 'mohon', 'rubah', 'ukur', 'font', 'huruf', 'kayak', 'orang', 'pelit']	negative
['tolong', 'banyak', 'fitur', 'bni', 'mbanking', 'aplikasi', 'fitur', 'nonaktif', 'gara', 'aplikasi', 'wonder', 'aplikasi', 'wonder', 'rilis', 'banget', 'kalo', 'upgarde', 'langsung', 'hilang', 'nonaktif', 'aplikasi']	neutral
['ribet', 'sih', 'masuk', 'bisa', 'bisa', 'masuk', 'aplikasi', 'data', 'enggak', 'simpan', 'sudah', 'sempurna', 'verifikasi', 'data', 'tolong', 'baik']	negative
['loading', 'login', 'detik', 'kondisi', 'jaring', 'aman', 'lancar', 'buka', 'sama', 'banking', 'lancar', 'saja']	neutral
['kacau', 'update', 'ganggu', 'dikirain', 'peng', 'update', 'an', 'coba', 'dong', 'cepat', 'teknis']	negative
['bintang']	neutral
['menarik', 'tunai', 'mobile', 'bni', 'kode', 'kirim', 'sms', 'tolong', 'baik', 'sudah', 'mencoba', 'banyak', 'mesin', 'atm', 'kode', 'kirim', 'sms']	neutral
['moga', 'hadiah', 'tf']	neutral
['masuk', 'ribet', 'aplikasi', 'rek']	negative
['aplikasi', 'bagus', 'simpel', 'mohon', 'baik', 'jaring', 'lot']	negative
['mudah', 'transaksi']	positive
['akwowkaok', 'aplikasi', 'enggak jelas', 'beda', 'tampil', 'doang', 'sisa', 'heran', 'gue', 'bisa', 'pikir', 'ngerilis', 'apk', 'badut', 'lebih', 'aplikasi', 'kocak', 'sizenya', 'kali', 'lipat', 'banding', 'bni', 'bawa', 'rilis', 'size', 'sudah', 'tembus', 'mbak', 'fitur', 'lihat', 'keluar', 'doang', 'gaguna', 'blok', 'lihat', 'bni', 'enggak ada', 'duit', 'gaji', 'developer', 'proper', 'aplikasi', 'ganti', 'interface', 'lu', 'kasih', 'anak', 'kuliah', 'semester', 'tholool', 'wkwkwk', 'badut']	negative
['aplikasi', 'maksimal', 'wondr', 'tarik', 'tunai', 'kartu', 'memang', 'alih', 'aplikasi', 'maksimal', 'sudah', 'dipakai', 'maksimal']	neutral
['manfaat', 'fitur', 'lengkap', 'sederhana', 'mudah', 'paham']	positive
['bagus', 'akuntabel']	positive
['aplikasi', 'mbanking', 'sudah', 'kali', 'error', 'verifikasi', 'ktp', 'no', 'kartu', 'bni', 'aplikasi', 'masalah', 'bug', 'jaring']	negative
['wondr', 'eror', 'transaksi', 'lambat', 'senang', 'bintang', 'kasih', 'bintang', 'senang', 'aplikasi', 'mbanking']	negative
['maintenance', 'waktu', 'saat']	neutral
['takut', 'sih', 'instal', 'daftar', 'data', 'pribadi', 'no', 'atm', 'plus', 'sandi', 'bank', 'sandi', 'atm', 'kok', 'wajib', 'alhasil', 'batalin', 'daftar', 'login']	neutral
['baik']	positive
['bayar', 'qris', 'tera', 'hasil', 'buka', 'email', 'tulis', 'saldo', 'kembalikantp', 'nyata', 'saldo', 'kurang']	neutral
['sudah', 'pakai', 'download', 'aplikasi', 'senang', 'transaksi', 'ayo', 'buru', 'jugaaplikasi', 'mudah', 'juta', 'umat']	positive
['mudah']	positive
['kasih', 'bintang', 'duluwalaupun', 'belum', 'lasuk', 'mencobnya']	positive
['kasih', 'bintang', 'dulusemoga', 'segara', 'update', 'proses', 'tarik', 'tunai', 'cepat', 'masuk', 'pemberitahuan', 'transaksi', 'transaksi', 'kali', 'saji', 'saldo', 'saldo', 'saldo', 'masuk', 'moga']	neutral
['repot', 'wonder', 'bikin', 'susah', 'login', 'malas', 'pakai', 'bni', 'wonder', 'bagus', 'simpel', 'pakai', 'bni', 'isi', 'token', 'listrik', 'saja', 'wonder', 'ahk', 'repot', 'loginnya', 'susah', 'parah', 'banget', 'terang', 'masalah']	negative
['bagaimana', 'top', 'up', 'ewalet', 'enggak', 'batas', 'sudah', 'logout', 'tetap', 'ajainfonya', 'limit', 'hari', 'sudah', 'hari', 'limit', 'enggak', 'ubah']	negative
['desak', 'app', 'buka', 'bilang', 'wondr', 'halo', 'optimal', 'sistem', 'coba', 'aplikasi', 'bahaya', 'guna', 'darurat']	negative
['bantu', 'transaksi', 'topup']	positive
['transfer', 'ikon', 'transfer', 'enggak', 'pencet', 'tolong', 'bagaimana', 'sudah', 'restart', 'hp', 'ganti', 'jringn', 'fitur', 'ada']	neutral
['aplikasi', 'bagus', 'mbanking', 'mudah', 'dalam', 'operasionalnyasaat', 'verifkasi', 'wajah', 'harus', 'ulang', 'ulang', 'padahal', 'terang', 'cahaya', 'kirim', 'kode', 'otp', 'begitu', 'terima', 'masuk', 'sudah', 'laku', 'hadeh']	neutral
['jaring', 'bagus', 'password', 'baru']	positive
['mudah', 'cepat', 'ui', 'tarik']	positive
['mudah', 'aman', 'sayang', 'biaya', 'admin', 'lumayan', 'mahal']	positive
['transaksi', 'e', 'wallet', 'shopee', 'pay', 'pakai', 'wondr', 'limit', 'juta', 'pakai', 'sama', 'banking', 'enggak', 'limit']	negative
['susah', 'verifikasi', 'wajah', 'mengikuti', 'tunjuk', 'dengan', 'suruh', 'ngedipin', 'mata', 'mata', 'sudah', 'kedap', 'kedip', 'ggal']	negative
['keren', 'bantu']	positive
['the', 'best', 'pokok', 'bikin', 'tabung', 'bank', 'kali', 'kali', 'umur', 'hidup', 'kalo']	positive
['layan', 'dplk', 'kecewa', 'atur', 'kerja']	negative
['pakai', 'wondr', 'enak', 'instan', 'cepettiap', 'transaksi']	positive
['verifikasi', 'email', 'otp', 'delayotp', 'enggak', 'masuk', 'otp', 'masuk', 'aplikasi', 'halaman', 'utamaterus', 'ulang', 'ujung', 'capai', 'batas', 'verifikasi', 'tolong', 'baik']	neutral
['kecewa', 'kelas', 'bni', 'notabene', 'bank', 'indonesia', 'aplikasi', 'kayak', 'gin', 'buka', 'siang', 'jam', 'malam', 'tau', 'sampai', 'nasabah', 'pindah', 'kayak', 'gin']	negative
['layan', 'sepenuh', 'hati', 'cepat', 'prima']	positive
['kecewa', 'transaksi', 'wallet', 'limittolong', 'baik', 'unlimited', 'kayak', 'aplikasi']	negative
['verifikasi', 'wajah', 'gagal', 'ikut', 'perintah', 'atas', 'suruh', 'depan', 'depan', 'atas', 'aduh']	negative
['download', 'aplikasi', 'wondr', 'buka', 'rekening', 'bni', 'satpam', 'biar', 'mudah', 'transaksi', 'benaran', 'dongtransaksi', 'mudah', 'karena', 'pakai', 'aplikasi', 'wondr', 'langsung', 'qris', 'fiturnya', 'bagus', 'terima kasih', 'wondr', 'mudah', 'hidup']	positive
['uinya', 'tarik', 'banding', 'mbanking', 'uxnya', 'mudah', 'paham', 'tahan', 'tingkat']	positive
['muas']	positive
['konyol', 'enggak', 'pakai', 'sudah', 'bank', 'bni', 'dekat', 'orang', 'enggak', 'layan', 'aneh', 'judes']	negative
['wondr', 'by', 'bni', 'suruh', 'daftar', 'palaggi', 'suruh', 'masuk', 'pin', 'sudah', 'benar', 'pin', 'tetap', 'salah', 'salah', 'coba', 'boleh', 'kerjasamanya']	negative
['daftar', 'mudah', 'simple', 'cepat', 'fitur', 'aplikasi', 'lengkap', 'bni', 'mobile']	neutral
['error', 'berat', 'enggak', 'kalimat', 'lapor', 'transaksi', 'kirim', 'enggak', 'fitur', 'terima', 'dana', 'qrisnya', 'kayak', 'bni', 'mobile', 'banking']	neutral
['mudah', 'transaksi', 'dimanapunsemakin', 'mantap', 'dengan', 'aplikasi', 'wondr', 'bnisemakin', 'jaya', 'bni']	positive
['suka', 'aplikasi', 'karena', 'mudah', 'alami', 'kendala', 'pindah', 'kartu', 'hp', 'login', 'wonder', 'verifikasi', 'wajah', 'gagal', 'suruh', 'tunggu', 'hari', 'coba', 'ikut', 'arah', 'layar', 'minggu', 'login']	positive
['kendala', 'urgent', 'enggak bisa', 'diharepin', 'cepat', 'transaksi', 'online', 'fitur', 'fitur', 'tambah', 'banking']	neutral
['aplikasi', 'bagus', 'sebenarnya', 'suruh', 'verifikasi', 'kalo', 'masuk', 'ngulang', 'memasuki', 'nomor', 'memfoto', 'ktp', 'ribet', 'tolong', 'baik']	negative
['halo', 'bni', 'kasih', 'saran', 'tampil', 'history', 'transaksi', 'samain', 'app', 'mbanking', 'sisa', 'saldo', 'transaksi', 'debet', 'kredit', 'kanan', 'nominal', 'debet', 'kredit', 'tampil', 'notifikasi', 'transaksi', 'sisa', 'saldo', 'transaksi', 'history', 'terima', 'kasih']	neutral
['sumpah', 'bikin', 'kesel', 'tibatiba', 'password', 'enggak', 'masuk', 'bikin', 'password', 'verifikasi', 'wajah', 'berkalikali', 'enggak', 'asli', 'kesel', 'sumpah']	neutral
['lkp', 'apk', 'bni', 'mobil', 'bank', 'lamadi', 'wondr', 'bni', 'menu', 'cetak', 'bukti', 'transaksimobile', 'tunai', 'kadang', 'ngelag', 'buka', 'apkbintang', 'dulu', 'karena', 'tersebut']	neutral
['keren', 'banget', 'aplikasi', 'transaksi', 'apa', 'cepat', 'sat', 'set', 'sat', 'set', 'anak', 'muda', 'banget', 'warna', 'membosankan', 'sukses', 'bni']	positive
['enggak bisa', 'login', 'suruh', 'daftar', 'ulang', 'enggak bisa', 'transfer', 'terus', 'hapus', 'apk', 'download', 'enggak bisa', 'login']	neutral
['aplikasi', 'bagus', 'mudah', 'transaksi', 'ribet', 'mudah', 'operasional', 'cepat', 'saat', 'jaring', 'stabil', 'maju', 'terus', 'wondr', 'by', 'bni']	positive
['aplikasi', 'jelek', 'enggak', 'pakai', 'transfer', 'gagal']	negative
['tampil', 'bagus', 'simple', 'mbanking', 'bni', 'sayang', 'menu', 'tarik', 'tunai', 'biaya', 'administrasi', 'kartu', 'rekening', 'masuk', 'history', 'transaksi', 'bingung', 'tibatiba', 'dana', 'kurang', 'terang']	positive
['bayar', 'fitur', 'scan', 'qris', 'cepat', 'tinggal', 'aktif', 'layan', 'qris', 'halaman', 'login', 'tinggal', 'scan', 'qr', 'konfirmasi', 'memasuki', 'otp', 'selesai', 'menunggu', 'proses', 'bayar', 'enggak', 'pokok', 'keren', 'aplikasi']	positive
['wow', 'keren', 'mudah', 'riset', 'pin', 'aplikasi', 'mengantri', 'cs']	positive
['wao', 'aplikasi', 'baru', 'bni', 'aplikasi', 'keren', 'transaksi', 'uang', 'sudah', 'langsung', 'lihat', 'menu', 'fitur', 'utama', 'sudah', 'langsung', 'reset', 'pin', 'atm', 'blokir', 'gookil', 'aplikasi']	positive
['smooth', 'bni', 'mobile', 'banking', 'mohon', 'lengkap', 'fitur', 'bni', 'mobile', 'wondr', 'by', 'bni', 'setortarik', 'tunai', 'bayar', 'uang', 'kuliah', 'verifikasi', 'kedip', 'mata', 'fitur', 'insight', 'akurat', 'catat', 'tercatatterlewatkan', 'screenshoot', 'bug', 'ganggu', 'tunggu', 'versi', 'improve', 'bintang', 'naik', 'terimakasih']	neutral
['kak', 'verifikasi', 'tambah', 'cabang', 'dekat']	neutral
['isi', 'pulsa', 'kali', 'notifnya', 'beli', 'pulsa', 'gagal', 'saldo', 'hangus', 'refund', 'sekali', 'aplikasi', 'baik', 'bni', 'mobile', 'banking', 'sblumnya', 'sekali']	neutral
['uang', 'masuk', 'terang', 'tulis', 'bayar', 'kirim', 'namainstansino', 'rekening', 'kirim', 'uang', 'terang', 'kirim', 'muncul', 'terang', 'kirim', 'serta', 'terang', 'kirim', 'bayar', 'beda', 'mobile', 'banking', 'bni']	neutral
['belum', 'launching', 'cuma', 'token', 'listrik', 'suruh', 'beli', 'mbangking', 'setelah', 'turut', 'install', 'wondr', 'otp', 'otpnya', 'karena', 'sudah', 'kali', 'kali', 'kirom', 'ulang', 'suruh', 'besok', 'keburu', 'gelap', 'rumah', 'alhasil', 'beli', 'toko', 'pulsa', 'token', 'listrik']	negative
['tanggal', 'hari', 'transfer', 'bank', 'teknis', 'sih', 'hari', 'transaksi', 'bankingnya']	negative
['ribet', 'buka', 'aplikasi', 'menu', 'lengkap', 'mobile', 'banking', 'fitur', 'mobile', 'banking', 'fitur', 'tarik', 'tunai', 'kartu', 'hilang', 'kait', 'aplikasi', 'hilang', 'aplikasi', 'bni', 'symponi', 'hilang', 'mending', 'pakai', 'aplikasi', 'fitur', 'hilang', 'sulit', 'operasi', 'terima', 'kasih']	negative
['tolong', 'fitur', 'tarik', 'tuna', 'setor', 'tunai', 'cepat', 'dikembangin', 'wondr', 'pakai', 'kode', 'otp', 'sms', 'coba', 'aplikasi', 'kode', 'cepat', 'kayak', 'livin', 'mandiri', 'ajar', 'bumn', 'terimkasih']	positive
['transfer', 'gagal', 'qris', 'gagal', 'aneh']	negative
['alhamdulillah', 'bagusapknya', 'lancar', 'kendala']	positive
['login', 'susah', 'wifi', 'lancar', 'aplikasi', 'lancar', 'kecuali', 'wondr', 'susah', 'banget', 'login', 'bagaimana', 'nih']	negative
['kali', 'login', 'gagal', 'kali', 'bayar', 'qris', 'gagal', 'alas', 'sinyal', 'menonton', 'youtube', 'fine']	negative
['enggak', 'tau', 'tarik', 'tunai', 'aplikasi', 'pilih', 'aplikasi', 'tarik', 'tunai', 'kartu', 'debut', 'aplikasi', 'bni', 'mobile']	negative
['aplikasi', 'bagus', 'kalo', 'ganti', 'hp', 'login', 'ribet', 'verifikasi', 'gagal']	neutral
['verifikasi', 'wajah', 'error', 'mana', 'kedip', 'mata', 'deteksi', 'ulang', 'kali']	neutral
['selesai', 'verifikasi', 'email', 'terus', 'logout', 'login', 'enggak', 'bilang', 'sesi', 'kali', 'login', 'instal']	negative
['aplikasi', 'bikin', 'untung', 'banget', 'mudah', 'beli', 'sesuatuu', 'transaksi', 'apapunn', 'aplikasi', 'lelett', 'cepat', 'banget', 'top', 'sih']	positive
['aplikasi', 'susah', 'kali', 'verifikasi', 'wajah', 'sudah', 'kedip', 'kantor', 'mengurus', 'susah', 'aplikasi']	negative
['aplikasi', 'buruk', 'isi', 'pulsa', 'pulsa', 'masuk', 'saldo', 'potong', 'tunggu', 'pulsa', 'masuk', 'masuk', 'alas', 'eror']	negative
['sering', 'maintenance', 'jam', 'kerja', 'benar', 'benar', 'butuh', 'enggak', 'tolong', 'depan', 'baik']	negative
['bagus', 'mobile', 'sih', 'mudah', 'transaksi', 'mudah']	positive
['aplikasi', 'belum', 'transaksi', 'top', 'up', 'dana', 'rincian', 'transaksi', 'bagus']	neutral
['sedih', 'banget', 'tarik', 'tunai', 'enggak', 'tibatiba', 'saldo', 'sudah', 'hilang', 'begitu', 'coba', 'layan', 'bagus']	negative
['apresiasi', 'bebenah', 'segi', 'ui', 'kasih', 'binta', 'fitur', 'fitur', 'cardless', 'efisiensi', 'kirim', 'otp', 'sms', 'pulsa', 'fitur', 'cardless', 'ribet', 'malas', 'menyimpan', 'duit', 'gede', 'ribet', 'efisien']	neutral
['aplikasi', 'mudah', 'banget', 'enggak', 'bingung', 'sekali', 'daftar', 'cepat', 'banget', 'enggak', 'ribet']	positive
['wah', 'aplikasi', 'wondr', 'by', 'bni', 'kah', 'beli', 'pulsa', 'rp', 'gagal', 'saldo', 'sudah', 'potong', 'fitur', 'chat', 'hubung', 'bni', 'tera', 'bni', 'call', 'dicall', 'pakai', 'bahasa', 'inggris', 'orang', 'awam', 'faham', 'tolong', 'baik']	negative
['kalo', 'ngisi', 'pulsa', 'langsung', 'masuk']	positive
['verifikasi', 'muka', 'sulit', 'mudah', 'bri', 'tolong', 'vermuk', 'ribet', 'buka', 'rekening', 'nasabah', 'nyaman', 'ikut', 'instruksi', 'vermuk', 'gagal']	negative
['cepat', 'hemat']	positive
['menu', 'transaksi', 'setor', 'tunai', 'kartu', 'menu', 'terimakasih']	neutral
['aplikasi', 'bagus', 'wonder', 'enggak', 'download', 'history', 'transaksi', 'bulan', 'downloadnya']	positive
['turut', 'versi', 'tampil', 'lapor', 'guna', 'ketimbang', 'flow', 'uang', 'jujur', 'simple', 'mudah', 'kasih', 'bintang']	neutral
['buka', 'aplikasi', 'kendala', 'fitur', 'sedia', 'bagus', 'bni']	negative
['aplikasi', 'bagus', 'iring', 'jalan', 'moga', 'update', 'menu', 'tariksetor', 'kartu', 'mesin', 'atm', 'kirim', 'otp', 'wa']	positive
['intall', 'wondr', 'transaksi', 'atm', 'kartu', 'malalh', 'enggak', 'login', 'notif', 'habis', 'sesi', 'login', 'ulang', 'jalan']	positive
['pakai', 'bayar', 'qris', 'error']	negative
['aplikasi', 'ganggu', 'jam', 'enggak', 'selesai', 'fitur', 'mobile', 'tunai', 'aplikasi', 'bagus', 'ganti', 'bagus', 'pindah', 'bank', 'btw', 'kasih', 'nilai', 'bintang', 'bintang', 'bintang']	negative
['bagus', 'simpel']	positive
['mudah', 'proses', 'transaksi']	positive
['update', 'suruh', 'nonaktif', 'aksesibilitas', 'ribet', 'untung', 'pakai', 'bni', 'mobile', 'banking', 'haha']	negative
['aneh', 'bikin', 'rekening', 'nomor', 'rekening', 'muncul', 'menu', 'hilang', 'tampil', 'aplikasi', 'ngeri', 'setor']	negative
['butuh', 'transaksi', 'pakai', 'app', 'bnimobile', 'selesai', 'fiturnya', 'alih', 'app']	negative
['aplikasisatu', 'bank', 'satubni', 'mobile', 'banking', 'bagus', 'banding', 'aplikasi', 'initerjadi', 'mundur', 'aplikasi', 'sebelumnyanasabah', 'paksa', 'menginstal', 'aplikasi']	negative
['tolong', 'kali', 'buka', 'aplikasi', 'loadingnya', 'banget', 'bikin', 'kesel', 'kalo', 'buru', 'jaring', 'bagus', 'aplikasi', 'bni', 'enggak', 'kayak', 'gin', 'buka', 'aplikasi', 'langsung', 'muncul', 'opsi', 'login', 'dll', 'aplikasi', 'lot', 'banget', 'fitur', 'sudah', 'bagus', 'tolong', 'tingkat', 'bagaimana', 'biar', 'loading', 'masuk', 'aplikasi', 'thx']	neutral
['saran', 'mending', 'benerin', 'aplikasi', 'saat', 'butuh', 'masalah', 'hadeh']	positive
['ngeblank', 'nyaman', 'pakai', 'bni', 'mobile', 'banking', 'bolak', 'wonders', 'ribet', 'bayar', 'tagih', 'listrik', 'susah', 'aplikasi', 'ngeblank']	neutral
['mudah', 'aplikasi']	positive
['reng', 'okmasih', 'enak', 'wonder', 'inimakin', 'parahbanyak', 'crash', 'masuk', 'susahapalagi', 'masuk', 'sudah', 'masuk', 'belum', 'stel', 'pin', 'masuk', 'masuk', 'pin', 'aneh', 'salah', 'suruh', 'besok', 'lagigitu']	negative
['cepat', 'bantu']	positive
['aplikasi', 'wonder', 'by', 'bni', 'simple', 'mudah', 'digunakanfitur', 'fiturnya', 'mudah', 'paham', 'guna', 'transaksi', 'apa', 'wonder', 'by', 'bank', 'bni', 'is', 'wonderful']	positive
['wondr', 'by', 'bni', 'ewallet', 'kena', 'admin', 'bulan', 'sedia', 'fitur', 'kirim', 'kartu', 'debit', 'batas', 'maksimal', 'kerja', 'kartu', 'nyampek', 'rumahkalau', 'ujung', 'ambil', 'cabang', 'dekat', 'menu', 'hilang']	negative
['aplikasi', 'ganguan', 'akses', 'orang', 'tf', 'bikin', 'sulit', 'ganti', 'wonder']	positive
['ruwet', 'uras', 'simpan', 'simpel', 'efisien', 'pakai', 'aplikasi']	negative
['login', 'apps', 'pesan', 'muncul', 'salah', 'sistem', 'baik']	negative
['bug', 'login', 'aplikasi', 'masuk', 'aplikasi', 'terang', 'syarat', 'tentu', 'terus', 'checklist', 'muncul', 'sesi', 'silah', 'login', 'terus', 'mohon', 'fix', 'user', 'nyaman', 'aplikasi']	neutral
['layan', 'muas']	positive
['tarik', 'tunai', 'bni', 'mobile']	positive
['bagus', 'nyaman', 'pakai', 'wondr']	positive
['sayang', 'apk', 'katanya', 'ganti', 'bni', 'mobile', 'nyata', 'minus', 'angka', 'bikin', 'malu', 'saja', 'transfer', 'limid', 'juta', 'limit', 'topup', 'dana', 'lai', 'tiga', 'pitur', 'tarik', 'tunai', 'kartu', 'empat', 'tidak', 'jelas', 'menu', 'saran', 'mending', 'bni', 'mobile', 'mbanking', 'apk']	negative
['aplikasi', 'bagus', 'transaksi', 'transaksi', 'transaksi', 'aplikasi', 'wondrklo', 'apk', 'bni', 'transaksi', 'tampil', 'aplikasi', 'transaksi', 'download', 'trimakasi', 'moga', 'ada', 'baik']	neutral
['mudah', 'login', 'pakai', 'no', 'rek', 'kartu', 'debit', 'mungkin', 'vermuk', 'gagal', 'terus', 'sudah', 'beberapa', 'tuhan', 'gagal', 'terus', 'mentok', 'meminta', 'otp', 'ken', 'banting', 'hp', 'karena', 'payroll', 'enggak', 'pakai', 'model', 'ribet', 'kayak', 'gin']	negative
['tarik', 'setor', 'kartu', 'enak', 'pakai']	neutral
['wonder', 'bni', 'susah', 'akses', 'gagal', 'dengan', 'alas', 'akses', 'buku', 'rekening', 'atm']	negative
['serasa', 'dunia', 'dalam', 'genggam', 'lebih', 'bagus', 'otp', 'lwat', 'wa']	positive
['keluar', 'langsung', 'hilang', 'masuk', 'sedia', 'data', 'lengkap', 'mobile', 'banking', 'enggak', 'ribetlebih', 'enak', 'aplikasi']	negative
['hati', 'transaksi', 'apk', 'beli', 'token', 'listrik', 'kali', 'duaduanya', 'gagal', 'saldo', 'potong', 'kali', 'kembali', 'dana', 'kali', 'kirim', 'email', 'respon', 'respon', 'lempar', 'pln', 'situ', 'kali', 'transaksi', 'terang', 'kali', 'kembali', 'dana']	negative
['lot', 'nge', 'hang']	neutral
['aplikasi', 'banget', 'ter', 'buka']	neutral
['kali', 'kali', 'verifikasi', 'wajah', 'lolos', 'tau', 'kamera', 'hape', 'masalah', 'wajah', 'deh', 'ubah', 'verifikasi', 'apk', 'aman', 'wondr', 'susah']	negative
['maaf', 'top', 'up', 'dana', 'saldo', 'kurang', 'saldo', 'masuk', 'dana', 'bagaimana', 'ya']	neutral
['kasih', 'karena', 'transfer', 'dana', 'info', 'teknis', 'terusferifikasi', 'wajah', 'gagal', 'ros']	negative
['aplikasi', 'log', 'ini', 'bebrapa', 'hp', 'muncul', 'akun', 'perangkat']	positive
['kualitas', 'jeleek', 'enggak', 'login', 'gampang', 'ganggu', 'tarik', 'tunai', 'kartu', 'mending', 'aplikasi', 'buka', 'ringan', 'jelek', 'lelet']	neutral
['semenjak', 'aplikasi', 'wondr', 'by', 'bnibikin', 'nyamandan', 'bantu', 'banget', 'terimakasih', 'wondr', 'by', 'bni']	positive
['bintang', 'segitu', 'karena', 'beli', 'pulsa', 'data', 'lengkap', 'seperti', 'apk', 'bni', 'mobile', 'banking', 'moga', 'baik', 'kurang']	neutral
['aplikasi', 'bagus', 'simple', 'ribet']	positive
['kok', 'wondr', 'by', 'bni', 'buka', 'ya', 'doang', 'transaksi', 'kemarin', 'buka', 'min', 'aplikasi', 'kenapa', 'uninstall', 'dulu', 'aduh', 'bingung', 'jelasinnya', 'bagaimana', 'ya', 'klik', 'aplikasi', 'wondr', 'stuck', 'gambar', 'kayak', 'min', 'gambar', 'kayak', 'playstore', 'stuck', 'saja']	neutral
['tolong', 'min', 'transfer', 'baik', 'mulu', 'buru', 'buru', 'transferparah', 'bikin', 'kesel']	negative
['aplikasi', 'enggak jelas', 'pin', 'sudah', 'salah', 'login', 'password', 'ganti', 'pin', 'verifikasi', 'berulangulang', 'aplikasi', 'anak', 'ss', 'kah']	negative
['alih', 'mobile', 'banking', 'wondr', 'fiturnya', 'sudah', 'lengkap', 'mudah', 'proses', 'klik', 'klik', 'fitur', 'mobile', 'tunai', 'enggak']	neutral
['pakai', 'apk', 'bni', 'mobile', 'qris', 'sayang', 'benah', 'apk', 'wondr', 'update', 'saldo', 'beli', 'token', 'listrik', 'tau', 'kurang', 'saldo', 'adm', 'bulananlalu', 'tf', 'rekening', 'halaman', 'utama', 'ulang', 'trx', 'beli', 'token', 'masuk', 'apk', 'open', 'apk', 'tuju', 'privasi', 'informasi', 'promosi', 'bni', 'notif', 'bni', 'mobile', 'informasi', 'promo', 'beli', 'token']	neutral
['aplikasi', 'lengkap', 'fitur', 'fitur', 'contoh', 'tarik', 'tunai', 'tolong', 'update', 'kasih', 'fitur', 'tarik', 'tunai']	negative
['transaksi', 'pop', 'up', 'fitur', 'sedia', 'kendala', 'loadingnya', 'banget', 'koneksi', 'bagus', 'aplikasi', 'lancar', 'rekomen']	negative
['kasih', 'bintang', 'karena', 'riwayat', 'transkasi', 'transfer', 'orang', 'enggak', 'nampakkaya', 'teman', 'trf', 'harini', 'initrus', 'cari', 'riwayanya', 'terang', 'enggak ada', 'trxtrus', 'nama', 'deh', 'sipenerasfer', 'tera', 'sudah', 'oke', 'sih']	neutral
['parah', 'transanski', 'beli', 'pulsa', 'listri', 'transaksi', 'gagal', 'parah', 'saldo', 'kurang', 'hubung', 'call', 'center', 'habisin', 'pulsa', 'kecewa']	negative
['nayamul', 'loginnya', 'enggak', 'mudah', 'aplikasi']	neutral
['enggak', 'transfer', 'eror', 'mulu', 'alas', 'tim', 'baik']	neutral
['sudah', 'ribu', 'kali', 'verifikasi', 'wajah', 'enggak', 'hasil', 'sulit', 'sih', 'mencolong', 'tolong', 'baik', 'bagaimana', 'terimakasih', 'coba', 'lagisemua', 'atur', 'hari', 'ulang', 'hasil', 'zonk']	negative
['selesai', 'registrasi', 'buka', 'rekening', 'aplikasi', 'sudah', 'sampai', 'tahap', 'buat', 'sandi', 'proses', 'lanjut', 'coba', 'ulang', 'kali', 'sampai', 'suruh', 'ulang', 'registrasi', 'data', 'foto', 'ktp', 'tanda', 'tangan', 'record', 'aplikasi', 'tindak', 'kait', 'data', 'salahgunakan']	negative
['mudah', 'transaksi']	positive
['puas', 'mudah', 'bikin', 'bingung']	positive
['tampil', 'simpel', 'enggak', 'bikin', 'ribet', 'enggak', 'bikin', 'bosan', 'menu', 'aplikasi', 'ringan', 'hp', 'android']	positive
['sorry', 'tapi', 'sayang', 'bagus', 'aplikasi', 'mbanking', 'bni', 'wondr', 'karena', 'seriong', 'trouble', 'lot', 'enggak bisa', 'log', 'ini', 'jaring', 'lancar', 'jaya', 'ayo', 'wondr', 'tampil', 'mu', 'anak', 'muda', 'akses', 'guna', 'hape']	negative
['aplikasi', 'keren', 'banget', 'sumpah', 'enggak', 'saing', 'aplikasi', 'lupa', 'download', 'menyesal', 'kalo', 'enggak', 'download', 'biar', 'merasai', 'sensasi', 'aplikasi', 'uras', 'sabar', 'trouble', 'baik', 'kalo', 'pakai', 'transaksi', 'maaf', 'kendala', 'sistem', 'aplikasi', 'paksa', 'sempurna', 'kalo', 'cs', 'bank', 'suruh', 'download']	negative
['aplikasi', 'tololtiap', 'transaksi', 'malam', 'susah', 'tarik', 'tunai', 'atm', 'bisakaga', 'niat', 'bikin', 'aplikasi']	negative
['daftar', 'ribet', 'verif', 'ktp', 'email', 'wajah', 'no', 'hp', 'aplikasi', 'eeh', 'ujung', 'nelpon', 'bni', 'biaya', 'mahal', 'antri', 'cabang', 'bni', 'tinggal', 'aceh', 'enggak', 'bni', 'pokok', 'ribet', 'kantor', 'mengapai', 'capek', 'verifikasi', 'wajah', 'kan', 'kalah', 'aplikasi', 'seabenk', 'mudah', 'aman', 'respon', 'muncul', 'hubung', 'call', 'center', 'bni', 'sila', 'kantor', 'cabang', 'dekat', 'selesai', 'verifikasi', 'wajah', 'lelah', 'coba', 'aplikasi', 'coba', 'bni', 'mobile', 'sip']	negative
['aplikasi', 'modern', 'mudah', 'cepat', 'transaksi', 'fitur', 'app', 'wondr', 'transfer', 'grup', 'monitor', 'balance', 'uang', 'masuk']	positive
['aplikasi', 'kelas', 'bni', 'mosok', 'gangguanteknisinya', 'sigap', 'aplikasi', 'keuangantransaksi', 'lambat', 'gr', 'ganggu']	negative
['wondr', 'by', 'bni', 'tarik', 'tunai', 'kartu', 'tolong', 'baik', 'fasilitas']	neutral
['bingung', 'top', 'up', 'virtual', 'banking', 'enak', 'pakai', 'app', 'bni', 'mahsemoga', 'wonder', 'ajar', 'pusing', 'lihat', 'isi', 'bingung']	neutral
['keren', 'banget', 'benar', 'benar', 'easy', 'tapi', 'use', 'bayar', 'pakai', 'qris', 'langkah', 'langsung', 'okeh', 'tampil', 'eye', 'catching', 'banget']	positive
['wondr', 'mbni', 'fitur', 'mbni', 'enggak ada', 'wondr', 'riwayat', 'mutasi', 'rekening', 'sampai', 'transaksi', 'transfer', 'orang', 'transfer', 'mengasih', 'note', 'wondr', 'note', 'orang', 'menampak', 'menampak', 'nominal', 'padahal', 'turut', 'semua']	neutral
['bintang', 'segitu', 'karena', 'beli', 'pulsa', 'data', 'lengkap', 'seperti', 'apk', 'bni', 'mobile', 'banking', 'moga', 'baik', 'kurang']	neutral
['aplikasi', 'buruk', 'pin', 'password', 'anggap', 'salah', 'suruh', 'ulang', 'isi', 'data', 'tutup', 'mending', 'enggak', 'bikin', 'aplikasi', 'kayak', 'gin', 'menyusahkan']	negative
['fitur', 'kini', 'e', 'statement', 'enggak ada', 'enggak', 'capture', 'tolong', 'perhati', 'fitur']	positive
['praktis', 'aplikasi', 'wondrmantap']	positive
['bagus', 'error', 'ya']	positive
['ih', 'bagaimana', 'login', 'wondr', 'by', 'bni', 'lupa', 'passwordnya', 'masuk', 'pakai', 'nomor', 'foto', 'enggak', 'benar']	negative
['trimakasih', 'bantu', 'sx', 'cepat', 'ribet', 'banding', 'mbanking', 'kemarin', 'riwayatx', 'transaksi', 'lebih', 'detail', 'pokokx', 'the', 'best', 'wondr', 'sukses', 'bni']	positive
['tampil', 'menariksangat', 'bantu', 'bertransaksipastinya', 'aman']	positive
['siang', 'buka', 'transaksi', 'buka', 'kenapa', 'hadeh']	neutral
['pesan', 'transfer', 'dana', 'huruf', 'titik', 'koma', 'dll']	neutral
['uang', 'masuk', 'terang', 'tulis', 'bayar', 'kirim', 'namainstansino', 'rekening', 'kirim', 'uang', 'terang', 'kirim', 'muncul', 'terang', 'kirim', 'serta', 'terang', 'kirim', 'bayar', 'beda', 'mobile', 'banking', 'bni']	neutral
['layan', 'aman']	positive
['alami', 'kendala', 'verifikasi', 'email', 'aplikasi', 'nyaman', 'verifikasi', 'ulang', 'kode', 'masuk', 'salah', 'kode', 'masuk', 'tolong', 'bantu', 'baik']	negative
['kadang', 'susah', 'akses']	neutral
['punya', 'enggak', 'aktifin', 'biometrik', 'ya', 'tolong', 'tanggap']	neutral
['kendala', 'login', 'verifikasi', 'wajah', 'ikut', 'instruksi', 'layar', 'masuk', 'tahap', 'verifikasi', 'gagal', 'coba', 'hasil', 'aplikasi', 'mohon', 'arah', 'baik', 'nyaman', 'guna', 'transaksi', 'muncul', 'transaksi', 'bantu', 'guna', 'kait', 'transaksi']	neutral
['wondr', 'by', 'bni', 'lengkap', 'segi', 'fitur', 'sistem', 'aplikasi', 'canggih', 'banding', 'suka', 'wondr', 'segi', 'fiturnya', 'bantu', 'hari', 'transaksi']	positive
['mudah', 'guna', 'repot']	positive
['simpel', 'sih', 'enggak', 'move', 'on', 'app', 'bni', 'terkadang', 'app', 'gampang', 'mengambek', 'sinya', 'l', 'lancar', 'paket', 'data', 'aman', 'kagak', 'buka', 'app']	neutral
['bayar', 'scan', 'qris', 'bak', 'kilat', 'deteksi', 'kode', 'barcode', 'cepat', 'aplikasi', 'apa', 'butuh', 'detik', 'camera', 'cahaya', 'deteksi', 'kode', 'barcode', 'duga', 'deh']	positive
['mudah', 'transaksi']	neutral
['wondr', 'by', 'bni', 'mantap', 'moga', 'tingkat', 'ya', 'order', 'ganti', 'kartu', 'debit', 'online']	positive
['kok', 'terima', 'verifikasi', 'emailyg', 'masalah', 'akun', 'email', 'memang', 'apk', 'wondry', 'masalah']	negative
['cepat', 'mudah']	positive
['mudah', 'pakai', 'ribet', 'simple']	positive
['fitur', 'dapat', 'tolong', 'kembali', 'menu', 'bayar', 'didik', 'universitas', 'hubung', 'menu', 'bayar', 'sedia', 'unuk', 'universitas', 'indonesia']	neutral
['top', 'up', 'e', 'wallet', 'dana', 'kali', 'enggak', 'masuk', 'tulis', 'transaksi', 'hasil', 'nyata', 'enggak', 'masuk', 'masuk', 'saldo', 'heran', 'cek', 'pakai', 'bni', 'mobile', 'banking', 'apk', 'transaksi', 'hasil', 'masuk', 'masuk', 'tolong', 'kecewa']	negative
['sudah', 'pakai', 'aplikasi', 'benaran', 'aplikasi', 'aman', 'sih', 'benaran', 'bank', 'bni', 'sih']	negative
['aplikasi', 'buruk', 'enggak', 'dibukak', 'mending', 'bni']	negative
['aplikasi', 'eror', 'tambah', 'menu', 'setor', 'tarik', 'tunai']	neutral
['aplikasi', 'mudah', 'paham', 'kalangancocok', 'banget']	positive
['mencoba', 'apk', 'nge', 'bug', 'begitu', 'mencoba', 'install', 'lancar', 'enak', 'pakai', 'keren', 'tingkat']	positive
['maintenance', 'mulu', 'orang', 'buru', 'menunggu']	neutral
['atas', 'jam', 'malam', 'kacau', 'mulu', 'gua', 'perhatikan', 'tolong', 'baik']	neutral
['wondr', 'gax', 'buka', 'kendala', 'tim', 'baik', 'coba', 'lagiitu', 'ganggu', 'bagaimana']	neutral
['bagus', 'bantu', 'pokok']	positive
['masak', 'iya', 'tara', 'bni', 'apk', 'buka', 'paket', 'data', 'susah', 'banget', 'gin', 'buka', 'mbanking', 'cari', 'wifi', 'yuk', 'yuk', 'upgrade', 'apknya', 'biar', 'support', 'semua', 'jaring']	neutral
['enak', 'cepat', 'enggak', 'riwa', 'tiwi', 'atm']	positive
['jujur', 'sebenarnya', 'suka', 'simpel', 'cuman', 'plis', 'kalo', 'baru', 'apa', 'plis', 'jam', 'kerja', 'kalo', 'transaksi', 'suka', 'enggak']	neutral
['apdate', 'app', 'kasih', 'solusi', 'menambah', 'verifikasihnya', 'susah', 'banget', 'selalu', 'error', 'parah']	negative
['kak', 'tolong', 'rincian', 'transaksi', 'ditambahin', 'saldo', 'biar', 'enggak', 'bingung', 'ngitungin', 'biar', 'kayak', 'bni', 'mobile', 'banking', 'transaksi', 'tuh', 'saldo', 'enggak', 'ngitung', 'nyaman', 'pakai', 'bni', 'mobile', 'banking']	negative
['aplikasi', 'guna', 'masuk', 'sulit', 'nomor', 'hp', 'ktp', 'tinggal', 'verifikasi', 'wajah', 'hasil']	negative
['fitur', 'tarik', 'tunai', 'kartu', 'bayar', 'kuliah', 'uin', 'jakarta', 'belum', 'tolong', 'baik', 'min']	negative
['verifikasi', 'email', 'login', 'susah', 'benar', 'otp', 'salah', 'dimasuki', 'sesui', 'kode', 'kirim', 'aneh', 'benar', 'mending', 'enggak usah', 'update', 'wondr', 'benar', 'bni', 'mobile', 'saja', 'friendlly', 'user', 'otp', 'tetkahir', 'gabis']	negative
['aplikasi', 'mobile', 'banking', 'baik', 'nyaman', 'mudah', 'sesuai', 'butuh', 'mantau', 'uang', 'hemat', 'fitur', 'qris', 'cepat', 'banget', 'baik', 'wondr']	positive
['wondr', 'aplikasi', 'bagus', 'muda', 'proses', 'cepat', 'bayar', 'qris', 'wondr', 'cepat', 'terus', 'wondr', 'promo', 'pokok', 'sesal', 'wondr']	positive
['kak', 'kok', 'wondr', 'by', 'bni', 'susah', 'akses', 'terus', 'butuh', 'verifikasi', 'tambah', 'tolong', 'bantu']	neutral
['cc', 'muncul', 'aplikasi', 'wondr', 'sudahcoba', 'bolak', 'cek', 'aplikasi', 'muncul', 'aplikasi']	neutral
['aplikasi', 'bagus', 'login', 'ribet', 'kalo', 'salah', 'pw', 'memasuki', 'data', 'lengkap', 'kayak', 'daftar', 'akun', 'tolong', 'sedia', 'fitur', 'login', 'daftar', 'pisah']	neutral
['kirim', 'uang', 'mudah']	positive
['riwayat', 'transaksi', 'lengkap', 'aplikasi', 'bni', 'bni', 'download', 'pdf', 'wonder', 'lengkap', 'bintang', 'dulu', 'karena', 'tahap', 'kembang']	neutral
['pakai', 'wondr', 'bni', 'mudah', 'transaksi', 'terima kasih', 'bni']	positive
['beli', 'token', 'listrik', 'wonder', 'by', 'bni', 'sudah', 'beli', 'kendala', 'jaring', 'uang', 'rekening', 'sudah', 'jadi', 'bagaimana', 'nih', 'proses', 'uang', 'hilang', 'nomor', 'tokennya', 'bukti', 'transaksi', 'gagal', 'bagaimana', 'bni']	neutral
['min', 'aktivasi', 'kartu', 'atm', 'sudah', 'kadaluwarsa', 'transaksi', 'bulan', 'tinggal', 'aceh', 'bank', 'konvensional']	positive
['kenapa', 'ganggu']	neutral
['ribet', 'enak', 'pasowrfnya', 'lap', 'mudah']	negative
['download', 'wonder', 'by', 'bni', 'verifikasi', 'wajah', 'kok', 'notif', 'verifikasi', 'wajah', 'suruh', 'menunggu', 'besok', 'ulang', 'besok', 'coba', 'notif', 'verifikasi', 'wajah', 'lapor', 'regristasi', 'wonder', 'by', 'bni', 'kartu', 'belokir', 'broo', 'lebaran', 'enggak', 'ambil', 'uwang', 'mudik']	negative
['layan', 'lambat', 'kali', 'bolak', 'buku', 'saja', 'antri', 'ujung', 'ujung', 'jam', 'istirahat', 'kali', 'kecewa', 'khusus', 'bni', 'loa', 'janan', 'tolong', 'tambang', 'costumer', 'service', 'biar', 'kita', 'antri', 'rek', 'bni', 'layan', 'lambat']	negative
['aneh', 'apk', 'wondr', 'sudah', 'daftar', 'login', 'gagal', 'terus', 'tolong', 'baik']	neutral
['duh', 'saldo', 'banyak', 'susah', 'transfer', 'dana', 'rekening']	neutral
['wondr', 'by', 'bni', 'bagus', 'bantu', 'dalam', 'perban']	positive
['mudah', 'aplikasi', 'praktis', 'aman', 'transaksi']	positive
['aplikasi', 'gampang', 'fitur', 'mudah', 'pakai', 'bantu', 'ngrencanain', 'keungan', 'ku', 'baikfitur', 'login', 'sidik', 'jari', 'praktis', 'susah', 'msukin', 'passwortselain', 'proses', 'tranfer', 'bayar', 'aman', 'cepataplikasinya', 'stabil', 'jaring', 'bagus']	positive
['bagus', 'keren', 'simpel', 'aplikasi']	positive
['muka', 'bagus', 'kelompok', 'bagus', 'masih', 'fiturfitur', 'bni', 'mobile', 'hilang', 'contoh', 'aset', 'obligasi', 'negara', 'detail', 'untung', 'aplikasi', 'masih', 'tahan', 'sebagai', 'wondr', 'masih', 'bisa', 'buka', 'fokus', 'baik', 'acara', 'lari', 'tutup', 'banyak', 'ruas', 'jalan', 'guna', 'bni', 'masih', 'sekolah', 'mogamoga', 'masih', 'setia', 'depan', 'diam', 'saudara', 'bni', 'bank', 'logo', 'dominasi', 'warna', 'biru', 'emas', 'baru', 'fitur', 'aku', 'bagus', 'user', 'friendly']	neutral
['mohon', 'maaf', 'nih', 'error', 'transfer', 'bank', 'terang', 'errorgagal', 'padahal', 'sebenarnya', 'sudah', 'hasil', 'habis', 'loading', 'mohon', 'baik', 'ya']	neutral
['tau', 'knap', 'ini', 'ini', 'padahal', 'sudah', 'hapus', 'terus', 'instal', 'memang', 'ganti', 'aplikasi', 'mengerti', 'ini', 'tolong', 'knapa', 'keluar', 'terus', 'login']	neutral
['fitur', 'lengkap', 'transaksi', 'cepat', 'aman', 'mudah', 'recommended']	positive
['cepat', 'hemat']	positive
['fitur', 'lengkap', 'kalah', 'bni', 'mobile', 'banking']	neutral
['registrasi', 'wondr', 'hp', 'direset', 'ulang', 'instal', 'ulang', 'kendala', 'guna', 'daftar', 'ulang', 'kantor', 'cabang', 'dekat', 'kamu', 'isi', 'listrik', 'via', 'bni', 'mobile', 'enggak', 'suruh', 'pakai', 'wondr', 'tolong', 'min', 'apk', 'update', 'tombol', 'login']	neutral
['kak', 'bayar', 'pbb', 'lengkap', 'ya', 'kota', 'semarang', 'mumpung', 'diskon']	positive
['aplikasi', 'buruk', 'gua', 'pakai', 'perban', 'digital', 'verifikasi', 'terkadang', 'ganggu', 'tunggu', 'jam', 'aman', 'mas', 'rapuh']	negative
['historical', 'transaksi', 'mudah', 'pakai', 'bni', 'mobile', 'top', 'up', 'dana', 'alas', 'no', 'daftar', 'bni', 'mobile', 'recommended', 'pakai', 'bni', 'mobile']	negative
['eror', 'woy', 'wonder', 'paket', 'sudah', 'gb', 'mutermuter', 'enggak', 'jelass']	negative
['bagus', 'bantu', 'transaksi']	positive
['bantu', 'transaksi', 'hari', 'lihat', 'saldo', 'ewallet', 'login', 'langsung', 'intip', 'mantaaps']	positive
['fitur', 'lengkap', 'kalah', 'bni', 'mobile', 'banking']	neutral
['sulit', 'masuk']	negative
['woeknpa', 'sih', 'wonder', 'ganggu', 'butuh', 'uang', 'eror', 'baik', 'kenapa', 'bni', 'wndr', 'enggak', 'ribet', 'bayar', 'ribet', 'ganggu', 'tolong', 'baik', 'cepat']	negative
['bagus', 'pakai', 'bni', 'banking', 'saja', 'enggak', 'bagus', 'aplikasi', 'bug', 'miskin', 'fitur', 'gakbisa', 'lihat', 'bayar', 'kredit', 'kitagak', 'alas', 'kenapa', 'bni', 'pakai', 'aplikasi']	negative
['suka', 'karena', 'kena', 'limit', 'kirim', 'juta', 'kirim', 'pokok', 'suka', 'suka']	negative
['mudah', 'transaksi']	positive
['susah', 'memasuki', 'pin', 'debet', 'tulis', 'sistem', 'ganggu', 'tunggu', 'jam']	negative
['mudah', 'bantu']	positive
['woy', 'kenapa', 'apk', 'enggak', 'sengaja', 'uninstal', 'download', 'ulang', 'enggak', 'login', 'akun', 'suruh', 'bikin', 'akun']	negative
['ui', 'baikmudah', 'paham', 'simple', 'tampil', 'warna', 'cocok', 'kalanganlanjutkan', 'tingkat']	positive
['nyuruh', 'pakai', 'wondr', 'sudah', 'instal', 'enggak', 'buka', 'tolong', 'baik', 'kalo', 'pakai', 'wifi', 'pakai', 'paket', 'data', 'hp', 'repot', 'orang', 'tuh', 'beda', 'beda', 'enggak', 'kuota', 'stay', 'pakai', 'wifi']	negative
['daftar', 'wondr', 'log', 'out', 'log', 'ini', 'enggak', 'bisamalah', 'daftarterus', 'sesi', 'terang', 'sampi', 'skrag', 'enggak']	neutral
['puas', 'mudah']	positive
['mudah', 'transaksi', 'mantap']	positive
['bikin', 'akun', 'verifikasi', 'wajah', 'tulis', 'coba', 'besok', 'tunggu']	neutral
['cepat', 'loadingnya']	positive
['mudah', 'paham', 'layan', 'bagus']	positive
['maaf', 'halaman', 'riwayat', 'transaksi', 'tampil', 'rincian', 'keluarmasuk', 'saldo', 'lengkap', 'kredit', 'debit', 'total', 'saldo', 'guna', 'saldo', 'transaksi', 'aplikasi', 'bni', 'mobile', 'banking', 'tingkat', 'guna', 'nyaman', 'transaksi', 'aplikasi', 'bni', 'mobile', 'banking', 'terimakasih']	neutral
['alikasi', 'bagus']	positive
['kecewa', 'bikin', 'akun', 'oadahal', 'lahir', 'aplikasi', 'tulis', 'minimum', 'buka', 'rekening']	negative
['akun', 'hp', 'riset', 'masuk', 'daftar', 'kali', 'akun', 'fitur', 'login', 'akun']	negative
['aplikasi', 'sampah', 'enggak', 'login', 'enggak', 'pakai', 'wifi']	negative
['aplikasi', 'suruh', 'alih', 'wondr', 'by', 'bni', 'alih', 'daftar', 'sulit', 'paki', 'ikd', 'pakai', 'ektp', 'bilang', 'data', 'terupdate', 'coba', 'kantor', 'capil', 'kantor', 'bni', 'dekat', 'susah', 'gilir', 'sabtu', 'tutup', 'bos', 'daftar', 'mandiri', 'eh', 'enggak', 'vermuknya', 'susah', 'ckckckc', 'sudahlah', 'pakai', 'alih', 'bank', 'terima kasih']	negative
['sulit', 'lanjut', 'verifikasi', 'wajah', 'ulang', 'hari', 'makan', 'baik', 'baik', 'aplikasi', 'mudah', 'langgan']	neutral
['enggak', 'tau', 'deh', 'app', 'dikit', 'dikit', 'ganggu', 'tim', 'baik', 'bagus', 'bni', 'mobile', 'enggak', 'ganggu']	negative
['download', 'saran', 'cs', 'bank', 'log', 'ini', 'aman', 'jam', 'pakai', 'masuk', 'syarat', 'tentu', 'centang', 'tuju', 'muncul', 'tulis', 'sesi', 'harap', 'log', 'ini', 'log', 'ini', 'menu', 'syarat', 'tentu', 'otomatis', 'muncul', 'buka', 'aplikasi', 'hapus', 'data', 'install', 'ulang', 'bagus']	negative
['bagus', 'simple', 'berat', 'apknya']	positive
['kayak', 'aplikasi', 'mobile', 'enggak ada', 'menu', 'masuk', 'daftar', 'biar', 'pindah', 'hp', 'tuh', 'ribet', 'mah', 'ribet', 'aplagi', 'hp', 'kamera', 'buram', 'susah', 'foto', 'ktp', 'halah']	negative
['user', 'friendly', 'mobile', 'banking', 'informatif', 'karena', 'data', 'transaksi', 'uang', 'tampil', 'aplikasi', 'keren']	positive
['siang', 'buka', 'transaksi', 'buka', 'kenapa', 'hadeh']	neutral
['enggak bisa', 'bayar', 'didik', 'fiturnya', 'interface', 'lancar', 'sudah', 'bagus', 'banget']	neutral
['wonder', 'susah', 'buka', 'kali', 'kendala', 'lancar', 'jaya', 'setia', 'bni', 'banyak', 'kendala', 'banking', 'nasabah', 'tinggal', 'bank', 'bni', 'seperti', 'terus']	negative
['pakai', 'wondr', 'jam', 'lancar', 'lsngsung', 'enggak', 'buka', 'muncul', 'verifikasi', 'tambah', 'bank']	neutral
['bantu', 'transfer', 'dana', 'gaji', 'online', 'bank']	positive
['aplikasi', 'lumayanlahtapi', 'keren', 'langsung', 'tau', 'appikasi', 'bank', 'bnikalau', 'apk', 'mengira', 'apk', 'bni', 'apan', 'wondremang', 'sudah', 'bank', 'wondr', 'kasih', 'bintang', 'tunggu', 'ubah']	neutral
['puas', 'banget', 'aplikasi', 'bantu', 'mudah', 'nasabah', 'dalam', 'fiturfitur', 'mudah', 'erti', 'tf', 'ewallet', 'top', 'up', 'game', 'beli', 'pulsa', 'pokok', 'aplikasi', 'the', 'best']	positive
['aplikasi', 'belum', 'sudah', 'launching', 'transfer', 'gagal', 'cuma', 'lihat', 'saldo', 'ujung', 'atm', 'aplikasi', 'ujung', 'atm']	negative
['transaksi', 'transfer', 'bri', 'wonder', 'by', 'bnidan', 'taplus', 'bisnispas', 'cek', 'mutasi', 'bri', 'transaksi', 'hasil', 'kece', 'wonder', 'by', 'bni', 'kait', 'saldo', 'kosongdan', 'pergi', 'center', 'bni', 'transaksi', 'akun', 'sayaapakah', 'lapor', 'bri', 'bni', 'tolong', 'bantu', 'kak', 'uang', 'krisis', 'rantau', 'kakyang', 'mana', 'uang', 'gaji', 'uang', 'makan']	neutral
['wondr', 'kantor', 'cabangbesoknya', 'enggak', 'login', 'salah', 'password', 'verifikasi', 'lagiverifikasi', 'wajah', 'sulit', 'bangetulangi', 'besok', 'kali', 'bosan']	negative
['parah', 'sampai', 'kayak', 'gin', 'sudah', 'fitur', 'ngebug', 'enggak', 'akses', 'sekaliasli', 'enggak', 'transaksi', 'bah']	neutral
['transaksi', 'investasi', 'sayang', 'diakomodir', 'beda', 'mobile', 'banking', 'pindah', 'kesini', 'bukti', 'dna', 'riwayat', 'investasi', 'mobile', 'banking', 'hilang', 'rating', 'sesuai', 'tanggap']	negative
['kok', 'wondr', 'by', 'bni', 'buka', 'ya', 'doang', 'transaksi', 'kemarin', 'buka', 'min', 'aplikasi', 'kenapa', 'uninstall', 'dulu', 'aduh', 'bingung', 'jelasinnya', 'bagaimana', 'ya', 'klik', 'aplikasi', 'wondr', 'stuck', 'gambar', 'kayak', 'min', 'gambar', 'kayak', 'playstore', 'stuck', 'saja']	neutral
['menu', 'transaksi', 'setor', 'tunai', 'kartu', 'menu', 'terimakasih']	neutral
['bantu', 'transaksi']	positive
['wordr', 'leletlelet', 'loginrata', 'menit', 'batal', 'mengunakan', 'fitur', 'qris', 'aplikasi', 'bni', 'mobile', 'unggul', 'cepat', 'loginsaya', 'tinggal', 'bni', 'gaji', 'laba', 'bersih', 'trilyunan', 'tolong', 'benah', 'wondr']	neutral
['baharu', 'buka', 'app', 'bagaimana', 'min', 'bilang', 'periksa', 'jaring', 'internetnya', 'sinyal', 'full', 'buka', 'app', 'lancar', 'jaya']	negative
['kemarin', 'atm', 'bni', 'tf', 'bsi', 'bni', 'setor', 'ribu', 'status', 'tf', 'hasil', 'saldo', 'coba', 'pakai', 'bri', 'bni', 'status', 'hasil', 'bni', 'saldo', 'coba', 'pakai', 'sbopeepay', 'bni', 'terang', 'proses', 'kemarin', 'sudah', 'hilang', 'ribu', 'memasuki', 'bni', 'saldo', 'bni', 'rek', 'aktif', 'aplikasi']	negative
['mudah', 'transaksi', 'mana']	positive
['mantap', 'ringgit', 'tolong', 'tambah', 'fitur', 'vcc', 'bni', 'mobile']	positive
['saran', 'tolong', 'aktifin', 'kartu', 'debit', 'fisik', 'aplikasi', 'kantor', 'cabang', 'orang', 'sibuk', 'bank', 'sudah', 'aktifin', 'kartu', 'aplikasi', 'tolong', 'baik', 'bank', 'bni', 'terimakasih']	neutral
['susah', 'buruk', 'apk', 'kendala', 'baik', 'mending', 'apk']	negative
['uang', 'hilang', 'enggak', 'kembalidan', 'enggak', 'tf', 'sudah', 'jam']	negative
['susah', 'login', 'hp']	neutral
['bagus', 'sih', 'minus', 'baru', 'detik', 'buka', 'sudah', 'suruh', 'memasuki', 'sandi', 'klmaan']	positive
['ribetsudah', 'ulang', 'kali', 'verifikasi', 'terussudah', 'bagus', 'pakai', 'bni', 'mobile']	negative
['bugnya', 'masuk', 'susah', 'sekali', 'masuk', 'enggak bisa', 'transaksi']	neutral
['kalo', 'aplikasi', 'terbit', 'mutasi', 'muncul', 'orang', 'nipu', 'bukti', 'transaksi', 'bagus', 'mobile', 'bangking', 'saran', 'selalu', 'diupdte', 'kendala', 'user', 'pamakai']	neutral
['aplikasi', 'jelek', 'data', 'pribadi', 'diupdate', 'registrasi', 'tolak', 'kecewa', 'susah', 'nasabah', 'ribet']	negative
['mantap', 'mudah', 'karya']	positive
['apk', 'jelek', 'transaksi', 'gagal', 'saldo', 'potong', 'sudah', 'feedback', 'uang']	negative
['pengin', 'install', 'aplikasi', 'wonder', 'bintang', 'rendah', 'banyak', 'customer', 'complain', 'ragu', 'mobile', 'banking', 'sekarang', 'bagus', 'sok', 'far', 'apa', 'install', 'aplikasi', 'banyak', 'install', 'aplikasi', 'mobile', 'banking']	neutral
['buka', 'aplikasi', 'banget', 'enggak', 'kayak', 'sama', 'bangking', 'cepat', 'transaksi']	neutral
['cepat', 'praktis']	positive
['enak', 'bni', 'mobile', 'transaksi', 'tera', 'saldo', 'belah', 'terus', 'byr', 'pakai', 'virtual', 'accaount', 'gagal', 'kali', 'mohon', 'aplikasi', 'baik', 'tera', 'saldo', 'setelah', 'transaksi']	neutral
['jujur', 'malas', 'update', 'karena', 'hp', 'ram', 'susah', 'update', 'buka', 'apk', 'coba', 'tolong', 'ringan', 'apk', 'bug', 'update', 'bintang', 'coba', 'menyusahkan', 'tau', 'butuh', 'uang', 'gaji', 'transaksi', 'susah', 'verif', 'muka', 'menunggu', 'besok', 'besok', 'begitu', 'mencoba', 'aneh', 'coba', 'benah', 'benah', 'ribet', 'wonder', 'mbni', 'regis', 'susah']	negative
['bintang', 'lewat', 'verifikasi', 'email', 'eror', 'memasuki', 'kode', 'otp', 'akun', 'lewat', 'verifikasi', 'email']	neutral
['error', 'mulu', 'urgent', 'pakai', 'buka', 'baharu', 'dll', 'benar', 'sh', 'dftrnya', 'mudah', 'perlu', 'antri', 'cs', 'aplikasi', 'error', 'mulu']	neutral
['terlallu', 'eror', 'baik', 'jam', 'kerjaz', 'ganggu', 'tolong', 'memperbaiki']	negative
['fitur', 'bni', 'mobile', 'sedia', 'wonder', 'aktivasi', 'kartu', 'begeri', 'menu', 'tarik', 'tunai', 'indomartalfa', 'history', 'transaksi', 'nilai', 'transaksi', 'cari', 'lokasi', 'menu', 'susah', 'menu', 'bantu', 'pakai', 'bni', 'mobile', 'wonder', 'aplikasi']	neutral
['aktifasi', 'deteksi', 'wajah', 'suruh', 'kedip', 'sudah', 'kali', 'tetap', 'gagal']	neutral
['aplikasi', 'loading', 'ken', 'isi', 'token', 'listrik', 'fiturnya', 'pakai', 'plis', 'token', 'listrik', 'deh', 'habis', 'kemarin']	neutral
['smooth', 'bni', 'mobile', 'banking', 'mohon', 'lengkap', 'fitur', 'bni', 'mobile', 'wondr', 'by', 'bni', 'setortarik', 'tunai', 'bayar', 'uang', 'kuliah', 'verifikasi', 'kedip', 'mata', 'fitur', 'insight', 'akurat', 'catat', 'tercatatterlewatkan', 'screenshoot', 'bug', 'ganggu', 'tunggu', 'versi', 'improve', 'bintang', 'naik', 'terimakasih']	neutral
['aplikasi', 'mudah', 'gunainnya', 'karena', 'susun', 'rapi', 'fitur', 'mudah', 'mahasiswa']	positive
['bikin', 'akun', 'bni', 'wondr', 'cairin', 'bpjs', 'msukan', 'saldo', 'masuk', 'ada', 'minimal', 'topup', 'saldo', 'bikin', 'rekening']	positive
['sistem', 'setor', 'tunai', 'mesin', 'atm', 'kartu', 'debit', 'moga', 'cepat', 'tambah', 'bantu', 'kalo', 'darurat', 'bawa', 'kartu', 'debit', 'aplikasi', 'mobile', 'banking', 'sudah']	positive
['mobile', 'tunai', 'bni', 'mobile', 'setor', 'mobile', 'tunai', 'mati', 'bukti', 'transaksi', 'uang', 'terima', 'transfer', 'bukti', 'detil', 'kirim']	neutral
['bantu', 'mudah', 'laju', 'transaksi']	positive
['wonder', 'tanggal', 'maret', 'enggak', 'buka', 'pencet', 'aplikasi', 'wonder', 'enggak', 'masuk', 'kenapa', 'ya', 'tolong']	neutral
['susa', 'masuk', 'aplikasi']	positive
['cepat', 'mudah']	positive
['mudah', 'praktis']	positive
['alam', 'lupa', 'pin', 'memang', 'bikin', 'kesel', 'lumayan', 'rada', 'kantor', 'bni', 'dbilang', 'reset', 'pin', 'pakai', 'aplikasi', 'wondr', 'benar', 'nolong', 'habis', 'kantor', 'bni', 'antri', 'cs', 'jarang', 'kjadian', 'lupa', 'pin', 'panik', 'benar', 'bikin', 'stres', 'wondr', 'memang', 'the', 'best']	positive
['mudah', 'aman']	positive
['kembang', 'aplikasi', 'paksa', 'nasabah', 'aplikasi', 'menu', 'bni', 'mobile', 'banking', 'pilih', 'menu', 'pindah', 'aplikasi', 'mobile', 'banking', 'hapus', 'mudah', 'nasabah', 'melainkam', 'tambah', 'beban', 'karena', 'tambah', 'aplikasi', 'sandi', 'transaksi', 'moga', 'baca', 'sdm', 'kembang', 'bni']	neutral
['aplikasi', 'hasil', 'daftar', 'transaksi', 'bayar', 'kartu', 'kredit', 'terang', 'kali', 'transaksi', 'gagal', 'kartu', 'aktif', 'kartu', 'expiredmohon', 'bantu']	positive
['beralihndr', 'bni', 'mobile', 'bagus', 'ngebug', 'bumn', 'bikin', 'maksimal', 'tolong', 'tingkat', 'maintenace']	neutral
['aplikasi', 'bagus', 'loh', 'cocok', 'orangorang', 'enggak', 'suka', 'ribet', 'fitur', 'aplikasi', 'transfer', 'mudah', 'mana', 'plus', 'isi', 'e', 'wallet', 'isi', 'taplus', 'benerbener', 'mudah', 'mana', 'moga', 'kembang', 'aplikasi']	positive
['saldo', 'bayar', 'qris']	negative
['tolong', 'tingkat', 'layan', 'bayar', 'air', 'bni', 'mobile', 'banking', 'layan', 'server', 'pdam', 'kab', 'madiun', 'wondr', 'sedia', 'bantu', 'save', 'recent', 'payment', 'biar', 'input', 'ulang', 'ulang', 'token', 'listrik', 'bayar', 'air', 'terimakasih']	neutral
['informasi', 'lengkaptidak', 'keterangancontoh', 'gaji', 'masuk', 'terang', 'gaji']	neutral
['wondr', 'bantu', 'dalam', 'finansial', 'oke', 'sih', 'menu', 'fasilitas', 'aplikasi', 'thankyou', 'wondr', 'by', 'bni']	positive
['bayar', 'virtual', 'account', 'bni', 'gagal', 'gagal']	neutral
['transaksi', 'beli', 'pulsa', 'masuk', 'saldo', 'kurang', 'bagaimana']	negative
['aplikasi', 'buka', 'muncul', 'tulisanaplikasi', 'wonder', 'baik']	neutral
['suruh', 'download', 'wonder', 'fiturfiturnya', 'lengkap', 'tarik', 'tunai', 'bayar', 'didik', 'universitas', 'pilih', 'maksud', 'siapin', 'apknya', 'sebar', 'luas', 'apa', 'bni', 'download', 'apk', 'kocak', 'ya']	neutral
['fiturnya', 'lengkap', 'beda', 'apk', 'biru', 'launching', 'sudah', 'lengkap', 'next', 'fiturnya', 'mudah', 'cust', 'terima kasih']	neutral
['aplikasi', 'kadang', 'susah', 'bukaentah', 'jaring', 'kartu', 'memang', 'salah', 'aplikasi', 'nyatapi', 'pakai', 'wifi', 'gampang', 'buka']	neutral
['tampil', 'sih', 'segar', 'nasabah', 'butuh', 'ecek', 'uang', 'masuk', 'enggak', 'pilih', 'terima', 'centang', 'saldo', 'transaksi', 'lantas', 'guna', 'bikin', 'aplikasi', 'layan', 'dasar', 'kasih', 'bintang', 'aplikasi', 'luncur', 'keluh', 'nasabah', 'tumpuk', 'atas', 'mohon', 'maaf', 'bintang', 'direktur', 'malu']	negative
['turut', 'aplikasi', 'baru', 'fitur', 'layan', 'tampil', 'oke', 'oke', 'banget', 'tarik', 'tunai', 'kartu', 'ribet', 'pulsa']	neutral
['downgrade', 'apk', 'bni', 'mobile', 'banking', 'dulu', 'disini', 'mas', 'belum', 'setor', 'tunai', 'kartu', 'cuman', 'tarik', 'tunai', 'tarik', 'tunai', 'kartu', 'kode', 'otp', 'pulsa', 'dulu', 'nomor', 'pulsa', 'enggak', 'kirim', 'kode', 'otp', 'beda', 'bni', 'mobile', 'cuman', 'memakai', 'no', 'hp', 'otp', 'mengesalkan', 'kadang', 'beda', 'dari', 'apk', 'mobile', 'banking', 'bintang', 'dulu']	negative
['kecewa', 'aplikasi', 'beli', 'token', 'listrik', 'bayar', 'transaksi', 'gagal', 'saldo', 'potong', 'coba', 'cek', 'history', 'transaksi', 'disna', 'tulis', 'kendala', 'coba', 'keluar', 'masuk', 'sudah', 'ulang', 'kali', 'keluar', 'masuk', 'coba', 'hubungan', 'cs', 'enggak', 'kasih', 'solusi', 'semoga', 'depan', 'respon', 'cs', 'cepat', 'mengasih', 'solusi', 'kecewa', 'banget']	negative
['mudah', 'kini', 'praktis']	positive
['kok', 'ku', 'buka', 'buka', 'apk', 'nyakenapa', 'padahal', 'kemarin', 'aman']	positive
['malas', 'banget', 'suruh', 'update', 'terus', 'pakai', 'bulan', 'sudah', 'dah', 'saja', 'versih', 'update', 'buka', 'kemarin', 'pakai', 'mobile', 'banking', 'lebih', 'bagus', 'enggak', 'ribet']	negative
['tolong', 'update', 'belum', 'up', 'transaksi', 'ambil', 'uang', 'pakai', 'kartu', 'atm', 'bni', 'mobil', 'banking', 'terima', 'kasih']	positive
['aplikasi', 'mantap', 'tampil', 'model', 'kini', 'ketimbang', 'aplikasi', 'kurang', 'fitur', 'dark', 'mode', 'tolong', 'tambahkan', 'fitur', 'dark', 'mode', 'nyaman', 'mata', 'malam', 'tampil', 'elegan']	positive
['kendala', 'bayar', 'qris', 'ambil', 'gambar', 'galeri', 'bayar', 'qris', 'samsung', 'a', 'sisa', 'memori', 'gb', 'operator', 'telkomsel', 'lokasi', 'diri', 'kota', 'jaring', 'versi', 'aplikasi', 'baru', 'tolong', 'baik', 'kendala', 'mudah', 'bayar', 'qriss']	neutral
['kali', 'eror', 'malam', 'hadeh', 'hadeh', 'malam', 'selaluntidak', 'hasil', 'transaksi']	negative
['mudah']	positive
['ah', 'aplikasi', 'aneh', 'oprak', 'oprek', 'verivikasi', 'tambah', 'anehh', 'gajelass']	positive
['maintenance', 'mulu', 'orang', 'buru', 'menunggu']	neutral
['mudah', 'gampang', 'bantu']	positive
['transfer', 'bni', 'mobile', 'catat', 'transaksi', 'masuk', 'wonder', 'saldo', 'tambah', 'tingkat', 'catat', 'masuk', 'transfer', 'biar', 'cepat', 'baca', 'wonder']	neutral
['mudah']	positive
['terimakasih', 'mudah', 'fiturnya']	positive
['daftar', 'aplikasi', 'buka', 'aplikasi', 'syarat', 'tentu', 'aplikasi', 'eror', 'baik']	negative
['mohon', 'baik', 'guna', 'apk', 'harap', 'bantu', 'nasabah', 'transaksi', 'lambat', 'login', 'situasi', 'urgen', 'download', 'apk', 'gara', 'enggak', 'isi', 'token', 'listrik', 'apk']	neutral
['tingkat', 'kembang', 'fitur', 'fitur', 'apknya', 'tambah', 'mudah', 'nyaman', 'transaksi', 'apk', 'mobile', 'tunai', 'transaksi', 'kartumasa', 'pakai', 'apk', 'rekening', 'terimakasih']	neutral
['aplikasi', 'bagus', 'banget', 'fitur', 'lumayan', 'lengkap', 'bikin', 'praktis', 'bayar', 'top', 'banget']	positive
['mudah', 'aman', 'nyaman', 'transaksi', 'lot', 'mudah', 'paham', 'repot', 'atm']	positive
['simpel', 'cepat']	positive
['error', 'padahal', 'transaksi', 'tf', 'qriss', 'coba', 'download', 'ulang', 'menyushkan', 'aplikasi', 'riba', 'eror', 'padahal', 'sudah', 'transaksi', 'mohon', 'bantu', 'upgrade', 'biar', 'nyaman', 'dengan', 'aplikasi', 'nyaterima', 'kasih']	neutral
['sip', 'bantu', 'nasabah']	positive
['muas', 'tahan', 'tingkat']	positive
['wonder', 'by', 'bni', 'top', 'mudah', 'nasabah', 'bni', 'transaksi', 'payment', 'virtual']	positive
['bintang', 'duludah', 'coba', 'kali', 'kali', 'bisayg', 'sulit', 'frevikasi', 'wajahmata', 'suruh', 'ngedip', 'deh', 'berkediptapi', 'belum', 'sesuai', 'kedip', 'nyaetah', 'kedip', 'tuh', 'mata']	negative
['cepat', 'transaksi']	positive
['tampil', 'oke', 'banget', 'kini', 'alias', 'modern', 'sesuai', 'zaman', 'fiturnya', 'lengkap', 'ya', 'ukur', 'mbanking', 'kayak', 'transfer', 'va', 'topup', 'ewallet', 'dll', 'fitur', 'qris', 'tapcash', 'seamless', 'banget', 'suka', 'banget', 'aplikasi', 'simple', 'ribet', 'promonya', 'xixi']	positive
['banget', 'lot']	negative
['daftar', 'log', 'ini', 'suruh', 'daftar', 'ulang', 'mohon', 'bantu']	neutral
['transaksi', 'pakai', 'virtual', 'accoutn', 'gampang', 'banget', 'memasuki', 'no', 'virtual', 'langsung', 'konvirmasi', 'simpel', 'banget']	positive
['tolong', 'tingkat', 'transfer', 'terang', 'tranferan', 'sih', 'kirim']	positive
['menu', 'transaksi', 'setor', 'tunai', 'kartu', 'menu', 'terimakasih']	neutral
['aplikasi', 'lot', 'aplikasi', 'bni', 'mobile', 'banking', 'wondr', 'lot', 'parah', 'kuota']	negative
['bagus', 'cuman', 'pasword', 'save']	neutral
['aplikasi', 'sempurna']	positive
['aplikasi', 'slow', 'respon', 'kali', 'buka']	negative
['pakai', 'mobile', 'banking', 'bni', 'isi', 'dana', 'juta', 'hari', 'wonder', 'dibatasin', 'juta', 'suka', 'transfer', 'uang', 'pakai', 'dana', 'gratis', 'limit']	neutral
['aplikasi', 'bagus', 'daftar', 'online', 'guna', 'aplikasi', 'saran', 'digital', 'hilang', 'beda', 'daftar', 'taplus', 'offline', 'online', 'depan', 'fiturfiturnya', 'lengkap']	positive
['muak', 'kali', 'dengan', 'apk', 'tolong', 'baik', 'load', 'scren', 'bangsad']	negative
['bagus', 'login', 'bni', 'mobile', 'banking', 'login', 'pakai', 'sidik', 'jari', 'password', 'kalo', 'wondr', 'pakai', 'settingan', 'pakai', 'sidik', 'jari', 'non', 'aktifin']	neutral
['alih', 'bni', 'mobile', 'banking', 'wondr', 'lancar', 'masuk', 'lupa', 'password', 'transaksi', 'verifikasi', 'ganti', 'password', 'laku', 'verifikasi', 'verifikasi', 'wajah', 'gagal', 'tunggu', 'berikutnyasaya', 'coba', 'esok', 'keterangannyatrus', 'tunggu', 'verifikasi', 'ulang']	neutral
['verifikasi', 'gagal', 'panjang', 'kartu', 'untung', 'ebanking', 'aktif', 'transaksi']	negative
['bagus', 'ribet', 'transaksi', 'kartu', 'kapan']	positive
['tolong', 'kerjasamanya', 'buka', 'aplikasi', 'mbangking', 'buka', 'deh', 'update', 'terus']	neutral
['gue', 'pakai', 'apk', 'sama', 'banking', 'wondr', 'apk', 'jelek', 'sudah', 'akun', 'sampai', 'verif', 'email', 'kagak', 'login', 'suruh', 'daftar', 'buang', 'sia', 'sia', 'gue', 'mengurus', 'bank', 'hari']	negative
['suka', 'hank', 'kadang', 'bikin', 'malu', 'ambil', 'promo', 'kasir', 'lola']	neutral
['bantu']	positive
['login', 'sesi', 'habis', 'masuk', 'tampil', 'login', 'login', 'sesi', 'habis', 'masuk', 'tampil', 'muter', 'muter', 'sana', 'bug', 'release']	negative
['bni', 'pakai', 'aplikasi', 'lengkap', 'app', 'harap', 'mundurr', 'kecewa', 'balikin', 'pakai', 'app', 'sebelum']	neutral
['gagal', 'transfer', 'uang', 'banget', 'kendala', 'lelet', 'kayak', 'kesel', 'uji', 'esmosi', 'pakai', 'apk', 'tunggu', 'apk', 'benarbenar', 'apk', 'kendala', 'atas', 'uninstall', 'tunggu']	neutral
['susah', 'banget', 'registrasi', 'sudah', 'tahap', 'masuk', 'password', 'gagal', 'registrasi', 'coba', 'maks', 'kali', 'doang', 'sudah', 'begitu', 'menunggu', 'iya', 'kalo', 'kalo', 'gagal', 'oke', 'kalo', 'aman', 'minimal', 'mudah', 'orang', 'memang', 'butuh', 'aplikasi', 'kayak', 'gin']	negative
['sudah', 'berapaa', 'kali', 'coba', 'daftar', 'susah', 'foto', 'sampai', 'ulang', 'enggak', 'sudah', 'mengikuti', 'pandu', 'bagaimana', 'bni', 'bikin', 'aplikasi', 'daftar', 'susah', 'ampun']	negative
['aplikasi', 'perban', 'mudah', 'proses', 'daftar', 'perlu', 'transaksi', 'finansial', 'proses', 'mudah', 'cepat']	positive
['menu', 'simplelebih', 'cepat', 'pulamantap', 'usaha']	positive
['parah', 'nih', 'aplokasi', 'salah', 'memasuki', 'pin', 'kartu', 'debit', 'langsung', 'blokirnyusahin']	negative
['aplikasi', 'bantu', 'mudah', 'nasabah', 'transaksi', 'masuk', 'developer', 'rincian', 'transaksi', 'jelas', 'transaksi', 'bank', 'konvensional', 'nama', 'kirim', 'cantum', 'bingung', 'transaksi', 'masuk', 'bni', 'mobile', 'banking', 'terima', 'kasih']	neutral
['bni', 'layan', 'bagus', 'mudah']	positive
['susah', 'banget', 'verifikasi', 'wajah', 'suruh', 'kedip', 'mata', 'gue', 'sudah', 'kedap', 'kedip', 'mata', 'cenat', 'cenut', 'tetap', 'enggak', 'rating', 'bintang', 'sudah', 'kasih']	negative
['klik', 'idh', 'hapus', 'change', 'memori', 'unistal', 'download']	negative
['aplikasi', 'eror', 'terus', 'eror', 'begitu', 'terus', 'butuh', 'enggak', 'dipakai']	negative
['aplikasi', 'bagus', 'keren', 'bni', 'mobile', 'simpel', 'transaksi', 'menu', 'lengkap', 'bni', 'mobile', 'mohon', 'depan', 'dilengkapin', 'lengkap', 'bni', 'mobile', 'kalo', 'menu', 'aplikasi', 'ditambahin', 'pilih', 'teranggelap', 'terimakasih']	positive
['bagus', 'mudah']	positive
['aplikasi', 'baik', 'kesal', 'aplikasi', 'buka', 'aplikasi', 'muncul', 'sesi', 'login', 'habis', 'buka', 'aplikasi', 'kecewa']	negative
['bantu']	positive
['mas', 'bagus', 'lamaini', 'jaring', 'sudah', 'bagus', 'login', 'bangetmana', 'suka']	negative
['sudah', 'daftar', 'gagal', 'pin', 'login', 'tolong', 'gan', 'solusi']	neutral
['kasih', 'bintang', 'karena', 'pelan', 'paksa', 'pindah', 'aplikasi', 'aplikasi', 'bni', 'sudah']	negative
['enggak', 'niat', 'bikin', 'aplikasi', 'enggak', 'bikin', 'lot', 'ganggu', 'kont']	negative
['lot', 'banget', 'bayar', 'buka', 'app', 'sama', 'bankingnya', 'aduh', 'semoga']	negative
['lot']	negative
['tolong', 'tingkat', 'fitur', 'tera', 'uang', 'transfer', 'uang', 'transfer', 'mudah', 'riwayat', 'saldo', 'terimakasih']	neutral
['fitur', 'menu', 'loem', 'adasecepatnya', 'aktifkanmksh']	positive
['aplikasi', 'bagus', 'mudah', 'jenis', 'transaksi', 'tambah', 'tambah', 'fitur', 'detail', 'baru']	positive
['sudah', 'daftar', 'aplikasi', 'error', 'uninstal', 'download', 'login', 'kayak', 'daftar', 'ulang', 'sudah', 'verifikasi', 'muka', 'gagal', 'alhasil', 'enggak', 'butuh', 'payroll']	negative
['keren', 'registrasi', 'mudah', 'cs', 'antri', 'tampil', 'bagus', 'sekian', 'enggak', 'pakai', 'mobile', 'banking', 'ganti', 'nmor', 'hp', 'malas', 'cs', 'nyasaya', 'apresiasi', 'bni', 'kembang', 'zaman', 'modern', 'inislogan', 'sulit', 'mengapai', 'mudah', 'hilang', 'bank', 'swasta', 'sekarang', 'serba', 'digitaltks']	positive
['sudah', 'beberapa', 'kali', 'transfer', 'topup', 'saldo', 'terang', 'hasil', 'transansi', 'has', 'kali', 'kali', 'jadi', 'seperti', 'transaksi', 'pakai', 'kartu', 'histori', 'catat', 'beberapa', 'catat', 'histori', 'transaksi']	negative
['aplikasi', 'wondr', 'terkadang', 'transfer', 'bi', 'fast', 'rekening', 'aplikasi', 'bni', 'mobile', 'banking', 'transfer', 'bi', 'fast', 'rekening', 'tolong', 'baik']	neutral
['tampil', 'tarik', 'operasi', 'cepat']	positive
['balik', 'mudah', 'operasi']	positive
['canggihcontohmobile', 'cash', 'adlihat', 'saldo', 'instan', 'adalogin', 'aplikasi', 'pilih', 'tampil', 'pilih', 'masuk', 'pin', 'biometrikmasih', 'kalah', 'jauhmasih', 'ribet', 'simple']	negative
['gampang', 'pakein', 'muda', 'transaksi']	positive
['wondr', 'by', 'bni', 'jadikan', 'mu', 'tampil', 'colorfull', 'transaksi', 'mana', 'sesuai', 'butuh', 'nasabah']	positive
['aplikasi', 'ganggu', 'butuh', 'pembayaran', 'error', 'padahal', 'sinyal', 'bagus', 'kuota', 'masih', 'fitur', 'kurg', 'user', 'friendly', 'kalah', 'lengkap', 'daripada', 'bni', 'mobile', 'banking', 'tau', 'maksud', 'inovasi', 'kurang', 'mhn', 'koreksi', 'masuk', 'tim', 'developer', 'aplikasi']	negative
['lot', 'kadang', 'enggak', 'masuk']	neutral
['mudah', 'transaksi']	positive
['praktis', 'mudah']	positive
['bagus', 'sayang', 'wonder', 'bni', 'belum', 'tarik', 'tunai', 'setor', 'tunai', 'kartu']	positive
['tolong', 'baik', 'tingkatkanmasih', 'lot', 'aplikasi', 'gagal', 'bug']	negative
['kalo', 'kali', 'wonder', 'by', 'bni']	positive
['kadang', 'suka', 'lemotkadang', 'cepat', 'banget', 'buka', 'aplikasi']	positive
['manfaat', 'cepat']	neutral
['saran', 'makan', 'saldo', 'ya']	positive
['untung', 'wondr', 'bikin', 'hidup', 'susah', 'tolong', 'bni', 'transaksi', 'transfer', 'bank', 'saldo', 'potong', 'uang', 'masuk', 'rekening', 'tuju', 'terang', 'hasil', 'rugi', 'kala', 'emergenci']	negative
['kayak', 'mbankingnya', 'otp', 'enggak', 'masuk', 'no', 'enggak', 'tau', 'no', 'ngarepnya', 'sistem', 'otp', 'app', 'biar', 'tarik', 'tunai', 'kartu']	neutral
['uang', 'masuk', 'terang', 'tulis', 'bayar', 'kirim', 'namainstansino', 'rekening', 'kirim', 'uang', 'terang', 'kirim', 'muncul', 'terang', 'kirim', 'serta', 'terang', 'kirim', 'bayar', 'beda', 'mobile', 'banking', 'bni']	neutral
['aplikasi', 'bagus', 'mudah', 'sesuai', 'butuh', 'tolong', 'baik', 'kendala', 'susah', 'loginnyatks']	neutral
['sanggan', 'bantu', 'transfr']	positive
['kok', 'kartu', 'aktif', 'maksudnya', 'bagaimana', 'ya']	neutral
['coba', 'sesuai', 'prosedur', 'anjurkanhasipnya', 'samaverifikasi', 'wajah', 'gagaldi', 'suruh', 'coba', 'besoksaya', 'coba', 'besok', 'suruh', 'coba', 'besoknyasudah', 'coba', 'coba', 'inidi', 'suruh', 'coba', 'besok', 'besok', 'besok', 'kecewa', 'php', 'apkentah', 'pasti', 'tanggal', 'kasih', 'taumerasa', 'bohong', 'butuh', 'kepastiancoba', 'besokbesok', 'lagidan', 'lagisangat', 'kecewamending', 'pakai', 'bank', 'lainaplikasi', 'wondr', 'gagal']	negative
['kenap', 'dihp', 'buka', 'ya', 'coba', 'lu', 'instal', 'instal', 'kali', 'tetap', 'enggak', 'buka', 'tulis', 'mohon', 'coba', 'kali', 'instal', 'uinstal', 'tera', 'tulis', 'kendala', 'tim', 'baik', 'yukcoba']	negative
['wondr', 'kemarin', 'ganggu', 'enggak', 'masuk', 'ganggu']	neutral
['aplikasi', 'buka', 'muncul', 'tulisanaplikasi', 'wonder', 'baik']	neutral
['sudah', 'masuk', 'aplikasi', 'aplikasi', 'masuk', 'tulis', 'sesi', 'bagaimana', 'min']	negative
['selamat', 'siang', 'kkbertanx', 'kalau', 'blokir', 'wonder', 'kartu', 'debit', 'kalau', 'orang', 'krim', 'uang', 'masuk', 'kakak']	positive
['aplikasi', 'dbuka', 'belanja', 'byar', 'malang', 'stak', 'halaman', 'mohon', 'baik', 'kualitas', 'aplikasi', 'dlihat', 'sinyal', 'aman', 'ketika', 'transaksi', 'stak', 'halaman']	negative
['verifikasi', 'wajah', 'susah', 'kali', 'coba', 'tolong', 'baik', 'fitur', 'verifikasi', 'wajahnha']	negative
['oy', 'kayak', 'enggak jelas', 'banget', 'semenjak', 'update', 'log', 'out', 'sendiritrus', 'login', 'bikin', 'kartu', 'fisik', 'hadeh', 'kartu', 'fisik', 'login', 'sulit', 'lucu', 'lucu']	negative
['bagus', 'mudah', 'erti']	positive
['tolong', 'fiturnya', 'rdpusbn', 'sahamemas', 'digital']	positive
['susah', 'login', 'hp']	neutral
['kualitas', 'jeleek', 'enggak', 'login', 'gampang', 'ganggu', 'tarik', 'tunai', 'kartu', 'mending', 'aplikasi', 'buka', 'ringan', 'jelek', 'lelet']	neutral
['update', 'proses', 'login', 'wonder', 'bni', 'banking', 'tulis', 'kendala', 'sudah', 'hari', 'enggak', 'buka', 'wonder', 'bni']	neutral
['verifikasi', 'wajah', 'sulit', 'coba', 'coba', 'kendala', 'sistem', 'eh', 'tau', 'mengasih', 'pemberitahuan', 'verifikasi', 'wajah', 'coba', 'besok', 'rusak', 'sistem', 'konsumen', 'repot', 'rusak', 'rusak']	neutral
['kecewa', 'model', 'riwayat', 'transaksi', 'lengkap', 'aplikasi', 'bni', 'mobile', 'bni', 'mobile', 'lengkap', 'saldo', 'tarik', 'mudah', 'ngehitung', 'saldo']	neutral
['aplikasi', 'parah', 'bni', 'mobile', 'daftar', 'aplikasi', 'sulit', 'mending', 'bni', 'hapus', 'aplikasibisa', 'verifikasi', 'wajah', 'hapus', 'suruh', 'kedip', 'kedip', 'bikin', 'ratus', 'kali', 'kedip', 'enggak']	negative
['verifikasi', 'wajah', 'error', 'mana', 'kedip', 'mata', 'deteksi', 'ulang', 'kali']	neutral
['ui', 'aplikasi', 'fresh', 'friendly', 'banget', 'bikin', 'alam', 'transaksi', 'cepat', 'senang', 'recomended']	positive
['sungguh', 'sesal', 'sudah', 'nasabah', 'bni', 'layan', 'cs', 'slow', 'respon', 'login', 'wondr', 'enggak', 'bantuin', 'layan', 'bni', 'satu', 'jelas', 'sungguh', 'kecewa', 'nasabah', 'bni']	negative
['transaksi', 'transfer', 'juta', 'perharibikin', 'ribettolong', 'baik']	negative
['aplikasi', 'fitur', 'setor', 'tunai', 'cardless']	neutral
['suka', 'nge', 'lacksuka', 'signout', 'suka', 'notif', 'masalah', 'bni']	negative
['buka', 'rekening', 'wonder', 'susah', 'banget', 'gagal', 'enggak', 'gaji']	neutral
['susah', 'banget', 'daftarinnya', 'daftar', 'keluar', 'pasti', 'data', 'update', 'bagaimana', 'maksud', 'data', 'update']	negative
['bagus', 'sih', 'modern', 'ajar', 'sayang', 'bom', 'fitur', 'transaksi', 'atm', 'kartu']	neutral
['bagus', 'aplikasi', 'mudah']	positive
['bintang', 'dulu', 'kalo', 'sudah', 'ditingkatin', 'update', 'sudah', 'keren', 'cepat', 'apk', 'tingkat', 'detail', 'note', 'transaksi', 'bni', 'mobile', 'riwayat', 'saldo', 'setelah', 'transaksi', 'tidak', 'super', 'app', 'menggantikan', 'bni', 'mobile', 'fitur', 'bni', 'mobile', 'paksa', 'instal', 'bni', 'mobile', 'padahal', 'sudah', 'hapus']	negative
['bintang', 'fitur', 'mohon', 'tingkat']	neutral
['loading', 'verifikasi', 'kode', 'banget', 'jaring', 'paket', 'data', 'sudah', 'full', 'stak', 'vidio', 'call', 'admin', 'verifikasi', 'bilang', 'putus', 'bikin', 'aplikasi', 'benar', 'woi', 'rugi', 'daftar', 'bni', 'mengapai', 'coba', 'bikin', 'aplikasi', 'kayak', 'gin']	negative
['loading', 'masuk', 'aplikasi', 'lambat']	neutral
['tolong', 'baik', 'sistemnyatdk', 'buka', 'aplikasi', 'transaksi', 'qris']	negative
['riwayat', 'saldo', 'muncul', 'mbanking', 'sebelumnyasusah', 'banget', 'hitung', 'ulang', 'saldo', 'berapahufft']	neutral
['deskripsi', 'transaksi', 'minim']	neutral
['sudah', 'bagus', 'banget', 'sih', 'aplikasi', 'enggak usah', 'repot', 'repot', 'bank', 'transfer', 'belanja', 'murah', 'tampil', 'aplikasi', 'mudah', 'paham', 'mantap', 'bni', 'good', 'job']	positive
['aplikasi', 'wondrselalu', 'dramaverifikasi', 'wajah', 'minggu', 'enggak', 'beres', 'beresselalu', 'ulang', 'gagal', 'ulang', 'lagisedangkn', 'darurat', 'tolong', 'baik', 'mudah']	neutral
['eror', 'transaksi', 'jam', 'gagal', 'buka', 'refrensi', 'usaha', 'gue', 'malas', 'benar', 'memakai', 'bni']	neutral
['ucap', 'terimakasih', 'hatur', 'terima', 'nasabah', 'bni', 'wondr', 'sayang', 'fitur', 'setor', 'tunai', 'cardless', 'susah']	positive
['wondr', 'bni', 'mudah', 'mantap']	positive
['susah', 'biasa', 'pola', 'password', 'sulit', 'terap', 'banding', 'terus', 'ganti', 'password', 'ribet', 'aplikasi', 'cek', 'ktp', 'nali', 'stuck', 'sampai', 'situ', 'enggak', 'tggu', 'besok', 'aplikasi', 'masih', 'cek', 'ktp', 'nali', 'hdehh']	negative
['bintang', 'terang', 'transaksi', 'muncul', 'history', 'transaksi', 'aplikasi', 'muncul', 'ganti', 'bintang']	neutral
['tolong', 'sistem', 'saldo', 'minimum', 'hapus', 'top', 'up', 'gopay', 'beli', 'makan', 'enggak', 'nomoinal', 'uang', 'ribu']	negative
['aplikasi', 'bagus', 'tarik', 'mudah', 'transaksi', 'handphone', 'terimakasih', 'aplikasi', 'wondrbybni']	positive
['sudah', 'coba', 'ganti', 'slot', 'sim', 'tetap', 'susah', 'memasuki', 'nomor', 'daftar', 'bolak', 'beli', 'pulsatolong', 'saran', 'kak']	neutral
['ui', 'tarik', 'simple', 'fitur', 'keren', 'pokok', 'wonder', 'bni']	positive
['tranfer', 'dana', 'susah']	negative
['wondr', 'memang', 'hari', 'limit', 'transfer', 'pakai', 'bni', 'mobile', 'aman', 'aman', 'gilir', 'pakai', 'transfer', 'batas', 'kalo', 'jual', 'kayak', 'susah', 'pakai', 'aplikasi', 'rekomendasi']	negative
['mudah', 'sat', 'set']	positive
['wonder', 'ganggu', 'kadang', 'butuh', 'ganggu', 'segi', 'riwayat', 'transaksi', 'bagus', 'apk', 'bni', 'wonder', 'ribet', 'efisien', 'guna']	negative
['batas', 'limit', 'transfer', 'hari', 'pakai', 'mbangking', 'bni', 'topup', 'juta', 'sekarang', 'pakai', 'maksimal', 'juta']	neutral
['mobile', 'tunai', 'error', 'muncul', 'kode', 'verifikasi', 'sms', 'nomor', 'kartu', 'aktif']	positive
['deteksi', 'wajah', 'kewalahan', 'gagal', 'verifikasi', 'wajah', 'sekali', 'hasil', 'suruh', 'cabang', 'dekat', 'heran', 'asa', 'kyc', 'apk', 'sat', 'set']	negative
['kadang', 'susah', 'transfer', 'hasil']	positive
['aplikasi', 'payah', 'susah', 'masuk']	neutral
['bagus', 'aplikasi', 'mudah', 'bulan', 'aktif', 'sekarang', 'bisa', 'buka', 'sih', 'bulan', 'pakai', 'transaksi', 'kenapa', 'ya']	neutral
['pasu', 'data', 'ktp', 'verifikasi', 'no', 'telp', 'sistem', 'error', 'mohon', 'baik']	negative
['mudah', 'cepat', 'koneksi']	positive
['aplikasi', 'bagus', 'bayar', 'air', 'pdam']	positive
['bagus', 'simple', 'bug', 'aplikasi', 'enggak', 'buka', 'buka', 'enggak', 'pakai', 'wifidi', 'daerah', 'enggak', 'buka', 'bayar', 'belanja', 'ah', 'menyusahkan', 'enggak', 'andal', 'beda', 'bni', 'mobile', 'signal', 'jelek', 'buka', 'syukur', 'ta', 'uninstall', 'bni', 'mobileku', 'baik', 'dong']	neutral
['jelek', 'banget', 'ganggu', 'kerja', 'setiap', 'tf', 'dana', 'bank', 'ganggu', 'isi', 'wonder', 'tolong', 'baik', 'apk']	negative
['kota', 'bogor', 'wonder', 'ganguan', 'baik', 'bagaimana', 'butuh', 'ya', 'gin', 'bni', 'mbak', 'sudah', 'uninstall', 'pindah', 'wonder', 'saldo', 'ambil', 'sok', 'transaksi', 'tolong', 'baik', 'jm', 'malam', 'siang', 'aduh']	negative
['apk', 'apeuuni', 'masuk', 'enggak bisa', 'login', 'sesi', 'wow', 'tingkatin', 'doonnk', 'mending', 'pakai', 'bni', 'mobile', 'banking', 'ah']	negative
['data', 'migrasi', 'aplikasi', 'repot', 'aplikasi', 'user', 'friendly']	negative
['bayar', 'virtual', 'account', 'bni', 'gagal', 'gagal']	neutral
['puas', 'terimakasi']	positive
['mudah', 'transaksi', 'terimakasih']	positive
['pakai', 'bayar', 'bpjs', 'transaksi', 'proses', 'bayar', 'bayar', 'bpjs']	positive
['aplikasi', 'error', 'history', 'langsung', 'muncul', 'mending', 'doang', 'promosi', 'aplikasi', 'hapus', 'bagus', 'hancur', 'sudah', 'ambil', 'tunai', 'kartu', 'payah', 'buruk']	negative
['apk', 'jos', 'delay']	neutral
['mutasi', 'rekening', 'terang', 'jam', 'transfer', 'mending', 'aplikasi', 'detail', 'mutasi']	neutral
['aplikasi', 'simple', 'cepat', 'transaksi', 'cepat', 'sat', 'set', 'sat', 'set', 'uhuuy']	positive
['daftar', 'verifikasi', 'wajah']	neutral
['mudah', 'bayar']	positive
['aplikasi', 'bagus', 'notif', 'transaksi', 'cepat', 'banget', 'cuman', 'keluh', 'bapakibuk', 'dev', 'aplikasi', 'crash', 'buka', 'stuck', 'logo', 'mohon', 'kenan', 'baik', 'ibuk', 'terimakasih']	neutral
['enak', 'lancar', 'banget']	positive
['download', 'registasi', 'langkah', 'langka', 'sudah', 'ikut', 'hasil', 'aplikasi', 'atur']	negative
['transaksi', 'hasil', 'saldo', 'potong', 'transfer', 'jam', 'ditungguin', 'sampai', 'jam', 'siang', 'masuk', 'saldo', 'bagaimana', 'wondr', 'tolong', 'bantu']	negative
['pakai', 'app', 'lamaberasa', 'nyamankalau', 'transaksi', 'gagal', 'gagal', 'app', 'transaksi', 'gagal', 'hitung', 'dana']	negative
['mobile', 'banking', 'bni', 'proses', 'cepat']	positive
['bagus', 'gampang', 'pakai']	positive
['aplikasi', 'mudah', 'transaksi', 'mana', 'butuh', 'token', 'listrik', 'pulsa', 'habis', 'sat', 'set', 'beli', 'bayar', 'aplikasi', 'beli', 'tiket', 'kereta', 'whoosh', 'sat', 'set', 'aplikasi', 'tampil', 'aplikasi', 'bagus', 'fitur', 'mudah', 'aplikasi', 'mudah', 'transaksi', 'praktis']	positive
['xiaomi', 'ultra', 'error', 'susah', 'masuk', 'aplikasi', 'loading', 'awal', 'masuk', 'dalam', 'aplikasi', 'transaksi']	neutral
['verivikasi', 'wajah', 'sudah', 'berkalikali', 'gagal', 'belum', 'oprasionalkan', 'skip', 'dulu']	negative
['kelas', 'bank', 'bumn', 'notif', 'transaksi', 'uang', 'masuk', 'macet', 'kalah', 'bank', 'belah', 'tolong', 'dong', 'notofnya', 'baik', 'tidk', 'login', 'check', 'uang', 'masuk', 'aplikasi', 'buruk', 'eror', 'login', 'down', 'pemberitahuan', 'bikin', 'musdah', 'menambah', 'parah']	negative
['eror', 'sih', 'sebel', 'transfer', 'prusdential', 'enggak', 'tranfer', 'shopee', 'enggak', 'dana', 'enggak', 'tolong', 'cepat', 'baik', 'gaji', 'kadong', 'setting', 'masuk', 'bni', 'gin', 'malas', 'pakai', 'bni']	negative
['bagus', 'aplikasi', 'enak', 'pakai', 'bni', 'mobile', 'pakai', 'wonder', 'ribet', 'bikin', 'pin', 'pasword', 'huruf', 'gede', 'angka', 'tanda', 'simple']	neutral
['apk', 'wonder', 'turut', 'sama', 'apk', 'bni', 'sebelumnyangelegsuka', 'buka', 'loginlama', 'banget', 'muncul', 'layar', 'hitam', 'sama', 'habis', 'menu', 'utama', 'hpbelum', 'sudah', 'keburu', 'belanja', 'qrisdahlahh', 'capek', 'banget']	positive
['aplikasi', 'buka', 'sudah', 'uninstal', 'instalasi', 'tetap', 'buka']	neutral
['suka', 'pakai', 'app', 'susah', 'buka', 'terupdate', 'akh', 'pakai', 'app', 'bni', 'mobile', 'karena', 'cepat']	neutral
['mudah', 'efisien', 'atur', 'cepat']	positive
['selamat', 'sore', 'bni', 'transaksi', 'tari', 'tunai', 'atm', 'transaksi', 'diprses', 'saldo', 'potong', 'rbmohon', 'jelas', 'bagimana', 'saldo', 'rekening']	neutral
['wo', 'update', 'baru', 'bni', 'bagus', 'banget', 'tampil', 'cepat', 'transaksi', 'sat', 'set', 'wat', 'wet']	positive
['wondr', 'bu', 'bni', 'mudah', 'transaksi', 'transfer', 'uang']	positive
['hapus', 'bukti', 'transfer', 'uang', 'masuk', 'gimama', 'fiturnya', 'wondr', 'by', 'bni']	neutral
['manfaat', 'malas', 'atm']	positive
['bayar', 'virtual', 'account', 'bni', 'gagal', 'gagal']	neutral
['update', 'gagal', 'terusnyesel', 'masuk', 'bnibri', 'baikbaru', 'update', 'hasil', 'suksesbegitu', 'buka', 'masuk', 'login', 'pascode', 'sesuaisaya', 'sama', 'bangking', 'bank', 'kendala', 'kayak']	negative
['aplikasi', 'aneh', 'verifikasi', 'tengok', 'kiri', 'tengok', 'dekat', 'wajah', 'jauh', 'wajah', 'enggak', 'mau', 'sih', 'aju', 'pinjam', 'susah', 'verifikasi', 'wajah']	negative
['aplikasi', 'enggak jelas', 'verifikasi', 'email', 'sudah', 'sampai', 'kali', 'salah', 'kode', 'otp', 'sudah', 'sesuai', 'aplikasi', 'banget', 'kocak', 'buka', 'bikin', 'customer', 'mudah', 'sulit']	negative
['kalo', 'pakai', 'internet', 'hp', 'stuck', 'menu', 'logo', 'tunggu', 'menu', 'login', 'kalo', 'pakai', 'wifi', 'lancar', 'aplikasi', 'bagus', 'aplikasi', 'bni', 'satu', 'kurang']	positive
['terima', 'kasih', 'wondr', 'mudah']	positive
['bagus', 'pakai', 'wonder', 'transaksi', 'gampang']	positive
['aplikasi', 'susah', 'transakai', 'jam', 'malam', 'seringa', 'enggak', 'jelek', 'aplikasi', 'inj']	negative
['mantap', 'nyaman', 'pakai', 'wonder']	positive
['aplikasi', 'cepat', 'tampil', 'keren', 'mudah', 'betransaksi', 'saran', 'menu', 'mutasi', 'rekening', 'samain', 'mobile', 'banking', 'menu', 'mobile', 'tunai', 'lainlain']	positive
['pakai', 'wonder', 'transaksi', 'cepat', 'mudah']	positive
['bagus', 'praktis', 'transaksi', 'mudah', 'erti', 'ribet']	positive
['metode', 'transfer', 'bifast', 'enggak bisa', 'pakai', 'realtime', 'dengan', 'biaya', 'admin', 'mahal', 'mls']	neutral
['ngescan', 'gagal', 'baca', 'scan', 'muka', 'tolong', 'baik', 'scan', 'muka', 'ngebug']	neutral
['sayang', 'banget', 'kalo', 'ambil', 'foto', 'enggak bisa', 'dari', 'galeri']	neutral
['cepat', 'transaksi']	positive
['sudah', 'kali', 'jadi', 'transaksi', 'gagal', 'saldo', 'kurang', 'sudah', 'kayak', 'maling', 'woy']	negative
['orang', 'bikin', 'aplikasi', 'tuju', 'mudah', 'guna', 'aplikasi', 'wondr', 'bni', 'bikin', 'mudah', 'bikin', 'susah', 'anjnk', 'lu', 'paksa', 'gua', 'pakai', 'aplikasi', 'gua', 'cuman', 'beli', 'token', 'listrik', 'su', 'gua', 'memasuki', 'ulang', 'datadata', 'kait', 'mbanking', 'aplikasi', 'gua', 'cuman', 'beli', 'token', 'anjink', 'cook', 'lu', 'mengapai', 'bikin', 'aplikasi', 'cook', 'sudah', 'enak', 'mbanking', 'tahi', 'lu', 'cuman', 'balas', 'maaf', 'doang', 'su']	negative
['gara', 'lena', 'cashback', 'install', 'zonk', 'apes', 'bni', 'mobile', 'keburu', 'uninstall', 'lapor', 'call', 'center', 'tenang', 'kes', 'pojok', 'customer', 'fitur', 'verifikasi', 'wajah', 'ribet', 'bank', 'bni', 'dekat', 'nasabah', 'hp', 'type', 'highend', 'mohon', 'bni', 'koreksi', 'aplikasi', 'thanks']	negative
['beli', 'paket', 'data', 'kali', 'mahal', 'begitu', 'kak', 'pilih', 'batas', 'aplikasi', 'mbanking', 'beli', 'paket', 'data', 'wort', 'itu', 'sangatt', 'muas']	positive
['baca', 'ulas', 'ulas', 'teman', 'teman', 'takut', 'instal', 'wondr', 'teman', 'nyamanlebih', 'telepon', 'kantor', 'bni', 'pusatbiar', 'nyaman']	negative
['hai', 'guna', 'excited', 'banget', 'aplikasi', 'banking', 'colorful', 'kayak', 'ginisangat', 'senang', 'enggak', 'monoton', 'warna', 'asa', 'nyaman', 'saja', 'pandang', 'saldo', 'tipis', 'suka', 'fitur', 'transfer', 'negeri', 'terus', 'langsung', 'nonggol', 'negara', 'tujuanmantap', 'apknya', 'enggak', 'lelet', 'terimakasih', 'moga', 'uang', 'nyaman', 'rekening']	positive
['verifikasi', 'wajah', 'gagal', 'mulu', 'terang', 'bikin', 'aplikasi', 'sih', 'menyusahkan', 'orang']	negative
['mohon', 'maaf', 'kasih', 'bintang', 'sudah', 'kali', 'jadi', 'bikin', 'trauma', 'jadi', 'mesin', 'atm', 'bni', 'moga', 'baik', 'depan', 'rincian', 'tarik', 'tunai', 'uang', 'enggak', 'saldo', 'potong', 'segitu', 'kronologi', 'rinci', 'tangan', 'setor', 'tunai', 'uang', 'sudah', 'masuk', 'mesin', 'saldo', 'kayak', 'mohon', 'baik', 'uang', 'butuh', 'seharihari', 'terimakasih']	negative
['error', 'masuk', 'halaman', 'login', 'enggak', 'bni', 'mobile', 'batas', 'bni', 'bank', 'ayo', 'aplikasi', 'baik']	neutral
['transaksi', 'mudah']	positive
['transisi', 'akurat', 'cepat']	positive
['fitur', 'fitur', 'tarik', 'tunai', 'kartu', 'sedia', 'kayak', 'belah', 'lancar', 'loading', 'lumayan', 'transferdana', 'minumum', 'tinggal', 'rekening', 'pilih', 'nominal', 'alert', 'dana', 'cukup', 'tf', 'ingat', 'iya', 'tf', 'gagal', 'kasih', 'notifikasi']	neutral
['baik', 'sistem', 'sudah', 'kali', 'transaksi', 'tulis', 'hasil', 'belum', 'masuk']	neutral
['aplikasi', 'enggak', 'mengikuti', 'tutorial', 'youtube', 'buka', 'izin', 'aplikasi', 'enggak', 'buka']	neutral
['mudah', 'transaksi']	neutral
['buka', 'loginnya', 'tolong']	positive
['password', 'sudah', 'benar', 'salah', 'bikin', 'pas', 'verifikasi', 'eh', 'tetiba', 'salah', 'pin', 'bikin', 'pin', 'verifikasi', 'login', 'eh', 'salah', 'banget', 'nih', 'bikin', 'pas', 'pin', 'kali', 'kayak', 'gin', 'ampir', 'unik', 'gemas']	negative
['aplikasi', 'taii', 'anjiingsering', 'erorgangguanbukannya', 'mempermudahmalah', 'susah']	negative
['lkp', 'apk', 'bni', 'mobil', 'bank', 'lamadi', 'wondr', 'bni', 'menu', 'cetak', 'bukti', 'transaksimobile', 'tunai', 'kadang', 'ngelag', 'buka', 'apkbintang', 'dulu', 'karena', 'tersebut']	neutral
['semenjak', 'ganti', 'womder', 'customer', 'service', 'kecewa', 'slow', 'resfondsaya', 'transaksi', 'wonder', 'gagal', 'mutasi', 'saldo', 'potong', 'solusi', 'cs', 'pakai', 'wonder', 'saldo', 'hilang', 'katena', 'transaksi', 'gagal', 'eh', 'suruh', 'konfirmasi', 'pln', 'pakai', 'wonderbni']	negative
['transaksi', 'e', 'wallet', 'tolong', 'perhati']	neutral
['jelasperivikasi', 'wajah', 'gagal', 'trsskalinya', 'hasil', 'bisasuruh', 'kunjung', 'cabang', 'trdekatatau', 'hubung', 'bnimana', 'mahal']	negative
['user', 'interface', 'dati', 'bni', 'mobile', 'banking', 'fiturnya', 'lengkap', 'lengkap', 'bni', 'mobile', 'banking', 'aju', 'tukar', 'kartu', 'bni', 'mobile', 'banking']	neutral
['transaksi', 'cepat', 'mudah', 'aplikasi', 'wonder', 'mks', 'bni']	positive
['mudah', 'kurang', 'fitur', 'mobile', 'tunai', 'kerepot', 'kartu', 'kadaluarsa']	neutral
['alhamdulillah', 'mudah', 'operasi', 'mudah', 'trouble']	positive
['aplikasi', 'bagus', 'notif', 'transaksi', 'cepat', 'banget', 'cuman', 'keluh', 'bapakibuk', 'dev', 'aplikasi', 'crash', 'buka', 'stuck', 'logo', 'mohon', 'kenan', 'baik', 'ibuk', 'terimakasih']	neutral
['menu', 'lengkap', 'transaksi', 'apa', 'mudah', 'terimakasih', 'wondr', 'bni']	positive
['bantu', 'sekalimohon', 'menu', 'tarik', 'tunai', 'kartu', 'ditambahkanterimakasih', 'bni', 'update', 'nih', 'bintang', 'transaksi', 'kartu', 'menu', 'mobile', 'tunai']	positive
['tolong', 'kembang', 'aplikasi', 'ulang', 'kali', 'daftar', 'masuk', 'nomor', 'hape', 'ulang', 'kali', 'tolong', 'baik']	negative
['aplikasi', 'oke', 'banget', 'mudah', 'aktivasi', 'pakai', 'lengkap', 'uyy']	positive
['bantu', 'aplikasi', 'inisemua', 'mudah']	positive
['mudah', 'cepat', 'bandung', 'bni', 'mobail', 'tingkat']	positive
['keren', 'bangetssemua', 'mudah']	positive
['susah', 'banget', 'verifikasi', 'wajah']	negative
['kayak', 'mbankingnya', 'otp', 'enggak', 'masuk', 'no', 'enggak', 'tau', 'no', 'ngarepnya', 'sistem', 'otp', 'app', 'biar', 'tarik', 'tunai', 'kartu']	neutral
['aplikasi', 'koneksi', 'hotspot', 'pakai', 'wifi', 'buka', 'pakai', 'data', 'seluler', 'kuota', 'pribadi', 'enggak', 'buka', 'aplikasi']	negative
['aplikasi', 'optimal', 'lot', 'keluh', 'suka', 'aplikasi', 'wondr']	negative
['aplikasi', 'keren', 'banget', 'akses', 'cepat', 'fitur', 'transaksi', 'bantu', 'nasabah', 'tampil', 'tarik', 'sukses', 'bank', 'bni']	positive
['dari', 'apliksi', 'wondr', 'enggak', 'karuan', 'lalau', 'baik', 'sistem', 'dari', 'pagi', 'malam', 'kelas', 'bni', 'apliksi']	negative
['pengin', 'nabung', 'du', 'bnitapi', 'ambil', 'uang', 'atm', 'banget', 'salah', 'passworldganti', 'passworldgak', 'begitu', 'lagisekarang', 'kartu', 'enggak', 'nisa', 'pakesaya', 'bni', 'setiabudhi', 'ganti', 'kartu', 'bisasedang', 'bank', 'belah', 'setiabudhi', 'ganti', 'kartu', 'menit', 'isi', 'formulir', 'apapunsemoga', 'bni', 'yasukses']	neutral
['mudah', 'mudah', 'dalam', 'transaksi', 'saya', 'jangkau', 'keramaianjdi', 'saya', 'transaksi', 'wondr', 'by', 'bni', 'tinggal', 'daerah', 'plosok']	positive
['aplikasi', 'bagus', 'fitur', 'bantu', 'transaksi', 'digital', 'mudah', 'aman', 'cepat', 'mana', 'transaksi', 'laku', 'genggam']	positive
['maaf', 'min', 'mutasi', 'rekening', 'reques', 'tanggal', 'mobile', 'banking', 'versi']	positive
['permisi', 'min', 'selamat', 'pagi', 'malam', 'isi', 'token', 'transaksi', 'gagal', 'saldo', 'kurang', 'minmohon', 'info', 'lanjut', 'min']	negative
['aplikasi', 'login', 'susah']	neutral
['mudah', 'lancar']	positive
['kasih', 'saran', 'tolong', 'baik', 'sistem', 'masak', 'error', 'mulu', 'app', 'aman', 'lho', 'tolong', 'diniatin', 'sistem', 'sayang', 'fiturnya', 'sudah', 'bagus', 'enggak', 'dipakek', 'transfer', 'banyak', 'error', 'ujung', 'gagal']	negative
['loadingnya', 'ya', 'pakai', 'paket', 'data', 'halo', 'wifi', 'fiturfiturnya', 'belum', 'versi', 'platform', 'sebelumnya', 'bni', 'kenapa', 'sih']	negative
['aktifasi', 'deteksi', 'wajah', 'suruh', 'kedip', 'sudah', 'kali', 'tetap', 'gagal']	neutral
['susah', 'login', 'aktif', 'sidik', 'jari', 'masuk', 'password', 'pin', 'login', 'terkadang', 'sidik', 'jari', 'aktif', 'tangan', 'basah', 'lupa', 'password', 'repot', 'repot', 'sedia', 'ktp', 'verifikasi', 'saran', 'metode', 'login', 'biometrik', 'passwordpin']	neutral
['mantap', 'bayar', 'mudah']	positive
['enggak', 'fungsi', 'kayak', 'mbangkinggak', 'promo', 'promonya', 'ribet', 'verifikasi', 'wajah', 'foto', 'ktpbuat', 'fiturnya', 'ngabisin', 'memory', 'kerjaangak']	negative
['metode', 'bayar', 'tranfer', 'mudah', 'laku']	positive
['suka', 'aplikasi', 'desain', 'tarik', 'makenya', 'mudah', 'transaksi', 'cepat', 'mudah']	positive
['aplikasi', 'simpel', 'bantu', 'enggak', 'repot', 'bolak', 'atm', 'terimakasih', 'bni']	positive
['tolong', 'fitur', 'tarik', 'tunai', 'kartu', 'mengadakan', 'aplikasi', 'fitur', 'bantu', 'meminimalisir', 'tel', 'kartu']	neutral
['butuhin', 'bayar', 'tf', 'qr', 'topup', 'kalo', 'jam', 'transaksi', 'tolongdong', 'baik', 'kelas', 'bumn', 'kayak', 'begitu']	negative
['tampil', 'menu', 'baik', 'biar', 'kayak', 'mobail', 'banking']	positive
['deh', 'pakai', 'wondr', 'bni', 'ganti', 'hp', 'hp', 'masuk', 'gagal', 'terang', 'masuk', 'kreteria', 'wondr', 'begitu', 'deh', 'berapa', 'kali', 'coba', 'tetap', 'gagal', 'solusi']	neutral
['update', 'buka', 'pakai', 'transaksi', 'bni', 'dulunya', 'bagus', 'sekarang', 'ganggu']	negative
['sudah', 'login', 'tim', 'baik', 'muncul', 'mulu']	negative
['tampil', 'aplikasi', 'penuh', 'warna', 'super', 'fun', 'cepat', 'transaksi', 'qris']	positive
['mudah', 'transaksi']	positive
['tingkat', 'layan']	positive
['aktifasi', 'ribetnya', 'ampun', 'masuk', 'otp', 'masuk', 'salah', 'sudah', 'menunggu', 'kode', 'masuk', 'salah', 'menunggu', 'tolong', 'baik', 'mudah']	negative
['sulit', 'lanjut', 'verifikasi', 'wajah', 'ulang', 'hari', 'makan', 'baik', 'baik', 'aplikasi', 'mudah', 'langgan']	neutral
['mohon', 'maaf', 'nih', 'error', 'transfer', 'bank', 'terang', 'errorgagal', 'padahal', 'sebenarnya', 'sudah', 'hasil', 'habis', 'loading', 'mohon', 'baik', 'ya']	neutral
['kenapa', 'pin', 'bni', 'salah', 'ganti', 'pin', 'kemarin', 'kantor', 'bank', 'bni', 'pin', 'catat', 'coba', 'kantor', 'bni', 'transaksi', 'salah', 'pin', 'mulu', 'bagaimana', 'min', 'mohon', 'bantu']	neutral
['saldo', 'enggak bisa', 'transaksi', 'kalo', 'kendala', 'maintenance', 'kasih', 'ingat', 'kayak', 'biar', 'gunain', 'mbanking', 'belanja', 'kalo', 'sudah', 'gin', 'mah', 'bikin', 'malu', 'karena', 'sudah', 'pada', 'bayar', 'pakai', 'mbanking', 'eh', 'enggak bisa', 'transfer']	neutral
['ganguan', 'worder', 'kacau', 'bni', 'tf', 'buka', 'poto', 'tolong', 'baik', 'jam', 'sih', 'wonder', 'ganguan', 'mulu']	neutral
['bagus', 'bni', 'mobile', 'wondr', 'bybni', 'aplikasi', 'kendala', 'baik', 'enggak', 'masuk']	neutral
['mudah', 'aman', 'nyaman']	positive
['tarik', 'tunai', 'kartu', 'pakai', 'kode', 'otp', 'kirim', 'via', 'sms', 'pakai', 'wa', 'orang', 'repot', 'isi', 'pulsa', 'sudah', 'zaman', 'pakai', 'pulsa', 'kode', 'otp']	negative
['mudah', 'aman', 'percaya', 'biaya', 'tf', 'murah']	positive
['cepat', 'akurat']	positive
['error', 'padahal', 'transaksi', 'tf', 'qriss', 'coba', 'download', 'ulang', 'menyushkan', 'aplikasi', 'riba', 'eror', 'padahal', 'sudah', 'transaksi', 'mohon', 'bantu', 'upgrade', 'biar', 'nyaman', 'dengan', 'aplikasi', 'nyaterima', 'kasih']	neutral
['alhamdulillah', 'lancar', 'pakai']	positive
['kualitas', 'bawah', 'bni', 'mobile', 'banking', 'topup', 'ewallet', 'dana', 'nominal', 'maksimal', 'jthari']	neutral
['tarik', 'tunai', 'kartu', 'ganti', 'aplikasi', 'mbanking', 'bni', 'paksa', 'enggak', 'buka', 'mbanking']	neutral
['kenapa', 'wonder', 'kirim', 'aplikasi', 'dana']	neutral
['fitur', 'lengkap', 'mudah', 'akses', 'simpel', 'fleksibel']	positive
['susah', 'buka', 'aplikasinyatolong', 'baik', 'cepat']	neutral
['mudah', 'transaksi', 'lancar', 'wonder', 'by', 'bni']	positive
['mudah', 'pakai', 'enak', 'bni', 'mobile', 'karena', 'histori', 'transaksi', 'simpan', 'bentuk', 'pdf', 'kemarin', 'bikin', 'bingung', 'transaksi', 'bayar', 'qris', 'uang', 'cek', 'riwayat', 'transaksi', 'bayar', 'gagal', 'lupa', 'transaksi', 'sisa', 'saldo', 'apk', 'saldo', 'masuk', 'saldo', 'ruang']	neutral
['bagus', 'cepat']	positive
['suka', 'apk', 'saya', 'butuh', 'transaksi', 'kah', 'buka', 'bagaimana', 'bni', 'layan', 'bikin', 'muak', 'transaksi', 'bukaa']	negative
['duluuntuk', 'bayar', 'virtual', 'acaunt', 'selalu', 'gagalpadahal', 'pakai', 'data', 'iyapake', 'wifi', 'iyaslalu', 'gagal']	neutral
['aman', 'aman', 'pakai', 'wondr', 'by', 'bni', 'aplikasi', 'keren', 'simple', 'fungsi']	positive
['transfer', 'bri', 'link', 'kali', 'baca', 'dana', 'masuk', 'wonder', 'bnibagaimana', 'nih']	neutral
['susah', 'buka', 'aplikasi', 'buka', 'baik', 'aplikasi', 'kayak', 'gin']	neutral
['aplikasi', 'bagus', 'diskon', 'diskon', 'merchant', 'merchant', 'makan', 'barang', 'sukses', 'bni', 'diskon']	positive
['bni', 'mbanking', 'dulu', 'fitur', 'mobile', 'tunai', 'tarik', 'tunai', 'kartu', 'atm', 'wondr', 'enggak ada', 'fitur', 'fitur', 'karena', 'bantu', 'banget']	neutral
['bagus', 'sih', 'modern', 'ajar', 'sayang', 'bom', 'fitur', 'transaksi', 'atm', 'kartu']	neutral
['iklan', 'fitur', 'bagus', 'rekap', 'pasu', 'keluar', 'fitur', 'akurat', 'data', 'sinkron', 'bni', 'mobile', 'tingkat', 'wondr']	neutral
['cepatbagus']	positive
['aplikasi', 'penuh', 'butuh', 'finansial', 'ku', 'top', 'up', 'e', 'wallet', 'bayar', 'apa', 'pokok', 'lengkap', 'banget', 'fiturnya']	positive
['verifikasi', 'wajah', 'enggak', 'gila']	negative
['bni', 'mobile', 'transaksi', 'saldo', 'wondr', 'transaksi', 'terang', 'saldo', 'transaksi', 'mohon', 'tambah', 'bni', 'mobile', 'min', 'lihat', 'riwayat', 'transaksi', 'urai', 'tipe', 'nominal', 'saldo']	neutral
['apk', 'benar', 'pakai', 'bagus', 'mbanking', 'praktis', 'enggak', 'nge', 'bug', 'mbanking', 'uninstal', 'suruh', 'bank', 'deuh', 'sulit', 'transaksi', 'memasuki', 'pin', 'wondr', 'salah', 'sudah', 'benar', 'sampai', 'kali', 'verif', 'akun']	negative
['apk', 'enggak', 'bukatanpa', 'pemberitahuan', 'perbaikanharus', 'pemberitahuanmelalui', 'smsatau', 'email']	negative
['aplikasi', 'jelasmutasi', 'lihat', 'bni', 'mobile', 'bankingga', 'di', 'download', 'shareini', 'bagaimana', 'wonder', 'belum', 'rilis', 'dehhkerjaqn', 'kendala', 'semuamutasiku', 'kenapa', 'enggak', 'iniklo', 'bisa', 'aplikasi', 'sudah', 'benermbangking', 'pakai', 'wondernyusahin', 'orang', 'kerja']	negative
['mudah', 'susah']	positive
['tampil', 'kini', 'cepat', 'mudah', 'bayar', 'pakai', 'qris', 'ewallet']	positive
['dikit', 'eror', 'dikit', 'baik', 'ajar', 'aplikasi', 'bni', 'malah']	neutral
['wiffi', 'login', 'akses', 'pket', 'data', 'tolong', 'baik', 'terimakasih']	neutral
['mudah']	positive
['bagus', 'sih', 'planning', 'ganti', 'mbanking', 'sudah', 'jalan', 'sisi', 'realtime', 'fitur', 'kurang', 'transaksi', 'tanggal', 'kadang', 'transaksi', 'hari', 'suka', 'lupa', 'kirim', 'bukti', 'transfer', 'cari', 'riwayat', 'transaksi', 'jalan', 'tanggal']	negative
['bingung', 'top', 'up', 'virtual', 'banking', 'enak', 'pakai', 'app', 'bni', 'mahsemoga', 'wonder', 'ajar', 'pusing', 'lihat', 'isi', 'bingung']	neutral
['enggak', 'buka', 'aplikasi', 'sinyal', 'full']	neutral
['mudah', 'akses', 'cepat']	positive
['hai', 'tim', 'kembang', 'app', 'wondr', 'updatean', 'mengasih', 'saran', 'nih', 'coba', 'riwayat', 'transfer', 'menu', 'estatment', 'app', 'wondr', 'menu', 'app', 'pindah', 'data', 'biar', 'app', 'belah', 'enggak', 'biar', 'efisien', 'anggar', 'app']	neutral
['mudah', 'pakai', 'login', 'susah', 'bnersekalinya', 'masuk', 'kendala', 'teknis', 'hadeh']	neutral
['aplikasi', 'wond', 'bni', 'trabel', 'transaksi', 'sering', 'pending', 'notif', 'email', 'hasil', 'saldo', 'potong', 'hubung', 'cs', 'lapor', 'suruh', 'tunggu', 'xjam']	neutral
['aplikasi', 'mudah', 'mula']	positive
['force', 'close', 'sinyal', 'bagus']	negative
['fiturnya', 'bagus', 'simple', 'mudah', 'fitur', 'download', 'riwayat', 'transaksi', 'hilang']	positive
['tolong', 'baik', 'butuh', 'transaksi', 'gagal', 'ewallet', 'bank', 'gagal', 'sudah', 'coba', 'kali', 'coba', 'cek', 'play', 'store', 'tau', 'update', 'sudah', 'update', 'versi', 'baru', 'dana', 'simpan', 'dibutuhin', 'banget', 'ewallet']	negative
['bintang', 'mutasi', 'transaksi', 'kolom', 'saldo', 'terang', 'transaksi', 'banget', 'mobile', 'banking']	neutral
['halo', 'log', 'ini', 'verifikasi', 'kode', 'otp', 'email', 'kirim', 'kirim', 'kode', 'otp', 'valid', 'padahal', 'kode', 'kirim', 'milik', 'batas', 'valid', 'menit', 'kode', 'masuk', 'wondr', 'log', 'ini', 'ulang', 'besok', 'mohon', 'cerah', 'terimakasih']	neutral
['aplikasi', 'wondr', 'by', 'bni', 'eror', 'enggak', 'buka', 'kakini', 'bagaimana', 'solusi']	neutral
['bug', 'force', 'close', 'smartphone', 'adoptable', 'storagetolong', 'fungsi', 'external', 'storagenya']	neutral
['baru', 'app', 'wonder', 'sulit', 'internet', 'perangkat', 'pakai', 'jaring', 'wifi', 'sulit', 'suka']	negative
['ada', 'kontak', 'buku', 'rekening', 'transferuntuk', 'mudah', 'akses', 'transfer', 'bank', 'dunia']	neutral
['riwayat', 'transaksi', 'lengkap', 'aplikasi', 'bni', 'bni', 'download', 'pdf', 'wonder', 'lengkap', 'bintang', 'dulu', 'karena', 'tahap', 'kembang']	neutral
['kunyuk', 'aplikasi', 'ganggu', 'mulu', 'mudah', 'bikin', 'repot', 'kalo', 'kayak', 'gin', 'mending', 'balikin', 'aplikasi', 'bni', 'mobile']	negative
['kendala', 'login', 'stuck', 'halaman', 'login']	negative
['aplikasi', 'untukmobile', 'banking', 'bni', 'bikin', 'ribet']	negative
['wonder', 'buka', 'perivikasi', 'tambah']	negative
['mohon', 'hapus', 'opsi', 'masuk', 'no', 'card', 'buka', 'rek', 'alih', 'kesitu', 'tambah', 'temu', 'tugas', 'arah', 'cs', 'card', 'buka', 'rekening', 'alhasil', 'akses', 'harus', 'tunggu', 'susah']	negative
['verifikasi', 'wajah', 'susah', 'mudah', 'verifikasi', 'wajah']	positive
['mudah', 'transaksi']	positive
['ya', 'bni', 'muas', 'bni', 'pakai', 'mencoba', 'cabang', 'update', 'data', 'ribet']	neutral
['aplikasi', 'enggak', 'mengikuti', 'tutorial', 'youtube', 'buka', 'izin', 'aplikasi', 'enggak', 'buka']	neutral
['senang', 'aplikasi', 'wondr', 'by', 'bni', 'kalo', 'ganti', 'pin', 'enggak', 'atm']	positive
['lalottdk', 'buka', 'jrng', 'pakai']	negative
['wondr', 'by', 'bni', 'masih', 'baik', 'masih', 'banyak', 'kurang', 'mohon', 'min', 'transfer', 'bi', 'fast', 'belum', 'sedia', 'terimakasih']	neutral
['fiturnya', 'keren', 'tampil', 'modern', 'bikin', 'urus', 'finansial', 'lebih', 'santai', 'keren', 'pokok']	positive
['transaksi', 'mudah', 'useful']	positive
['moga', 'tiap', 'transaksi', 'bonus', 'saldo']	positive
['aplikasi', 'mudah', 'guna', 'transaksi', 'cepat']	positive
['banget', 'baru', 'aplikasi', 'eehh', 'susah', 'banget', 'login', 'login', 'lelet', 'transkasi', 'hambat', 'tolong', 'dong', 'kelas', 'bni', 'aplikasi']	neutral
['kali', 'transaksi', 'gagal', 'saldo', 'kurang', 'uang', 'menunggu', 'hk', 'sekarang', 'jadi', 'kali', 'menunggu', 'hk', 'payah', 'aplikasi', 'cs', 'bni', 'puas', 'beda', 'cs', 'chat', 'bot', 'kalo', 'begitu', 'proses', 'selesai', 'jadi', 'transaksi', 'gagal', 'saldo', 'kurang', 'ampas', 'memang', 'bank', 'kok', 'bintang', 'hapus', 'terima', 'kalo', 'memang', 'benar', 'aplikasi', 'ampas']	negative
['enggak bisa', 'login', 'suruh', 'daftar', 'ulang', 'enggak bisa', 'transfer', 'terus', 'hapus', 'apk', 'download', 'enggak bisa', 'login']	neutral
['verifikasi', 'wajah', 'pollpoll', 'an', 'menumenu', 'new', 'bni', 'mobil', 'banking', 'menu', 'bayar', 'beli', 'lpg', 'pertamina', 'pangkal', 'agen', 'luncur', 'off', 'tenggat', 'off', 'bayar', 'lpg', 'pertamina', 'mana', 'tolong', 'banyak', 'menumenunya']	neutral
['membantumempermudah', 'transaksi', 'mana']	positive
['enggak', 'login', 'akun', 'paksa', 'bikin', 'akun', 'email', 'setel', 'jebak']	neutral
['ini', 'alikasi', 'login', 'susah', 'banhetverifikasi', 'wajah', 'enggak', 'kali', 'nuggu', 'besok', 'telfon', 'jaring', 'lagpdhl', 'sudah', 'pakai', 'wifi', 'cutomernya', 'langsung', 'bilang', 'coba', 'halah', 'enggak', 'tau']	negative
['aplikasi', 'enggak', 'ngisi', 'ewallet', 'juta', 'kan', 'bayar', 'tagih']	negative
['kali', 'login', 'gagal', 'verifikasi', 'wajah', 'enggak', 'mulu', 'sudah', 'mengikuti', 'suruh']	neutral
['beralihndr', 'bni', 'mobile', 'bagus', 'ngebug', 'bumn', 'bikin', 'maksimal', 'tolong', 'tingkat', 'maintenace']	neutral
['transaksi', 'cepat', 'mudah']	positive
['setor', 'tunai', 'kartu']	negative
['lengkap', 'data', 'histori', 'transfer', 'kalau', 'mbanking', 'nama', 'kalau', 'wondr']	positive
['transfer', 'atm', 'bni', 'bang', 'jago', 'uang', 'masuk', 'lapor', 'diprosestolong', 'bni', 'tanggung', 'karena']	negative
['tolong', 'baik', 'teller', 'bni', 'aktifasi', 'rekening', 'suruh', 'aktivasi', 'wondr', 'wondr', 'tulis', 'fitur', 'aktivasi', 'sedia', 'rekening', 'aktif', 'aktif', 'tulis', 'fitur', 'aktivasi', 'sedia']	neutral
['daftar', 'tanyakan', 'kerja', 'wali', 'alamat', 'kantor', 'repot', 'banget', 'daftar', 'kayak', 'baca', 'satset', 'fitur', 'tarik', 'setor', 'tunai', 'kartu', 'sih', 'bagaimana', 'nih', 'zaman', 'wajib', 'hukum', 'kecewa', 'banget', 'bni']	negative
['aplikasi', 'mudah', 'fiturnya', 'mudah', 'transaksi', 'finansial', 'terima', 'kasih', 'wondr', 'bni']	positive
['aplikasi', 'bagus', 'kalo', 'ganti', 'hp', 'login', 'ribet', 'verifikasi', 'gagal']	neutral
['kok', 'aplikasi', 'wonder', 'ku', 'kemarin', 'enggak', 'buka', 'saldo', 'aplikasi', 'tulis', 'hubung', 'cabang', 'dekat']	neutral
['smooth', 'bni', 'mobile', 'banking', 'mohon', 'lengkap', 'fitur', 'bni', 'mobile', 'wondr', 'by', 'bni', 'setortarik', 'tunai', 'bayar', 'uang', 'kuliah', 'verifikasi', 'kedip', 'mata', 'fitur', 'insight', 'akurat', 'catat', 'tercatatterlewatkan', 'screenshoot', 'bug', 'ganggu', 'tunggu', 'versi', 'improve', 'bintang', 'naik', 'terimakasih']	neutral
['aplikasi', 'mudah']	positive
['nge', 'lag', 'bagaimana', 'urgent', 'mohon', 'perfomanya', 'tingkat', 'bagus', 'aplikaai', 'bni', 'mobile', 'banking']	neutral
['tambahkan', 'fitur', 'mengisimenarik', 'saldo', 'kartu', 'debit', 'atm', 'baik', 'fitur', 'top', 'up', 'ewallet', 'dana', 'nomor', 'akses', 'wondr', 'tambahkan', 'fitur', 'terima', 'saldo', 'negara', 'eropa']	neutral
['bagus', 'ratarata']	positive
['kasih', 'bintang', 'dulu', 'transaksi', 'bagus', 'eror', 'mohon', 'baik', 'proses', 'transaksi', 'lancar']	neutral
['wondr', 'beda', 'tampil', 'oke', 'banget', 'transaksi', 'cepat', 'bantu']	positive
['bagus', 'simpel', 'enggak', 'ribet']	positive
['login', 'registrasi', 'ulang', 'aplikasi', 'bobrok', 'layak', 'pakai', 'login', 'sulit', 'mhon', 'baik']	negative
['app', 'super', 'mudah', 'transaksi', 'mana', 'batas', 'ruang', 'top', 'up', 'dana', 'tabung', 'jadi', 'wonder', 'pilih', 'utama', 'bertansaksi', 'genggam']	positive
['aplikasi', 'perban', 'terpercayaaman', 'butuh', 'lengkap', 'menabungisi', 'pulsa', 'investasi', 'loh', 'pokok', 'lengkap', 'bangethanya', 'genggamansemua', 'uang', 'perinci', 'lengkap', 'ajar', 'simplegak', 'susah']	positive
['app', 'bagus', 'bantu', 'cepat', 'kilat']	positive
['mesti', 'release', 'menu', 'minimal', 'sesuai', 'aplikasi', 'mobile', 'banking', 'sebelumnyajadi', 'gin', 'kembang', 'releaseklo', 'gin', 'kembang', 'standard', 'belumboro', 'pengembngan']	negative
['alhamdulillah', 'pakai', 'aplikasi', 'wonder', 'mudah', 'transaksi', 'apa', 'lot']	positive
['kembali', 'uang', 'curi', 'lahir', 'batin', 'ikhlas', 'uang', 'rekening', 'hilang', 'cek', 'ambil', 'asuransi', 'daftar', 'lapor', 'kantor', 'marketing', 'urus', 'suruh', 'menunggu', 'minggu', 'bulan', 'bni', 'telepon', 'hubung', 'uang', 'dikembalikanternyata', 'bni', 'curi', 'uang', 'sayasaya', 'sesal', 'buka', 'rekening', 'bni', 'bni', 'bangkrut', 'curi', 'uang', 'nasabah']	negative
['bintang', 'fitur', 'mohon', 'tingkat']	neutral
['semenjak', 'pakai', 'apk', 'wondr', 'rekening', 'ku', 'blokir', 'menyusahkan', 'nasabah', 'saldo', 'dalam', 'hangus', 'rekomendasi', 'mendownload', 'aplikasi', 'wondr']	negative
['tolong', 'transaksi', 'muncul', 'berita', 'dongseperti', 'bni', 'mobile', 'kita', 'tau', 'terang', 'transaksi']	neutral
['cc', 'muncul', 'aplikasi', 'wondr', 'sudahcoba', 'bolak', 'cek', 'aplikasi', 'muncul', 'aplikasi']	neutral
['bug', 'klik', 'aplikasi', 'terima', 'syarat', 'sesi', 'kali', 'bug', 'sengaja', 'aplikasi', 'aplikasi', 'langsung', 'tulis', 'sesi', 'ribet', 'fleksibel']	negative
['bantu']	positive
['bagus', 'bni', 'mobile', 'wondr', 'menu', 'tarik', 'tunai', 'ada', 'menu', 'saham', 'reksadana', 'biar', 'update', 'wndr', 'fitur', 'hilang', 'versi', 'bni', 'mobile', 'bagus', 'condong', 'mundur', 'downgrade']	negative
['mudah', 'atm']	positive
['masalah']	neutral
['puas', 'alam', 'aplikasi', 'wondr', 'by', 'bni', 'fitur', 'bantu', 'kelola', 'uang', 'pribadi', 'desain', 'aplikasi', 'modern', 'tarik', 'alam', 'aplikasi', 'senang']	positive
['suka', 'apk', 'ya', 'mmuaskan', 'lebih', 'nyaman', 'pakai', 'bni', 'mobile', 'password', 'loginnya', 'gilir', 'tf', 'salah', 'pin', 'ya', 'sudah', 'ganti', 'pin', 'login', 'ulang', 'malah', 'salahpdhl', 'sudah', 'benermembagongkan']	neutral
['overall', 'bagus', 'mudah', 'sudah', 'canggih']	positive
['pakai', 'apk', 'bni', 'mobile', 'qris', 'sayang', 'benah', 'apk', 'wondr', 'update', 'saldo', 'beli', 'token', 'listrik', 'tau', 'kurang', 'saldo', 'adm', 'bulananlalu', 'tf', 'rekening', 'halaman', 'utama', 'ulang', 'trx', 'beli', 'token', 'masuk', 'apk', 'open', 'apk', 'tuju', 'privasi', 'informasi', 'promosi', 'bni', 'notif', 'bni', 'mobile', 'informasi', 'promo', 'beli', 'token']	neutral
['daftar', 'mudah', 'simple', 'cepat', 'fitur', 'aplikasi', 'lengkap', 'bni', 'mobile']	neutral
['kualitas', 'bawah', 'bni', 'mobile', 'banking', 'topup', 'ewallet', 'dana', 'nominal', 'maksimal', 'jthari']	neutral
['fiturnya', 'bagus', 'lucu', 'warna', 'praktis', 'seru', 'cepat', 'jadiinmaumu', 'pakai', 'wondr', 'by', 'bni', 'thanks', 'bni', 'ku']	positive
['aplikasi', 'keren', 'better', 'simpel', 'cek', 'riwayat', 'tinggal', 'klik', 'rekening', 'swape', 'sudah', 'rekening', 'cari', 'menu', 'sok', 'simpel', 'bantu']	positive
['mohon', 'tingkat', 'layan']	positive
['lancar', 'jaya', 'fiturnya', 'lengkap', 'simpel', 'pakai', 'wondr', 'okay']	positive
['aplikasi', 'buka', 'muncul', 'tulis', 'kendala', 'tim', 'baik', 'yuk', 'coba', 'tolong', 'mohon', 'atas']	negative
['cepat', 'proses']	positive
['bagus', 'aplikasi', 'aplikas', 'baru', 'tampil', 'rincian', 'saldo', 'masuk', 'sisa', 'keluar', 'sih']	negative
['tau', 'save', 'norek', 'menambah', 'norek', 'tuju']	neutral
['mudah', 'bantu']	positive
['gagal', 'verifikasi', 'email', 'email', 'masuk', 'verifikasi', 'install', 'ulang', 'app', 'kali', 'kendala', 'email']	neutral
['guna', 'seharihari', 'bagus', 'fitur', 'bayar', 'platfoam', 'toko', 'online']	positive
['top', 'up', 'e', 'wallet', 'dibatasin', 'juta', 'enggak', 'aplikasi', 'bni', 'mobile', 'kasih', 'bintang', 'mudah', 'mudah', 'benah', 'limit']	negative
['simpel', 'sat', 'set', 'love']	positive
['mudah', 'transaksi']	neutral
['tolong', 'bantu', 'jelas', 'nysaya', 'verifikasi', 'data', 'wajah', 'wonder', 'bni', 'sendiridan', 'ulang', 'kalidan', 'start', 'registrasi', 'lagisedangkan', 'wonder', 'aktif']	neutral
['sih', 'login', 'berulangkali', 'terkadang', 'aplikasi', 'buka', 'hp', 'jadi', 'teman', 'kantor', 'mohon', 'baik', 'mbanking', 'bni', 'baru']	negative
['aplikasi', 'muas', 'transaksi', 'pulsa', 'ribu', 'kali', 'gagal', 'saldo', 'kurang', 'lagih', 'memang', 'aneh', 'aplikasi']	negative
['aplikasi', 'bagus', 'banget', 'saran', 'tingkat', 'kualitasnyakemudahan', 'transaksi', 'fitur', 'transaksi', 'aman', 'nyamanterima', 'kasih']	positive
['buka', 'kemarin', 'terang', 'kode', 'tapi']	neutral
['susah', 'login', 'yaap', 'update']	positive
['halo', 'min', 'loginnya', 'banget']	negative
['aplikasi', 'hampis', 'gangguang', 'bis', 'qris', 'loading', 'inyernet', 'kencang', 'error', 'sistem', 'endingnya', 'aplikasi', 'bni', 'jengkel', 'kadang', 'dipakek', 'registrasi', 'ulangana', 'pakai', 'ktp', 'wajah', 'bikin', 'antre', 'minimarket', 'aplikasi']	neutral
['masuk', 'notif', 'notif', 'uang', 'masuk', 'telat', 'kadang', 'laku', 'bisnis', 'nyaman', 'karena', 'langgan', 'transfer', 'dp', 'notif', 'histori', 'saldo', 'masuk', 'mudah', 'mudah', 'bank', 'belah', 'beli', 'pulsa', 'token', 'listrik', 'moga', 'tingkat', 'depan', 'langgan', 'tetap', 'betah', 'pakai']	neutral
['praktis', 'pakai', 'wondr']	positive
['senang', 'afk', 'cuman', 'sayang', 'malam', 'jam', 'afk', 'transaksi', 'sayang']	negative
['aplikasi', 'aneh', 'memasuki', 'password', 'sesuai', 'enggak bisa', 'masuk', 'verifikasi', 'wajah', 'susah', 'mohon', 'baik', 'sistem']	negative
['mantap', 'terus', 'karya', 'negeri']	positive
['kartu', 'debit', 'sudah', 'mggu', 'tidak', 'kunjung', 'sampai', 'tidak', 'ada', 'kbar', 'dari', 'bni']	neutral
['wondr', 'nonaktif', 'atur', 'aksesibilitas', 'enggak', 'bagaimana', 'biar']	positive
['aplikasi', 'payah', 'ganggu', 'bagaimana', 'menarik', 'nasabah', 'aplikasi', 'ganggu', 'mudah', 'sulit']	negative
['guna', 'setia', 'bni', 'qris', 'atm', 'seringkali', 'masalah', 'mhn', 'baik']	neutral
[]	positive
['gangguansering', 'pembaruansering', 'updet', 'sistem', 'bagus', 'livinmasih', 'mohon', 'baik']	negative
['aplikasi', 'bagus', 'warna', 'tarik', 'bosan', 'atur', 'uang', 'detail', 'buka', 'blokir', 'kartu', 'atm', 'cs', 'thankyou', 'bni']	positive
['erorsampai', 'error', 'bisa', 'bukajd', 'susah', 'belanja', 'online', 'transaksi', 'yatolong', 'cepat', 'baik']	neutral
['harap', 'depan', 'terimakasih']	positive
['verifikasi', 'pin', 'gagal', 'mohon', 'arahannyaterimakasih', 'kasih']	neutral
['baik']	positive
['nfc', 'trouble', 'booting', 'apk', 'menarik', 'uang', 'cash', 'beli', 'token', 'listrik', 'enggak']	neutral
['tolong', 'mudah', 'transaksi', 'kartu', 'atm', 'kuno', 'pakai', 'pulsa']	neutral
['minggu', 'apk', 'wondr', 'by', 'bni', 'karena', 'transaksi', 'pln', 'via', 'mbangking', 'bni', 'instal', 'apk', 'wondr', 'by', 'bni', 'transaksi', 'pln', 'bni', 'wondr', 'hasil', 'gagal', 'saldo', 'potong', 'apk', 'mbanking', 'bni', 'langsung', 'hapus', 'akun']	negative
['saldo', 'transaksi', 'batas', 'maksimum', 'transfer', 'baca', 'tida', 'hm']	negative
['busuk', 'pin', 'benar', 'salahkan', 'sampai', 'akun', 'kena', 'limit', 'hari', 'baik', 'enggak', 'nyaman']	negative
['malam', 'ganggu', 'mulu', 'buka', 'nongol', 'fitur', 'sedia']	neutral
['simple', 'mudah', 'fitur', 'mobile', 'tunai', 'setor', 'bni', 'mobile', 'banking', 'notif', 'pindah', 'wondr', 'wondr', 'moga', 'cepat', 'fitur']	positive
['aplikasi', 'bagus', 'mudah', 'erti', 'mudah', 'transaksi', 'mana']	positive
['bni', 'riset', 'luncur', 'apk', 'guna', 'verifikasi', 'wajah', 'susah', 'banget', 'error', 'enggak', 'diutakatik', 'butuhbutuhnya', 'transfer']	negative
['proses', 'cepat', 'terimakasih', 'wondr', 'by', 'bni']	positive
['bagaimana', 'enggak bisa', 'registrasi', 'wondr', 'sudah', 'enggak bisa', 'sudah', 'kantor', 'cabang', 'urus', 'costumer', 'service', 'tetap', 'enggak bisa', 'suruh', 'uninstall', 'install', 'securitynya', 'tetap', 'enggak bisa', 'sampai', 'muncul', 'notif', 'coba', 'besok', 'enggak bisa', 'securitynya', 'bilang', 'coba', 'besok', 'bilang', 'kalo', 'besok', 'enggak bisa', 'bagaimana', 'mas', 'kesini', 'dih', 'kocak', 'sudah', 'bain', 'libur', 'kerja', 'biar', 'urus', 'enggak bisa']	negative
['aplikasi', 'ganti', 'bni', 'mobile', 'belum', 'tarik', 'tunai', 'kartu', 'atm', 'diupdate', 'min']	positive
['aplikasi', 'kalo', 'buka', 'stak', 'logo', 'mulu', 'saran', 'pepet', 'darurat', 'moga', 'cepat', 'bebenah']	neutral
['enggak', 'menu', 'jha', 'aplikasi', 'sama', 'banking', 'dulu', 'menu', 'tarik', 'tunai', 'kartu', 'nya', 'lengkap']	neutral
['daftar']	neutral
['entah', 'belum', 'paham', 'baruapakah', 'memang', 'enggak', 'ngedownload', 'bukti', 'transaksi', 'aplikasi', 'mbanking', 'sblomnyatrus', 'kenapa', 'riwayat', 'transaksi', 'enggak', 'capturemau', 'lihat', 'sisa', 'saldo', 'tapcash', 'enggak', 'topup', 'isi', 'tapcash', 'doang', 'bisamohon', 'penjelasannyaterima', 'kasih']	neutral
['bug']	negative
['enggak', 'rekomendasi', 'ribu', 'lenyap', 'enggak', 'tau', 'biaya', 'hello']	negative
['fitur', 'transfer', 'luarnegri', 'minggu', 'maret', 'uang', 'rekening', 'terima', 'saldo', 'potong', 'rp', 'juta', 'limaratus', 'ribu', 'tukar', 'ringgit', 'rm', 'kembali', 'kirim', 'rekening', 'terima', 'sistem', 'ubah', 'suruh', 'tunggu', 'karena', 'uang', 'proses', 'bank', 'antara', 'tipu']	negative
['masih', 'eror', 'kenapa', 'mesti', 'bikin', 'aplikasi', 'harus', 'bni', 'mobile', 'tingkat', 'kualitas', 'nyaperkuat', 'aman', 'nyadan', 'mudah', 'transaksi']	negative
['login', 'muncul', 'kendala', 'sistem', 'berkalikali', 'aplikasi']	negative
['baik', 'jaring']	neutral
['aplikasi', 'ganti', 'bni', 'mobile', 'banking', 'sayang', 'bni', 'sengaja', 'banget', 'ngerusak', 'bni', 'mobile', 'banking', 'guna', 'pindah', 'kesini', 'meng', 'update', 'mbanking', 'force', 'close', 'transaksi', 'bug', 'fix', 'niat', 'fix', 'bug', 'mending', 'buka', 'tabung', 'kelas', 'bumn', 'treatment', 'customernya', 'pindah', 'aplikasi']	negative
['tranfer', 'dana', 'juta', 'mobile', 'banking', 'bas', 'juta', 'transfer']	negative
['tolong', 'jelas', 'minimum', 'saldo', 'ken', 'beli', 'flash', 'sale', 'gagal', 'kena', 'minum', 'saldo', 'transfer', 'ayo', 'bni', 'jelas', 'mudah', 'minimum', 'saldo', 'biaya', 'adminnya', 'sudahlah', 'mahal', 'banget', 'bulandibanding', 'free', 'adm', 'kecewa', 'berat', 'kali', 'mungkin', 'pindah', 'bank', 'daily', 'sekarang', 'improvement', 'bank']	negative
['beli', 'token', 'listrik', 'wonder', 'by', 'bni', 'sudah', 'beli', 'kendala', 'jaring', 'uang', 'rekening', 'sudah', 'jadi', 'bagaimana', 'nih', 'proses', 'uang', 'hilang', 'nomor', 'tokennya', 'bukti', 'transaksi', 'gagal', 'bagaimana', 'bni']	neutral
['good', 'joo', 'mantap', 'transaksi']	positive
['mudah', 'bantu', 'transaksi']	positive
['kecewa', 'karena', 'aplikasi', 'optimal', 'pakai', 'sudah', 'update', 'upgrade', 'terus', 'sudah', 'update', 'enggak', 'gin', 'pakai', 'optimal', 'mulu', 'enggak', 'pakai', 'enggak', 'tau', 'ubuat', 'upgrade', 'aplikasi', 'memakai', 'hambat']	negative
['cepat']	positive
['aplikasi', 'enggak', 'buka', 'transaksi', 'enggak']	negative
['aplikasi', 'lot', 'kendala', 'bagus', 'aplikasi', 'bni', 'mobile', 'banking']	negative
['bantu', 'download', 'mudah', 'semoga', 'aplikasi', 'nyaman', 'aman']	positive
['tampil', 'aplikasi', 'tarik', 'step', 'transaksi', 'cepat', 'mantap']	positive
['wondr', 'baik', 'bingung', 'bayar', 'trans', 'padang', 'pakai', 'qr', 'baik', 'pemberitahuan', 'kalo', 'baik', 'diberitahu', 'pemberitahuannya', 'prepare', 'bawa', 'kartu', 'bagaimana']	neutral
['tolong', 'app', 'wondr', 'bni', 'tambahkan', 'layan', 'transaksi', 'qris', 'kartu', 'kredit', 'bank', 'loh', 'cc', 'mastervisadllini', 'dukung', 'perintah', 'tingkat', 'layan', 'transaksi', 'qris', 'sektor']	neutral
['kali', 'login', 'sudah', 'beli', 'token', 'listrik', 'bni', 'mobile', 'arah', 'wondr', 'login', 'app', 'publis']	neutral
['fingger', 'print', 'face', 'detect']	neutral
['ssangat', 'bagus', 'mudah', 'nasabah', 'bagi', 'transaksi', 'sukses', 'wonder', 'by', 'bni']	positive
['update', 'profesional', 'canggih', 'bni', 'mantap', 'aplikasi', 'wondr', 'by', 'bni', 'bukti', 'bni', 'oke']	positive
['mantaplancar', 'cepat', 'lag']	positive
['mudah', 'praktis', 'transaksi']	positive
['layan', 'call', 'center', 'wa', 'centernya', 'buruk', 'berharihari', 'direspon', 'telp', 'suruh', 'menunggu']	positive
['layan', 'bantu', 'email', 'jwbnya', 'boottranfer', 'gagal', 'saldo', 'wonder', 'buruk', 'pakai', 'aplikasi', 'bni']	negative
['aplikasi', 'trouble', 'transaksi', 'dibukamasuk', 'apk']	neutral
['aplikasi', 'mudah', 'fiturfitur', 'tarik', 'bagus', 'rencana', 'uang', 'serba', 'cepat', 'mudah']	positive
['bagaimana', 'enggak', 'transaksi', 'baik', 'mulu', 'sudah', 'baik', 'coba']	neutral
['sukses', 'daftar', 'masuk', 'aplikasi', 'logout', 'masuk', 'daftar', 'masuk', 'data', 'pribadi']	negative
['mudah', 'guna']	positive
['error', 'masuk', 'halaman', 'login', 'enggak', 'bni', 'mobile', 'batas', 'bni', 'bank', 'ayo', 'aplikasi', 'baik']	neutral
['fitur', 'aktif', 'rekening', 'aktif']	negative
['wondr', 'by', 'bni', 'keren', 'bantu', 'transaksi', 'mudah', 'cepat', 'sagat', 'utuk', 'pakai', 'rugi', 'mengunakannya', 'aplikasi', 'bagus', 'bang', 'at', 'asli', 'keren']	neutral
['aplikasi', 'milik', 'desain', 'modern', 'userfriendly', 'navigasi', 'menu', 'mudah', 'paham', 'guna', 'sulit', 'adaptasi', 'wondr', 'by', 'bni', 'tawar', 'fitur', 'uang', 'bantu', 'kelola', 'uang', 'lacak', 'keluar', 'rencana', 'tabung', 'mudah', 'guna', 'atur', 'uang', 'pribadi', 'aplikasi', 'lengkap', 'fitur', 'aman', 'canggih']	positive
['transfer', 'bayar', 'akulaku', 'playlater']	neutral
['aplikasi', 'baik']	positive
['tolong', 'admin', 'aplikasi', 'ku', 'suruh', 'update', 'sudah', 'coba', 'kali', 'gagal', 'pakai', 'wifi']	positive
['aplikasi', 'bagus', 'fitur', 'bagussimpel', 'kurang', 'riwayat', 'transaksi', 'enggak', 'langsung', 'muncul', 'habis', 'transaksi', 'menunggu', 'jam', 'muncul', 'tolong', 'baik']	neutral
['moga', 'aman', 'update', 'fasilitas']	positive
['nayamul', 'loginnya', 'enggak', 'mudah', 'aplikasi']	neutral
['guna', 'dpat', 'ganti', 'fungsi', 'aplikasi', 'bni', 'mobile', 'mudah', 'buka', 'rekening', 'fiturnya', 'lengkap', 'recommended', 'guna', 'layan', 'bni']	positive
['mudah', 'transaksi', 'ribet']	positive
['baikterima', 'kasih']	positive
['aplikasi', 'aneh', 'masak', 'sudah', 'daftar', 'sudah', 'transaksi', 'daftar', 'qrisnya', 'enggak', 'transaksi']	negative
['sudah', 'tf', 'enggak bisa', 'baik', 'ngulang', 'tolong', 'baik', 'kak', 'tf', 'gagal', 'kak', 'terang', 'transaksi', 'hasil', 'kak']	negative
['bantu']	positive
['verifikasi', 'wajah', 'gagal', 'situ', 'kali', 'wajah', 'saya', 'foto', 'bnar', 'saya', 'foto', 'tempat', 'terang']	negative
['mantap', 'cepat']	positive
['terima', 'kasih', 'mudah', 'wonder']	positive
['tampil', 'bagus', 'transaksi', 'cepat', 'notifikasi', 'transaksi', 'aplikasi', 'bagus']	positive
['mudah', 'transaksi']	positive
['kali', 'isntall', 'muncul', 'pesan', 'jaring', 'sila', 'coba', 'clear', 'history', 'cache', 'hadap', 'kendala', 'atas', 'kasih', 'bintang', 'full']	positive
['menu', 'mengatifkan', 'rekening', 'kakak']	positive
['aplikasi', 'wonder', 'mantap']	positive
['cepat', 'mudah']	positive
['bantu', 'bertransaksigood']	positive
['bintang', 'lot', 'notif', 'transaksi', 'masuk', 'enggak', 'lambat']	neutral
['mohon', 'baik', 'sistemnyamau', 'login', 'bangetgiliran', 'login', 'fiturnya', 'enggak', 'buka']	neutral
['mudah', 'aman']	positive
['masuk', 'enak', 'pakai', 'bni', 'mobile', 'wonder', 'transfer', 'e', 'wallet', 'batas']	negative
['kirim', 'mudah']	positive
['punya', 'enggak', 'buka', 'apk', 'muncul', 'tulus', 'sistem', 'baik', 'silah', 'coba']	neutral
['registrasi', 'wondr', 'hp', 'direset', 'ulang', 'instal', 'ulang', 'kendala', 'guna', 'daftar', 'ulang', 'kantor', 'cabang', 'dekat', 'kamu', 'isi', 'listrik', 'via', 'bni', 'mobile', 'enggak', 'suruh', 'pakai', 'wondr', 'tolong', 'min', 'apk', 'update', 'tombol', 'login']	neutral
['enggak', 'pakai', 'login', 'ulang', 'menu', 'kebijaksankan']	negative
['keren', 'transaksi', 'cepat']	positive
['bagus', 'aplikasi', 'mudah', 'bulan', 'aktif', 'sekarang', 'bisa', 'buka', 'sih', 'bulan', 'pakai', 'transaksi', 'kenapa', 'ya']	neutral
['kali', 'aok', 'buka', 'apk', 'login', 'enggak bisa', 'masuk', 'menu', 'registrasi', 'ulang', 'gilir', 'registrasi', 'tulis', 'sesi', 'silah', 'login', 'heran', 'apk', 'jelek', 'upgrade', 'mobile', 'banking', 'hancur']	negative
['wondr', 'mudah', 'dipakai', 'qrisnya', 'menu', 'simpel', 'tampil', 'tarik', 'dengan', 'padu', 'warna', 'cute']	positive
['wondr', 'hidup', 'lancar', 'aplikasi', 'ribet', 'tolong', 'baik', 'versi', 'baru', 'sudah', 'buka', 'wondrnya']	positive
['kali', 'buka', 'aplikasi', 'bilang', 'sesi', 'tolong', 'baik', 'error', 'aplikasi', 'lah']	negative
['pakai', 'jaring', 'telkomsel', 'buka', 'tolong', 'baik', 'jaring', 'terima', 'kasih']	neutral
['jelekkadang', 'buka', 'aplikasi', 'nyaalasan', 'memperbaikiklo', 'pakai', 'transfer', 'bagaimana', 'jelass']	negative
['tolong', 'bni', 'aplikasi', 'benar', 'dikit', 'masak', 'butuh', 'eror', 'masuk', 'aplikasi', 'susah', 'gilir', 'transaksi', 'eror', 'kembali', 'mbanking']	negative
['jujur', 'verifikasi', 'susah', 'bagus', 'tolong', 'perhati', 'kualitas', 'kamera', 'toleransi', 'verif', 'gagal', 'tolong', 'bagaimana', 'baik', 'developer', 'solusi', 'ganti', 'hape', 'hebat', 'developer', 'selesai']	negative
['download', 'bankdibank', 'dibukasampe', 'rumah', 'siang', 'dibukaada', 'baik', 'katanyasampe', 'sekarang', 'enggak', 'bisacoba', 'coba']	negative
['akun', 'gilir', 'update', 'aplikasi', 'hilang', 'akun', 'mesti', 'mohon', 'baik']	negative
['tampil', 'simpel', 'fitur', 'lengkap']	positive
['daftar', 'instal', 'aplikasi', 'foto', 'ktp', 'suruh', 'masuk', 'nomor', 'kartu', 'verifikasi', 'wajah', 'begitu', 'malas', 'pakai', 'aplikasi', 'bantu', 'ulang', 'kali']	negative
['mudah', 'praktis']	positive
['transaksi', 'bayar', 'pdamselalu', 'errorpdhal', 'bank']	neutral
['aplikasi', 'bagus', 'bantu', 'masuk', 'aplikasi', 'info', 'kendala', 'ganggu', 'kalo', 'transaksi', 'banking']	neutral
['fitur', 'lengkap', 'keren']	positive
['siang', 'dikit', 'dikit', 'baik', 'login', 'susah', 'tolong', 'kondisi']	negative
['aplikasi', 'bantu', 'mudah', 'suka', 'banget']	positive
['donlot', 'verivikasi', 'wajah', 'ribet', 'hasil', 'auto', 'bintang']	negative
['kak', 'verifikasi', 'tambah', 'cabang', 'dekat']	neutral
['muas']	positive
['takut', 'sih', 'instal', 'daftar', 'data', 'pribadi', 'no', 'atm', 'plus', 'sandi', 'bank', 'sandi', 'atm', 'kok', 'wajib', 'alhasil', 'batalin', 'daftar', 'login']	neutral
['kode', 'qris', 'terima', 'dana', 'hapus', 'kalo', 'aplikasi', 'mode', 'qris', 'terima', 'dana', 'keluarkeluar', 'habis', 'klik', 'syarat', 'suruh', 'login']	negative
['puas', 'sms', 'banking', 'mudah', 'transaksi', 'cepat', 'mudah']	positive
['aplikasi', 'simple', 'mudah', 'moga', 'depan', 'menumenu', 'manfaat', 'butuh', 'nasahah', 'sesuai', 'kembang', 'dunia', 'perban']	positive
['moga', 'ganggu']	neutral
['cepat', 'mudah']	positive
['apk', 'mobile', 'banking', 'keren', 'bikin', 'transaksi', 'gampang', 'desain', 'modern', 'fiturnya', 'lengkap', 'transfer', 'bayar', 'tagih', 'rekap', 'uang', 'realtime', 'mantap']	positive
['ribet', 'verifikasi', 'wajah', 'suruh', 'buka', 'mulut', 'suruh', 'tengok', 'kiri', 'kanan', 'coba', 'kali', 'tetap', 'coba', 'besok', 'karena', 'salah', 'perhati', 'karena', 'dampak', 'depan']	neutral
['wondr', 'by', 'bni', 'app', 'rokomended', 'sia', 'wajib', 'memakainyauntuk', 'unggul', 'app', 'sok', 'ragu', 'gays', 'selamat', 'coba']	positive
['lancar', 'terus', 'tingkat']	positive
['bagus', 'aplikasi', 'rincian', 'transaksi', 'tau', 'sisa', 'saldo', 'transaksi']	neutral
['fitur', 'tarik', 'tunai', 'bagus', 'aplikasi', 'mana', 'bawa', 'kartu', 'atm', 'aplikasi', 'kasih', 'mudah', 'guna', 'lupa', 'bawa', 'kartu', 'atm']	neutral
['masuk', 'aplikasi', 'muncul', 'tampil', 'suruh', 'tuju', 'login', 'tinggal', 'loginmohon', 'baik', 'cepat', 'trimakasih']	neutral
['bagusdan', 'pilihanny']	positive
['aplikasi', 'bangsat', 'beda', 'bni', 'mbanking', 'maintenance', 'login', 'fp', 'suka', 'diikutin', 'suka', 'sesi', 'habis', 'suruh', 'login', 'bangsaat', 'gue', 'login', 'suka', 'anjing']	negative
['fitur', 'tarik', 'tunai', 'pakai', 'wondr', 'belum', 'cepat', 'edit', 'langsung', 'balas', 'admin', 'bni', 'terimakasih', 'info', 'karena', 'mobile', 'tunai', 'sudah', 'wondr', 'wondr', 'bni', 'aplikasi', 'bawa', 'surga']	positive
['aplikasi', 'kendala', 'info', 'tim', 'baik', 'yuk', 'coba', 'sudah', 'unistall', 'instal', 'tetap', 'punya', 'temenku', 'aman', 'sudah', 'woi', 'kayak', 'gin', 'bagaimana', 'transaksi', 'kayak', 'gin', 'woii', 'admin']	negative
['lupa', 'pin', 'alhasil', 'rubah', 'pin', 'verifikasi', 'akun', 'selesai', 'rubah', 'pin', 'arah', 'tampil', 'login', 'login', 'eh', 'pasword', 'salah', 'rubah', 'pasword', 'menu', 'lupa', 'password', 'selesai', 'rubah', 'pasword', 'alhasil', 'login', 'login', 'transaksi', 'eh', 'pin', 'rubah', 'salah', 'alhasil', 'mutar', 'situ', 'doang', 'rubah', 'pin', 'pasword', 'tolong', 'baik', 'cacat', 'aplikasi']	negative
['mantap', 'cuman', 'lihat', 'saldo', 'pinjam', 'sedia']	positive
['saldo', 'minimum', 'taplus', 'terkadang', 'ribu', 'ribu', 'ribu', 'ribu', 'pemberitahuan', 'alias', 'saldo', 'endap', 'hilang', 'saldo', 'bingung', 'nasabah', 'baca', 'buku', 'tabung', 'cetak', 'ribu', 'atm', 'aplikasi', 'ribu']	negative
['aplikasi', 'login', 'susah']	neutral
['face', 'recognition', 'gagal', 'herann', 'sudah', 'sesuai', 'arah', 'bikin', 'pusing', 'aplikasi', 'baik', 'bug', 'kali', 'tuh', 'gagal', 'enggak', 'kayak', 'gampang']	negative
['apl', 'sudah', 'upgrade', 'memory', 'batas', 'enggak', 'payah', 'buka', 'karana', 'memory', 'batas', 'upgrade']	neutral
['proses', 'mudah', 'cepat', 'percaya', 'mantap']	positive
['enggak jelas', 'siang', 'atau', 'malemsuka', 'enggak bisa', 'login', 'mulu']	negative
['baik', 'sore', 'pagi', 'selesai']	negative
['mohon', 'baik', 'guna', 'apk', 'harap', 'bantu', 'nasabah', 'transaksi', 'lambat', 'login', 'situasi', 'urgen', 'download', 'apk', 'gara', 'enggak', 'isi', 'token', 'listrik', 'apk']	neutral
['aplikasi', 'wondr', 'format', 'paswordnya', 'sama', 'aplikasi', 'bni', 'hafal', 'pasword', 'sudah', 'kali', 'ting', 'ulang', 'paswordnya', 'wondr', 'pakai', 'aplikasi', 'bni']	neutral
['login', 'hp', 'verifikasi', 'wajah', 'gagal', 'sudah', 'coba', 'kali', 'kali', 'wajah', 'wajah', 'enggak', 'ubah', 'mending', 'aplikasi', 'ribet', 'jelek']	negative
['tampil', 'wondr', 'simpel', 'uiux', 'modern', 'ramah', 'guna', 'aplikasi', 'mudah', 'transaksi']	positive
['sempurna', 'bayar', 'pdam', 'kab', 'batang']	positive
['hai', 'kak', 'daftar', 'gagl', 'verifikasi', 'wajah', 'heran']	neutral
['transaksi', 'mudah', 'puas', 'pokok']	positive
['registrasi', 'kantor', 'cabang', 'bni', 'update', 'data', 'kantor', 'cabang', 'coba', 'registrasi', 'update', 'data', 'ulang']	negative
['transfer', 'gagal', 'tariksetor', 'tunai', 'aplikasi', 'eror', 'kalo', 'mbanking', 'bni', 'aplikasi', 'cacat', 'maksa', 'rilis', 'parah']	negative
['fitur', 'transaksi', 'cepat', 'akurat']	positive
['fingger', 'print', 'face', 'detect']	neutral
['aplikasi', 'cepat', 'lambat', 'top', 'up', 'susah', 'memasuki', 'password', 'pakai', 'pin', 'next', 'tingkatin', 'fitur', 'turun', 'kualitas', 'cepat', 'respon', 'app', 'sukses', 'bni']	positive
['mudah', 'transaksi']	positive
['enggak bisa', 'login', 'suruh', 'daftar', 'ulang', 'enggak bisa', 'transfer', 'terus', 'hapus', 'apk', 'download', 'enggak bisa', 'login']	neutral
['mudah', 'bagus', 'sepenuh', 'lengkap', 'aplikasi', 'mbanking', 'aplikasi', 'benar', 'mantap', 'ganti', 'hp', 'enggak', 'cs', 'verifikasi', 'nice', 'pokok']	positive
['mohon', 'tingkat', 'kualitas', 'app', 'masak', 'top', 'up', 'dana', 'maksimal', 'juta', 'hari', 'pakai', 'bni', 'mobile', 'juta']	negative
['cepat', 'banget', 'proses']	positive
['mantap', 'layan']	positive
['bagus', 'ambil', 'mobile', 'tunai', 'otp', 'bikin', 'ribet', 'gampang', 'belah', 'baik', 'min']	positive
['mobile', 'tunai', 'bni', 'mobile', 'setor', 'mobile', 'tunai', 'mati', 'bukti', 'transaksi', 'uang', 'terima', 'transfer', 'bukti', 'detil', 'kirim']	neutral
['maret', 'aplikasi', 'suka', 'error', 'enggak']	neutral
['suka', 'ribet', 'transfer', 'negeri', 'sudah', 'enggak', 'ribet', 'kuatir', 'sudah', 'aplikasi', 'wondr', 'by', 'bni', 'aplikasi', 'mudah', 'gunakandesain', 'moderndan', 'fitur', 'inginkansemua', 'transaksi', 'akun', 'perban', 'kartu', 'kredit', 'sumber', 'dana']	positive
['app', 'wonder', 'bni', 'saya', 'buka']	neutral
['user', 'friendly', 'eye', 'catching', 'mudah', 'respon', 'cepat', 'pakai', 'face', 'id', 'fiturnya', 'canggih', 'tarik']	positive
['kasih', 'bintang', 'update', 'kasih', 'bintang', 'temu', 'pilih', 'menu', 'tarik', 'tunai', 'kartu', 'menu', 'beda', 'bni', 'mobile', 'banking', 'fitur', 'menu', 'lengkap']	neutral
['canggih', 'bintang', 'jenderal']	positive
['aplikasi', 'ampas', 'aplikasi', 'beta', 'jangn', 'rilis', 'menyusahkan', 'maintenance', 'ganggu', 'enggak', 'tarik', 'tunai', 'kartu', 'loading', 'kayak', 'server', 'pakai', 'ram', 'gb', 'tim', 'development', 'maintenance', 'lelet', 'keburu', 'bikin', 'sama', 'banking', 'atm', 'benerin']	negative
['wonder', 'gagal', 'transaksi', 'saldo', 'kurang']	negative
['oke', 'lancar', 'ribet']	positive
['verifikasi', 'wajah', 'gagal', 'sesuai', 'instruksi']	negative
['ganti', 'aplikasi', 'bagus', 'kacau', 'transaksi', 'malam', 'history', 'updateny', 'pagi', 'parah']	negative
['tampil', 'bagus', 'simpel', 'performa', 'bagus', 'aplikasi', 'aplikasi', 'seringkali', 'error', 'transaksi', 'seringkali', 'maintenance', 'tibatiba', 'tolong', 'moga', 'baik', 'error']	neutral
['bagaimana', 'nih', 'password', 'pin', 'ganti', 'ketik', 'taoi', 'salah']	negative
['aplikasi', 'mobile', 'banking', 'bni', 'tarik', 'tampil', 'mudah', 'guna', 'kalo', 'lihat', 'transaksitransaksi', 'uang', 'pengaturannyawaahh', 'mantaabs', 'transaksi', 'cepat', 'ringkas', 'pokok', 'inovasi', 'perban', 'hebat', 'bravoo', 'bni']	positive
['sistem', 'sifat', 'prifasi']	neutral
['aplikasi', 'sungguh', 'bantu', 'terimakasih', 'wondr']	neutral
['main', 'serius', 'aplikasi', 'belum', 'masuk', 'loading', 'susah', 'banget', 'kendala', 'aplikasi']	negative
['kasih', 'cs', 'live', 'chat', 'menunggu', 'balesan', 'pakai', 'email', 'banget', 'deh', 'banget']	negative
['bantu', 'transaksi', 'trimakasih', 'wondr', 'by', 'bni', 'moga', 'depan', 'muncul', 'inovasi']	positive
['apa', 'sih', 'dikit', 'fitur', 'sedia', 'aplikasi', 'baru', 'buka', 'bagus', 'kayak', 'gin', 'ujung', 'atm']	negative
['terimakasih', 'wondr', 'by', 'bni', 'mudah', 'top', 'up', 'transfer', 'mana']	positive
['semenjak', 'update', 'login', 'app']	neutral
['ux', 'better', 'praktis', 'cepat', 'loading', 'app', 'koneksi', 'internet', 'stabil']	negative
['kali', 'aplikasi', 'maintenanceserver', 'error', 'pakai', 'bni', 'mobile', 'pakai', 'tahun', 'server', 'masalah', 'tolong', 'tindaklanjuti', 'ganggu', 'masalah', 'butuhin', 'pilih', 'simpan', 'uang']	neutral
['nama', 'aplikasi', 'langsung', 'nama', 'wonder', 'huruf', 'wondr', 'wondr', 'rancu', 'sih', 'baca', 'langgan', 'pakai', 'baca', 'fokus', 'tulis', 'gampang', 'saran', 'sisi', 'marketing', 'brand', 'wonder', 'gampang', 'saing', 'aplikasi', 'kompetitor', 'ajaib', 'wonder', 'cepat', 'sosialisasi', 'masyrakat', 'customer', 'bni', 'customer', 'bni']	positive
['kemarin', 'gembor', 'gembor', 'aplikasi', 'modern', 'dll', 'ribet', 'kesipanya', 'persen', 'tolong', 'develop', 'minimal', 'aplikasi', 'syukursyukur', 'mending', 'tutup', 'akun', 'bni', 'ganti', 'bank']	negative
['upgrade', 'bni', 'keren', 'nih', 'apl', 'benaran', 'membantu', 'bayar', 'pakai', 'qris', 'ken', 'rekening', 'mudah', 'semuamuanya']	positive
['transaksi', 'mbanking', 'bni', 'buka', 'aplikasi', 'bisa', 'transaksi', 'arah', 'instal', 'wonder', 'sudah', 'instal', 'buka', 'menunggu', 'kode', 'otp', 'masuk', 'email', 'beli', 'token', 'listrik', 'deh', 'bunyi', 'kalo', 'inovasi', 'benar', 'kenapa', 'bukan', 'ruwet', 'gin', 'begini', 'bikin', 'nasabah', 'pindah', 'bank']	neutral
['aplikasi', 'mobile', 'banking', 'bni', 'simpel', 'fungsional', 'mudah', 'gampang', 'akses', 'bagus']	positive
['install', 'transfer', 'nomor', 'rekening', 'bayar', 'tiket', 'pesawat', 'ada', 'tips', 'trik', 'belum', 'tau', 'mohon', 'baik', 'transaksi', 'uang', 'krusial', 'tantang', 'developer', 'aplikasi', 'wondr']	neutral
['alhamdulillah', 'aplikasi']	positive
['ganggu', 'masuk', 'gagal', 'tulis', 'fitur', 'sedia']	negative
['batu', 'dalam', 'transaksi']	positive
['pakai', 'lumayan', 'mudah', 'enggak', 'ribet']	positive
['aktivasi', 'wondr', 'proses', 'aktivasi', 'mudah', 'cepat', 'fiturnya', 'lengkap', 'login', 'benarbenar', 'jamin', 'aman', 'masuk', 'password', 'wondr', 'jenis', 'transaksi', 'mudah', 'good', 'job']	positive
['minnanti', 'kalo', 'sudah', 'bagus', 'alas', 'pin', 'rekening', 'virtual', 'muncul', 'tulis', 'kendala', 'sistem', 'aplikasi', 'fc']	neutral
['mindi', 'fitur', 'pilih', 'ubah', 'kayak', 'apk', 'kayak', 'bayar', 'pendidikanbpjs', 'tmbhin', 'fitur', 'pilih', 'fitur', 'bayar', 'beli', 'ribet', 'buka', 'fitur', 'bayar', 'beli', 'dulutrus', 'cari', 'didik']	neutral
['bug', 'login', 'aplikasi', 'masuk', 'aplikasi', 'terang', 'syarat', 'tentu', 'terus', 'checklist', 'muncul', 'sesi', 'silah', 'login', 'terus', 'mohon', 'fix', 'user', 'nyaman', 'aplikasi']	neutral
['mudah', 'user', 'interface', 'aktivasi', 'bank', 'sedia', 'fitur', 'canggih', 'monitoring', 'pasu', 'keluar']	positive
['aplikasi', 'mudah', 'gunakanterus', 'kembang', 'biar']	positive
['verifikasi', 'wajah', 'error', 'mana', 'kedip', 'mata', 'deteksi', 'ulang', 'kali']	neutral
['transaksi', 'mudah', 'fiturnya', 'tarik']	positive
['bantu']	positive
['foto', 'susah', 'coba', 'ambil', 'foto', 'berkalikali', 'hasil', 'moga', 'depan']	neutral
['mantap', 'mudah', 'cepat', 'transaksi']	positive
['tolong', 'baik', 'cepat', 'menu', 'bayar', 'didik', 'bayar', 'tibatiba', 'langsung', 'isi', 'nama', 'universitas', 'universitas', 'tuju', 'lanjut', 'nomor', 'mahasiswa', 'nomor', 'mahasiswa', 'universitas', 'beda', 'transaksi', 'bayar']	negative
['gampang', 'banget', 'isi', 'tapscash', 'cepat', 'kali', 'step', 'payment', 'qris', 'cepat']	positive
['ganggu', 'transaksi']	negative
['bagus', 'mudah']	positive
['maaf', 'mind', 'mohon', 'tingkat', 'mind', 'buka', 'halaman', 'login', 'banget', 'coba', 'berulangkali', 'muncul', 'halaman', 'login', 'tolong', 'baik', 'mind', 'apk', 'cepat', 'buka', 'halaman', 'loginnya', 'terimakasih']	negative
['kemarin', 'buka', 'app', 'stuck', 'logo']	negative
['bantu', 'wondr', 'by', 'bni']	positive
['bantu', 'mudah', 'praktis', 'aman', 'top', 'up', 'ewallet', 'cek', 'saldo', 'mudah']	positive
['detail', 'uang', 'masuk', 'bni', 'mobile']	neutral
['wonder', 'menyusahkan', 'orang', 'tok', 'transfer', 'bank', 'saldo', 'sudah', 'potong', 'sampai', 'rekening', 'tuju', 'situasi', 'tunda', 'gara', 'gara', 'sepele', 'beginian']	negative
['bagaimana', 'masak', 'buka', 'aplikasi', 'muncul', 'hapus', 'riwayat', 'maksud', 'sudah', 'coba', 'kali', 'tetap', 'enggak']	negative
['halo', 'log', 'ini', 'verifikasi', 'kode', 'otp', 'email', 'kirim', 'kirim', 'kode', 'otp', 'valid', 'padahal', 'kode', 'kirim', 'milik', 'batas', 'valid', 'menit', 'kode', 'masuk', 'wondr', 'log', 'ini', 'ulang', 'besok', 'mohon', 'cerah', 'terimakasih']	neutral
['mudah', 'pakai']	positive
['fitur', 'tarik', 'tunai', 'via', 'cardless', 'pada', 'history', 'transaksi', 'nominal', 'moga']	neutral
['cepat', 'proses', 'muncul', 'notifikasi', 'mantap']	positive
['sumpah', 'sama', 'banking', 'terparahakun', 'sudah', 'jadigiliran', 'dilogin', 'errorga', 'sengaja', 'hapus', 'data', 'login', 'ulang', 'vermuk', 'awaltinggalin', 'menu', 'login', 'enggak', 'sih']	negative
['kalas', 'bni', 'fitur', 'fiturnya', 'tingkat', 'fitur', 'menu', 'lot']	neutral
['aplikasi', 'bagus', 'lengkap', 'ringan', 'responsif', 'tingkat', 'verifikasi', 'wajah', 'daftar', 'kedip', 'mata', 'gagal', 'aplikasi', 'screenshot', 'mohon', 'lengkap', 'koneksi', 'ewallet', 'linkaja', 'terimakasih']	neutral
['kapasitas', 'menu', 'bingung', 'enggak', 'cek', 'transfer', 'masuk', 'ngira', 'saldo']	negative
['ganggu', 'transaksi', 'enggak', 'nyaman', 'mending', 'sama', 'banking', 'kayak', 'kemarin']	negative
['asuu', 'aplikasi', 'bug', 'gue', 'kasih', 'bintang', 'pegawe', 'bni', 'wowkwkw', 'malas', 'mau', 'donwload', 'karena', 'rating', 'bawah', 'lawak', 'kau', 'bni', 'kcabang', 'suruh', 'install', 'pakai', 'link', 'wowkw', 'biar', 'dapat', 'bonus', 'bagaimana', 'atau', 'afiliatet', 'maksa', 'instal', 'pakai', 'link', 'install', 'rumah']	negative
['cepat', 'ribet', 'pokok', 'keeren', 'wonder']	positive
['wondr', 'aplikasi', 'masuk', 'angin', 'detail', 'transaksi', 'seperti', 'bni', 'mobile', 'banking', 'detail', 'masalah', 'login', 'wondr', 'masuk', 'angin']	negative
['aplikasi', 'bikin', 'susah', 'memang', 'simpel', 'batas', 'akun', 'transfer', 'dana', 'shopee', 'pay', 'ovo', 'juta', 'batas', 'juta', 'ini', 'jual', 'dar', 'tabung', 'uang', 'putar', 'menyusahkan', 'sumpah', 'dana', 'masuk', 'enggak', 'keluar', 'situ', 'makam', 'uang', 'bagaimana', 'apk', 'bni', 'loh', 'enggak', 'sok', 'iye']	negative
['jaring', 'suka', 'lelet']	neutral
['aplikasi', 'jual', 'indah', 'tayang', 'cepat', 'grafis', 'lengkap', 'detail', 'aplikasi', 'bni', 'mobile', 'elegant', 'saking', 'lengkap', 'buat', 'langkah', 'folder', 'detail', 'aplikasi', 'baru', 'muka', 'sistem', 'folder', 'management', 'atas', 'simple', 'fast', 'responnya', 'bikin', 'aplikasi', 'ganda', 'fungsi', 'hanya', 'tambah', 'penuh', 'memori', 'handphone', 'konsumen', 'efektif', 'info', 'non', 'aktif']	negative
['coba', 'kali', 'transaksi', 'transfer', 'hasil', 'aplikasi', 'bantu']	negative
['mudah', 'cepat']	positive
['apk', 'recomenden', 'ribet', 'ulang', 'ulang', 'login', 'enggak', 'foto', 'ktp', 'apk', 'bosok']	negative
['bagus', 'bni', 'mobile', 'wondr', 'bybni', 'aplikasi', 'kendala', 'baik', 'enggak', 'masuk']	neutral
['eksplor', 'adakan', 'baik']	neutral
['kayak', 'bni', 'gagal', 'verifikasi', 'wajah', 'susah', 'kali', 'rekam', 'wajah', 'beres']	negative
['aplikasi', 'wondr', 'by', 'bni', 'bagus', 'puas', 'aplikasi', 'transaksi', 'praktis', 'aman', 'mudah']	positive
['bagus', 'aplikasi', 'susah', 'login', 'loginnya', 'tolong', 'tim', 'itu', 'baik', 'program', 'lamban', 'enggak', 'buka', 'costumer', 'mesti', 'aplikasi', 'karena', 'cepat', 'tanggap', 'program']	neutral
['aplikasi', 'wondr', 'bagus', 'puas', 'saran', 'tolong', 'tari', 'uang', 'kartu', 'pakai', 'pulsa', 'verifikasi', 'gmail', 'wa']	positive
['mudah', 'digunakantampilannya', 'user', 'friendly', 'pemulamembuat', 'rekening', 'online', 'mudahcukup', 'rumah']	positive
['bintang', 'deskripsi', 'transaksi', 'minim', 'mundur', 'versi', 'bni', 'mobile', 'banking', 'rincian', 'transaksi', 'masuk', 'mohon', 'developer', 'ubah', 'feature', 'rincian', 'transaksi', 'enggak', 'sumber', 'kas', 'masuk', 'uang', 'masuk', 'deskripsi', 'perlu', 'sumber', 'repot', 'bertanya', 'transfer', 'uang', 'uang', 'transaksi']	neutral
['tampil', 'tarik', 'tunai', 'kartu', 'adakan', 'mobile', 'banking']	positive
['terima', 'kasih', 'bantu', 'mudah', 'transaksi', 'mudah', 'mudahmudahan', 'wonderfull', 'from', 'the', 'wondr', 'by', 'bni', 'amin']	positive
['aneh', 'banget', 'aplikasi', 'transaksi', 'gagal', 'mending', 'mbanking', 'bni', 'daripada', 'wondr', 'mengecek', 'email', 'tau', 'transaksi', 'gagal']	neutral
['mantepsimple', 'mudahkeren']	positive
['tolong', 'aplikasi', 'baik', 'dalam', 'proses', 'tingkat', 'system', 'dll', 'kadang', 'butuh', 'angkat', 'karena', 'urgent', 'menunggu', 'karena', 'baik', 'tingkat', 'dll', 'gila', 'menunggu', 'tolong', 'next', 'perhati', 'sering', 'proses', 'tingkat', 'system', 'trimaksih']	neutral
['logo', 'aplikasi', 'jelek', 'warna', 'oranye', 'pakai', 'latar', 'kuning', 'lihat', 'tuh', 'logo', 'saing', 'belah', 'kreatif', 'desain']	neutral
['enak', 'mobile', 'banking', 'ganti', 'word', 'by', 'bni', 'dikit', 'butuh', 'verifikasi', 'taiklah', 'muak', 'sumpah']	negative
['payah', 'aplikasi', 'ribetfoto', 'wajah', 'gagal', 'suruh', 'ulang', 'habisaplikasi', 'ribet', 'masih', 'bagus', 'bni', 'mobile', 'banking', 'lamahrs', 'verifikasi', 'pakai', 'kode', 'otp', 'emailemail', 'hp', 'sudah', 'penuh', 'memori', 'kayak', 'terima', 'kode', 'orang', 'susahcoba', 'kode', 'otp', 'wa', 'sms']	negative
['ui', 'tarik', 'mudah', 'guna', 'aplikasi']	positive
['transaksi', 'dari', 'kayak', 'verifikasi', 'enggak', 'urgent', 'bikin', 'was', 'save', 'uang', 'takut', 'butuh', 'enggak', 'pakai', 'app']	negative
['instalasi', 'lancar', 'transaksi', 'minggu', 'logout', 'aplikasi', 'error', 'registrasi', 'ulang', 'rekening', 'pindah', 'bni', 'mobile', 'wondr', 'ribet', 'pindah', 'aplikasi', 'mending', 'upgrade', 'bni', 'mobile', 'biar', 'enteng', 'aplikasi']	negative
['enak', 'pakai', 'aplikasi', 'bni', 'aplikasi', 'wondr', 'tolong', 'lengkap', 'fitur', 'tarik', 'tunai', 'setor', 'tunai', 'butuh', 'transaksi', 'kartu']	neutral
['ui', 'aplikasi', 'tarik', 'user', 'friendly', 'simpel', 'daripada', 'mobil', 'banking', 'diskon', 'kuliner']	positive
['bayar', 'bpjs', 'kendala', 'kali', 'bayar', 'bpjs', 'wonder', 'kali', 'kirim', 'bayar', 'kartu', 'kredit', 'bni', 'wonder', 'notifikasi', 'bayar', 'beli', 'barang', 'offline', 'diy', 'kali', 'potong']	neutral
['bagus', 'bantu', 'didlm', 'aplikasi', 'ada', 'fitur', 'reset', 'password', 'kartu', 'lupa', 'pin', 'kartu', 'atm']	positive
['bni', 'oke', 'mantap', 'fitur', 'lngkp', 'serba', 'ringan']	positive
['apa', 'coba', 'nih', 'aplikasi', 'sudah', 'berat', 'bni', 'mobile', 'verifikasi', 'wajah', 'susah', 'kali', 'ngedeteksinya', 'sudah', 'sesuai', 'perintah', 'l', 'for', 'this', 'apk']	negative
['kalo', 'jam', 'malam', 'gunakancontohnya', 'jam', 'menggangu']	neutral
['lengkap', 'menu', 'fitur']	positive
['login', 'wajib', 'pakai', 'selfie', 'ktpiya', 'kalo', 'doang', 'gppini', 'login', 'suruh', 'isi', 'nomer', 'selfie', 'ulang', 'kalijelek', 'aplikasi', 'susah', 'kayak', 'bni', 'dulubni', 'simple', 'ribet', 'sekarang', 'aduh', 'kecewa']	negative
['mudah', 'detail', 'fasilitas', 'baru', 'aplikasi', 'andadan', 'dapat']	positive
['aplikasi', 'keren', 'mudah', 'lancar', 'kirim']	positive
['kenapa', 'wonder', 'kirim', 'aplikasi', 'dana']	neutral
['transaksi', 'apa', 'mudah', 'terimakasih']	positive
['rumit', 'feripikasi', 'muka', 'wajah', 'gagal', 'terus', 'aneh', 'sudah', 'coba', 'sampai', 'gagal', 'mudah', 'mempersuliy']	neutral
['tim', 'baik', 'yuk', 'coba', 'sudah', 'kemarin', 'baik', 'transaksi', 'min']	neutral
['pakai', 'bnimobile', 'nyaman', 'lengkap', 'wondr', 'menu', 'pdf', 'lap', 'bulan', 'moga', 'depan', 'aplikasi', 'lengkap', 'baharu']	neutral
['sering', 'enggak bisa', 'buka', 'pakai', 'app', 'jaring', 'lancar', 'jaya', 'pakai', 'wifi']	negative
['beda', 'bni', 'mobile', 'bni', 'mobil', 'buka', 'apl', 'lemotlambat', 'wondr', 'by', 'bni']	negative
['kecewa', 'bni', 'wonder', 'buka', 'bantu', 'kantor', 'dekat', 'transaksi', 'katornya', 'buang', 'buang']	neutral
['halo', 'wonder', 'bni', 'aplikasi', 'lot', 'tibaa', 'akses', 'tlong', 'jelas', 'bagaimana', 'pakai', 'transaksi', 'jam', 'akses', 'bagaimana', 'rugi', 'tlong', 'baik', 'servernya', 'ya', 'penggunaa', 'wonderbni', 'banyak', 'loh', 'padahal', 'kenpa', 'servernya', 'murah']	neutral
['aplikasi', 'kali', 'masuk', 'verifikasi', 'data', 'poto', 'ktp', 'dll', 'sudah', 'begitu', 'vermuk', 'susah', 'banget', 'pindah', 'mobile', 'banking']	negative
['parah', 'perbaikankalau', 'layak', 'gunakanmendingan', 'hapus', 'playstore', 'terus', 'baik']	negative
['verifikasi', 'email', 'gagal', 'alas', 'salah', 'kode', 'kirim', 'sudah', 'benar', 'enggak tau', 'salah', 'sistem', 'bagaimana', 'mohon', 'baik']	neutral
['bagaimana', 'sistem', 'wonder', 'kali', 'guna', 'alami', 'susah', 'login', 'kalimat', 'sistem', 'baik']	negative
['aplikasi', 'jalan', 'kadang', 'stak', 'tampil', 'muncul', 'mode', 'login']	neutral
['transfer', 'aplikasi', 'sudah', 'hasil', 'masuk', 'terima', 'enggak', 'kayak', 'aplikasi', 'bni', 'mobile', 'rugi', 'saldo', 'potong', 'masuk', 'terima']	neutral
['kenapa', 'instal', 'apk', 'daftar', 'apk', 'data', 'hilang', 'masuk', 'dari']	neutral
['respon', 'cepat', 'banget', 'sat', 'set', 'sat', 'set', 'pakai', 'tampil', 'gampang', 'paham', 'ribet', 'the', 'bestt', 'laahh', 'wondr']	positive
['verifikasi', 'email', 'tuntas', 'suruh', 'coba', 'besok', 'egh', 'pas', 'coba', 'besok', 'tetap', 'knpaa', 'ya']	positive
['masak', 'tarik', 'tanpan', 'kartu', 'aplikasi']	negative
['loh', 'ini', 'kok', 'suruh', 'daftar', 'masuk', 'data', 'sesuai', 'bagaimana', 'kenapa', 'bisa', 'log', 'ini', 'langsung']	negative
['simpel', 'sih', 'enggak', 'move', 'on', 'app', 'bni', 'terkadang', 'app', 'gampang', 'mengambek', 'sinya', 'l', 'lancar', 'paket', 'data', 'aman', 'kagak', 'buka', 'app']	neutral
['suka', 'banget', 'aplikasina', 'cepat', 'daftar', 'mudah', 'transaksi']	positive
['apk', 'banget', 'trouble', 'loading', 'jaring', 'lancar', 'enak', 'pakai', 'bni', 'mobile']	negative
['guna', 'setia', 'bni', 'qris', 'atm', 'seringkali', 'masalah', 'mhn', 'baik']	neutral
['aplikasi', 'enggak', 'buka', 'payah', 'mengecek', 'saldo', 'enggak']	negative
['debet', 'setor', 'tunai', 'masuk', 'rekening', 'komplain', 'bank', 'menunggu', 'kerja', 'komplain', 'media', 'sosial', 'harj', 'kerja', 'hasil', 'nihil', 'kerja', 'enggak', 'sih']	negative
['astaga', 'login', 'perangkat', 'vermuk', 'benar', 'ybs', 'kenapa', 'gagal', 'mulu', 'finalsial', 'gue', 'henti', 'gara', 'kau', 'susah', 'login', 'ampun', 'sudah', 'beberapa', 'coba', 'kala', 'login', 'masih', 'susah']	negative
['bertanya', 'mengirim', 'uang', 'akun', 'dana', 'top', 'up', 'tulis', 'kendala', 'dana', 'coba', 'maksud', 'apanyah', 'mohon', 'cerah', 'kasih', 'bintang']	positive
['aplikasi', 'mudah', 'desain', 'tarik', 'bantu', 'transaksi', 'mudah']	positive
['guna', 'gampang', 'enteng', 'mobile']	positive
['mudah']	positive
['pakai', 'aplikasi', 'mudah', 'terus', 'ribet', 'kaum', 'rebah', 'bikin', 'rekening', 'mengantri', 'harus', 'kantor', 'langsung', 'aplikasi', 'sudah', 'menghandle', 'neng', 'kartu', 'fisik', 'kirim', 'kurir', 'ulala', 'neng', 'enggak', 'tuh']	positive
['tampil', 'fresh', 'mudah', 'paham', 'fitur', 'ewalet', 'kendala', 'kendala', 'sistem', 'tolong', 'baik']	neutral
['suruh', 'pabrik', 'ganti', 'wonder', 'apk', 'bnimobile', 'bangking', 'hps', 'fitur', 'tarik', 'tunai', 'kartu', 'kurang', 'tolong', 'baik']	neutral
['bagaimana', 'buka', 'akun', 'wonder', 'blokir']	positive
['nyaman', 'banget', 'semenjak', 'pakai', 'wondr', 'by', 'bni', 'aplikasi', 'lancar', 'mudah', 'paham']	positive
['aplikasi', 'kesini', 'lot', 'nasabah', 'kecewa', 'yuk', 'ramairamai', 'uninstal', 'pindah', 'bank']	negative
['aplikasi', 'bagaimana', 'registrasi', 'sudah', 'kendala', 'mulu', 'jaring', 'wifi', 'data', 'bagus', 'pasu', 'password', 'registrasi', 'password', 'proses', 'data', 'kendala', 'tulis', 'baik', 'min', 'cuman', 'pakai', 'kartu', 'doang', 'jaring', 'sudah', 'stabil', 'sudah']	negative
['aplikasi', 'jelek', 'bikin', 'pusin', 'prifikasi', 'foto', 'wajah', 'saja', 'sampai', 'bisa', 'bisa']	negative
['bantu', 'mudah']	positive
['baru', 'mudah', 'simple']	positive
['aplikasi', 'sampah', 'kali', 'transaksi', 'qiris', 'suka', 'gagal', 'saldo', 'makan', 'gilir', 'suruh', 'balikin', 'uang', 'suruh', 'menunggu', 'baca', 'komen', 'gua', 'tolong', 'pakai', 'aplikasi', 'bank', 'bni', 'buka', 'rudah', 'ribetin']	negative
['ini', 'jujur', 'wondr', 'by', 'bni', 'mudah', 'suka', 'thank', 'lu', 'wondr', 'by', 'bni']	positive
['aplikasi', 'perban', 'keren', 'mudah', 'banget', 'aktif', 'transaksi', 'mudah', 'cepat']	positive
['kali', 'otp', 'sms', 'wa', 'susah', 'banget', 'jaring', 'lancar']	neutral
['close', 'daftar', 'ulang', 'baik', 'bug', 'min', 'tq']	neutral
['tolong', 'baik', 'tingkatksn', 'buka', 'kendala', 'kayak', 'bni', 'mobilecepat', 'buka']	negative
['bantu', 'suka', 'aplikasi']	positive
['akun', 'min', 'transaksi', 'tanggal', 'mei', 'kemarin', 'buka', 'buka', 'suruh', 'login', 'arah', 'daftar', 'menu', 'login', 'lupa', 'pasword', 'dashboard', 'utama', 'menu', 'menu', 'damping', 'rekening', 'blokir', 'ppatk', 'blokir', 'notif', 'menu', 'dashboard', 'min', 'sudah', 'hapus', 'instal', 'ulang', 'tolong', 'kondisi', 'rekening', 'min']	negative
['suruh', 'pindah', 'mobile', 'banking', 'saat', 'masalah', 'buka', 'aplikasi', 'sedia', 'sedia', 'suruh', 'pindah', 'kemari']	negative
['aplikasi', 'manfaat', 'tampil', 'rapi', 'tracking', 'uang', 'masuk', 'mudah', 'catat', 'uang', 'pribadi']	positive
['bantu']	positive
['user', 'friendly', 'aplikasi', 'bni', 'mobile', 'banking', 'aplikasi', 'baharu', 'bikin', 'tolong', 'timbang', 'aplikasi', 'wondr', 'user', 'friendly', 'aplikasi', 'bni', 'mibile', 'banking', 'hilang', 'fiturnya']	neutral
['wondr', 'by', 'bni', 'keren', 'buka', 'rekening', 'life', 'goals', 'terang', 'kendala']	positive
['cepat', 'mudah', 'lancar']	positive
['aplikasi', 'bagus', 'banget', 'responsenya', 'cepat', 'ui', 'fresh', 'banget', 'promonya', 'menu', 'insight', 'helpfull', 'kelola', 'uang', 'bulan']	positive
['halo', 'bni', 'kasih', 'saran', 'tampil', 'history', 'transaksi', 'samain', 'app', 'mbanking', 'sisa', 'saldo', 'transaksi', 'debet', 'kredit', 'kanan', 'nominal', 'debet', 'kredit', 'tampil', 'notifikasi', 'transaksi', 'sisa', 'saldo', 'transaksi', 'history', 'terima', 'kasih']	neutral
['bagaimana', 'endap', 'kemarin', 'pakai', 'bni', 'pakai', 'wondr', 'malah', 'kayak', 'gin', 'enggak', 'info', 'npa', 'sih', 'app', 'belm', 'jangan', 'suruh', 'pakai', 'bikin', 'enggak', 'nyaman']	negative
['aplikasi', 'bantu']	positive
['guna', 'mudah', 'manfaat', 'tabung', 'transaksi', 'promo', 'tarik']	positive
['daftar', 'coba', 'besok', 'ribet', 'coba', 'coba']	negative
['wondr', 'bni', 'susah', 'login', 'ribet', 'verifikasi', 'ktp', 'error', 'foto', 'ktp', 'kirim', 'notif', 'kendala', 'tim', 'baik', 'coba', 'cuman', 'kali', 'ngulang', 'besok', 'maksud', 'enggak', 'niat', 'bikin', 'aplikasi', 'enggak', 'bikin', 'emosi', 'gara', 'gara', 'aplikasi']	negative
['tolong', 'fitur', 'verifikasi', 'wajah', 'update', 'muka', 'sudah', 'kamera', 'belum', 'verifikasi', 'kalo', 'enggak', 'update', 'tolong', 'hps', 'fitur', 'ganti', 'sidik', 'jari', 'enggak usah']	negative
['wondrsemua', 'mudah']	positive
['aplikasi', 'buka', 'aplikasi', 'ganggu', 'download', 'biar', 'mudah', 'tf', 'cek', 'mutasi', 'keluar', 'pasu', 'gin', 'buruk', 'sih', 'pindah', 'bank', 'kah']	negative
['hai', 'kak', 'terimakasih', 'aplikasi', 'update', 'bilang', 'nyaman', 'pakai', 'mudah', 'transaksi', 'ada', 'saran', 'diperrimbangkan', 'data', 'potong', 'biaya', 'admin', 'tampil', 'aplikasi', 'tera', 'potong', 'biaya', 'adminnya', 'ya', 'saran', 'moga', 'kakak', 'timbang', 'terima kasih']	neutral
['mudah', 'kecewa', 'suruh', 'pakai', 'wondr', 'mudah', 'sistem', 'optimalisasi', 'mulu', 'kecewa', 'berat']	negative
['pakai', 'wondr', 'susah', 'kali', 'top', 'up', 'tap', 'cash', 'sudah', 'kali', 'mencoba', 'gagal', 'mohon', 'baik', 'aplikasi', 'susah', 'ngisi', 'etoll']	neutral
['aplikasi', 'bagus', 'banget', 'daftar', 'murah', 'ribet', 'bagus', 'rekening', 'online', 'aplikasi', 'recommended', 'banget', 'enggak', 'suka', 'ribet', 'ribet', 'menunggu', 'antri', 'malas', 'pergi', 'atm', 'rumah']	positive
['tarik', 'transaksi', 'cepat', 'mudah']	positive
['aplikasi', 'eror', 'masuk', 'susah', 'verifikasi', 'masuk', 'aplikasi', 'bagus', 'susah', 'aplikasi', 'wondr']	negative
['aplikasi', 'enggak', 'guna', 'masuk', 'aplikasi', 'loading', 'fiturfitur', 'komplit', 'enggak', 'kayak', 'bni', 'mobile', 'banking', 'bikin', 'menuhin', 'memory', 'hp']	negative
['wondr', 'ganti', 'pasword', 'login', 'pasw', 'transaksi', 'salah', 'reset', 'pasw', 'transaksi', 'pasw', 'login', 'salah', 'terus', 'kali', 'ganti', 'putar', 'kendala', 'tolong', 'wondr', 'sudah', 'tlpn', 'cs', 'bni', 'sudah', 'kali', 'masih', 'pulsa', 'sudah', 'habis']	negative
['kereensangat', 'mudah', 'guna', 'warna']	positive
['transaksi', 'mudah', 'efesin', 'mana']	positive
['aplikasi', 'bagus']	positive
['login', 'tulis', 'sesi', 'login', 'lanjutkan', 'aktivitas', 'wondr', 'edit', 'kendala', 'login']	neutral
['mohon', 'bantu', 'kak', 'login', 'sudah', 'minggu', 'verifikasi', 'muka', 'valid', 'tunggu', 'hari', 'tolong']	negative
['kasih', 'saja', 'karena', 'sudah', 'bulan', 'jalan', 'belum', 'tingkat', 'turun', 'karena', 'bni', 'mobile', 'history', 'transaksi', 'terus', 'beli', 'pulsa', 'token', 'nomor', 'meter', 'simpan', 'harus', 'input', 'nomor', 'meter', 'beli', 'token', 'listrik']	negative
['tarik', 'tunai', 'kartu', 'memasuki', 'kode', 'tera', 'sama', 'banking', 'enggak bisa', 'tarik', 'tunai', 'bagaimana', 'konsep', 'wkwkw']	neutral
['sulit', 'daftar', 'bagaimana', 'karena', 'posisi', 'negeri', 'pegang', 'ktp', 'indonesia', 'sayasolusi', 'karena', 'butuh', 'bangking', 'transaksi']	neutral
['bank', 'ribet', 'aktivasi', 'kartu', 'kredit', 'telpon', 'cs', 'enggak', 'kayak', 'bank', 'aktivasi', 'langsung', 'apk', 'payah']	negative
['segi', 'lancar', 'aplikasi', 'kalah', 'livin', 'by', 'mandiri', 'suka', 'ngelag', 'harap', 'baik']	negative
['tolong', 'riwayat', 'transaksi', 'screenshoot', 'aplikasi', 'bni', 'mobile', 'izin', 'susah', 'lapor', 'gaji', 'masuk']	positive
['masuk', 'notif', 'notif', 'uang', 'masuk', 'telat', 'kadang', 'laku', 'bisnis', 'nyaman', 'karena', 'langgan', 'transfer', 'dp', 'notif', 'histori', 'saldo', 'masuk', 'mudah', 'mudah', 'bank', 'belah', 'beli', 'pulsa', 'token', 'listrik', 'moga', 'tingkat', 'depan', 'langgan', 'tetap', 'betah', 'pakai']	neutral
['verifikasi', 'buka', 'pasword', 'bank', 'kantor', 'cabang', 'dekat', 'tinggal', 'kota', 'biometriksidik', 'jari', 'aktif', 'bikin', 'malas', 'maka', 'aplikasi']	negative
['menyusahkan', 'nihmo', 'bayar', 'mau', 'transfernunggu', 'mniteror', 'mulu', 'wondr', 'optimal', 'sistemposisi', 'antri', 'bayargimana', 'donkmending', 'bni', 'mobile']	negative
['donlowd', 'wondr', 'by', 'bni', 'lodingnya', 'enggak', 'jalan', 'yaudah', 'persen', 'nolpdahal', 'apliksi', 'sudah', 'hapus', 'mohon', 'bantuannyasudah', 'kakak', 'hv', 'saya', 'mmng', 'ram', 'cuman', 'hapus', 'semua', 'aplikasi']	negative
['tampil', 'keren', 'fitur', 'transaksi', 'lengkap', 'mudah', 'guna', 'cepat', 'transaksi', 'kagum', 'mengakomodir', 'butuh', 'transaksi', 'perban', 'wondr', 'is', 'the', 'best']	positive
['aplikasi', 'ruwet', 'ruwet', 'eror']	negative
['bangettransaksi', 'mudah', 'cepat']	positive
['malam', 'update', 'wondr', 'enggak', 'buka', 'sudah', 'uninstall', 'enggak', 'ba', 'buka']	neutral
['bagus', 'simple', 'tampil', 'keren']	positive
['kasih', 'bintang', 'dulu', 'deh', 'pakai', 'qris', 'gbisa', 'sudah', 'jam', 'menunggu', 'untung', 'bawa', 'uang', 'cash', 'benerin', 'aplikasi', 'mengesalkan', 'tau', 'enggak', 'bayar', 'aplikasi', 'error', 'malas', 'bikin', 'bete', 'saja']	neutral
['aplikasi', 'luncur', 'error', 'maintenance']	negative
['update', 'kok', 'enggak', 'akses', 'bagus', 'aplikasi', 'mbangking', 'enggak', 'dengar', 'aplikasi', 'ganti', 'wonder', 'aplikasi', 'sempurna', 'kendala', 'nasabah', 'pakai', 'aplikasi', 'wonder', 'kendala', 'masuk', 'wonder', 'masuk', 'pilih', 'alhamdulillah', 'respon', 'bni', 'aplikasi', 'pakai', 'normal', 'terima', 'kasih']	positive
['aplikasi', 'enggak', 'pakai', 'tarik', 'tunai', 'atm', 'pakai', 'verifikasi', 'foto', 'ktp', 'deh', 'daftar', 'cs', 'biar', 'kenal', 'sera', 'aplikasi', 'foto', 'ktp', 'dah', 'duh', 'perbaknknya']	negative
['aneh', 'banget', 'aplikasi', 'transaksi', 'gagal', 'mending', 'mbanking', 'bni', 'daripada', 'wondr', 'mengecek', 'email', 'tau', 'transaksi', 'gagal']	neutral
['kemarin', 'malam', 'beli', 'token', 'listrik', 'wondr', 'bni', 'tramsaksi', 'gagal', 'karena', 'ganggu', 'enggak', 'tau', 'saldo', 'potong', 'enggak', 'kembali']	negative
['puas', 'pakai', 'aplikasi', 'moga', 'hadiah', 'langgan', 'setia']	positive
['guna']	positive
['saya', 'masuk', 'kakak', 'banget', 'baik']	negative
['menarik', 'tunai', 'mobile', 'bni', 'kode', 'kirim', 'sms', 'tolong', 'baik', 'sudah', 'mencoba', 'banyak', 'mesin', 'atm', 'kode', 'kirim', 'sms']	neutral
['masuk', 'aplikasi', 'vrivikasi', 'ktp', 'muka', 'ribet', 'jadi', 'kasir', 'transaksi', 'foto', 'ktp', 'verifikasi', 'muka', 'proses', 'ribet']	negative
['beli', 'kuota', 'internet', 'enggak']	negative
['fitur', 'tarik', 'tunai', 'fitur', 'bantu', 'kabarin', 'fitur', 'tarik', 'tunai', 'sedia', 'pakai', 'aplikasi']	negative
['fitur', 'lengkap', 'mudah', 'operasi']	positive
['aktif', 'biometrik', 'sidik', 'jari', 'login', 'aplikasi', 'masuk', 'biometrik', 'sidik', 'jari', 'aktif', 'muncul', 'notif', 'aktif', 'biometrik', 'sidik', 'jari', 'kasih', 'bintang', 'tanggap']	positive
['aplikasi', 'ganggu', 'tranfer', 'dana', 'nomer', 'temu', 'sudah', 'nomor', 'transfer', 'gagal', 'ganggu', 'systemmohon', 'tingkat', 'kerja', 'apk', 'minat']	neutral
['tau', 'save', 'norek', 'menambah', 'norek', 'tuju']	neutral
['tolongg', 'mutasi', 'dibuat', 'per', 'bni', 'mobile', 'bangking', 'hitung', 'saldo', 'cek', 'mutasu', 'pilih', 'dulu', 'belum', 'biaya', 'trf', 'beda', 'bank', 'kadang', 'ceklis']	neutral
['bantu']	positive
['lancar', 'nyaman']	positive
['detail', 'uang', 'masuk', 'bni', 'mobile']	neutral
['mudah', 'lengkap']	positive
['bikin', 'akun', 'verifikasi', 'wajah', 'tulis', 'coba', 'besok', 'tunggu']	neutral
['error', 'masuk', 'aplikasi', 'pakai', 'aplikasi', 'stabil']	negative
['bantu', 'aktifitas', 'kantor', 'bayar']	positive
['tulis', 'menu', 'utama', 'riwayat', 'transaksi', 'bukti', 'transfer', 'bold', 'tampil', 'elegan', 'beda', 'bni', 'mobile', 'cakep', 'terus', 'beda', 'mandi', 'baca', 'lihat', 'elegan', 'bagus', 'tolong', 'baik', 'jelek', 'tulis', 'ih']	neutral
['aplikasi', 'wonder', 'by', 'bni', 'top', 'markotop', 'mudah', 'paham', 'mudah', 'mudah', 'perlu', 'saja', 'enggak', 'ribet']	positive
['tranfers', 'praktis', 'anti', 'ribet']	positive
['sok', 'far', 'enak', 'sih', 'dipakenya', 'transaksi', 'mana', 'fiturnya', 'fungsi', 'mesti', 'tampil', 'oke', 'banget', 'segi', 'warna', 'font', 'gambar', 'enak', 'pandang']	positive
['aplikasi', 'buruk', 'verifikasi', 'susah', 'wajah', 'deteksi', 'tunggu', 'besok']	negative
['simpel', 'sih', 'menu', 'fx', 'mobile', 'hilang', 'lengkap', 'menumenunya', 'tolong', 'lengkap', 'terimakasih']	neutral
['aplikasi', 'bagus', 'tampil', 'menu', 'tarik', 'tunai', 'kartu', 'sedia', 'harap', 'tari', 'pakai', 'kode', 'otp', 'aplikasi', 'bni', 'mobile', 'tarik', 'tunai', 'otp', 'baca', 'mandiri']	positive
['mantap', 'bantu', 'apk']	positive
['aplikasi', 'simple', 'gampang', 'banget', 'sih', 'pakai', 'nih', 'fiturnya', 'lengkap', 'banget', 'jaya', 'bni']	positive
['enggak', 'masuk', 'app', 'coba', 'kali', 'enggak', 'kalo', 'sudah', 'klik', 'app', 'masuk', 'enggak', 'enggak', 'bagaimana', 'butuh', 'transaksi', 'cepat']	negative
['min', 'enggak', 'jadi', 'kartu', 'kredit', 'sebagai', 'sumber', 'dana', 'beberapa', 'informasi', 'dapat', 'google', 'youtube', 'kartu', 'kredit', 'otomatis', 'daftar', 'wondr', 'karena', 'nik', 'cuma', 'rekening', 'debit', 'daftarin', 'manual', 'fitur', 'my', 'credit', 'card', 'seperti', 'bni', 'mbanking', 'mohon', 'bantu', 'bagaimana', 'taut', 'credit', 'card', 'app', 'wondr', 'thx']	neutral
['aktifin', 'cepat', 'proses', 'uras', 'sabar', 'buka', 'aplikasi', 'butuh', 'jam', 'jam', 'bagaimana', 'kalo', 'transaksi', 'situasi', 'darurat']	neutral
['aplikasi', 'verifikasi', 'wajah', 'gagal', 'suruh', 'lihat', 'lihat', 'coba', 'puluh', 'kali', 'gagal', 'tahi']	negative
['verifikasi', 'email', 'kode', 'enggak', 'kirim']	neutral
['kenapa', 'busa', 'log', 'ini', 'salah']	negative
['aplikasi', 'jos', 'mudah', 'aman', 'cepatsalam', 'sukses', 'bni']	positive
[]	positive
['suka', 'program']	positive
['mudah']	neutral
['bagus', 'mantap', 'notifikasi', 'uang', 'masuk', 'uang']	positive
['info', 'ganti', 'aplikasi', 'bni', 'mobile', 'banking', 'mohon', 'tambah', 'fitur', 'tarik', 'tunai', 'cardless', 'detail', 'mutasi', 'detail', 'aplikasi', 'biar', 'banyak', 'aplikasi', 'mbanking', 'baru', 'fitur', 'mampir', 'kesini', 'bintang']	neutral
['app', 'inimasih', 'kurangsalah', 'informasi', 'keluar', 'tampil', 'sisa', 'saldo']	neutral
['proses', 'cepat', 'mudah']	positive
['mohon', 'biaya', 'transfer', 'free', 'belah']	negative
['lancar', 'virtual', 'transaksi']	positive
['wondr', 'bagustp', 'pasti', 'dulu', 'fitur', 'fungsi', 'minim', 'bug', 'fitur', 'standar', 'mobile', 'bnisetor', 'tunai', 'tarik', 'tunai', 'kartu', 'mobile', 'bni']	neutral
['aplikasi', 'bagus', 'mudah', 'kelola', 'post', 'uang', 'bantu', 'nasabah', 'evaluasi', 'uang', 'kali', 'wondr', 'by', 'bni', 'aplikasi', 'solusi', 'rencana', 'uang', 'fitur', 'life', 'goals', 'nasabah', 'tentu', 'tuju', 'finansial', 'tabung', 'libur', 'didik', 'beli', 'rumah', 'pokok', 'keren']	positive
['transfer', 'mesti', 'aplikasi', 'tulis', 'baik', 'sudah', 'begitu', 'tolong', 'baik', 'min']	negative
['mudah', 'nyaman', 'terpercayaakses', 'cepat', 'sesuai', 'keinginanterimakasih', 'wonder', 'by', 'bni']	positive
['transaksi', 'va', 'salah', 'marketplace', 'pemberitahuan', 'notif', 'wondr', 'bukti', 'transaksi', 'gagal', 'uang', 'potong']	neutral
['unduh', 'screenshot', 'riwayat', 'transaksi', 'guna', 'salah', 'transfer', 'butuh', 'bukti', 'transaksi']	negative
['kesini', 'susah', 'log', 'ini', 'yatransaksi']	neutral
['bagus', 'kadang', 'saldo', 'suka', 'kurang']	positive
['maret', 'aplikasi', 'suka', 'error', 'enggak']	neutral
['bagus', 'top', 'up', 'ewallet', 'nominal', 'batas', 'menu', 'tarik', 'tunai', 'kartu']	neutral
['bnrsangat', 'bantu', 'lebih', 'cepat', 'lebih', 'mudah', 'transaksi']	positive
['transaksi', 'mudah', 'cepat', 'terimakasih', 'wondr', 'moga', 'manfaat']	positive
['terimakasih', 'wonder', 'by', 'bni', 'bantu']	positive
['bagus', 'moga', 'bni', 'tingkat', 'canggih', 'lain']	positive
['payrol', 'mandiri', 'maka', 'livin', 'nyaman', 'fleksibel', 'ubah', 'payrol', 'bni', 'eh', 'suruh', 'install', 'aplikasi', 'tf', 'cek', 'saldo', 'dll', 'buka', 'aplikasi', 'sudah', 'syukut', 'banget', 'stag', 'gambar', 'aplikasi', 'mulu', 'enggak', 'masuk', 'menu', 'login']	negative
['mengira', 'bagus', 'jelek', 'modal', 'sengaja', 'asal', 'coba', 'banding', 'dengan', 'aplikasi', 'bank', 'baca', 'ocbc', 'masak', 'login', 'menunggu', 'jam', 'jam', 'tengah', 'hutan', 'belantara', 'posisi', 'jalan', 'medan', 'merdeka', 'jakarta']	negative
['fiturnya', 'oke', 'cuman', 'bagus', 'ditambahin', 'menu', 'ganti', 'kartu', 'bank', 'mengantri']	positive
['sudah', 'memasuki', 'data', 'sudah', 'masuk', 'tampil', 'utama', 'masuk', 'memasuki', 'data']	neutral
['wondr', 'gax', 'buka', 'kendala', 'tim', 'baik', 'coba', 'lagiitu', 'ganggu', 'bagaimana']	neutral
['verifikasi', 'wajah', 'error', 'mana', 'kedip', 'mata', 'deteksi', 'ulang', 'kali']	neutral
['serius', 'wondr', 'akses', 'memakai', 'bni', 'mobil', 'banking', 'mah', 'login', 'sudah', 'pakai', 'jaring', 'wifi', 'jaring', 'seluler', 'sama', 'uninstal', 'apknya']	neutral
['aplikasi', 'bagus', 'banget', 'promo', 'fiturnya', 'lengkap', 'mudah', 'gen', 'saja', 'qris', 'qris', 'kalo', 'beli', 'makan', 'buruan', 'download', 'deh', 'promo', 'promo', 'menarikk']	positive
['payah', 'fitur', 'debit', 'online', 'bni', 'mobile', 'banking', 'mengira', 'bikin', 'aplikasi', 'memperkayamenambah', 'fitur', 'aplikasi', 'sebelumnnya', 'bagus', 'aplikasi', 'bni', 'mobile', 'banking', 'fitur', 'kecewa', 'berart']	negative
['kak', 'kok', 'wondr', 'by', 'bni', 'susah', 'akses', 'terus', 'butuh', 'verifikasi', 'tambah', 'tolong', 'bantu']	neutral
['scan']	neutral
['berat', 'kalahkalah', 'game', 'berat', 'pubg', 'mobilekecewa', 'transaksi', 'leletnormal', 'kalo', 'speed', 'internet', 'kencang', 'pelosok', 'jaring', 'wifi', 'rtrw', 'nettapi', 'banding', 'internet', 'banking', 'belah', 'berat']	negative
['mudah', 'transaksi', 'mana', 'aman', 'nyaman', 'cepat', 'pasti']	positive
['layan', 'senang']	positive
['tolong', 'kerjasamanya', 'buka', 'aplikasi', 'mbangking', 'buka', 'deh', 'update', 'terus']	neutral
['ganti', 'hp', 'terus', 'install', 'ulang', 'wonder', 'login', 'suruh', 'bikin', 'rekening']	neutral
['aplikasi', 'wonder', 'sama', 'aplikasi', 'sblumya', 'tarik', 'tunai', 'kartu', 'atm', 'lupa', 'bawa', 'kartu', 'atm', 'tarik', 'tunai']	negative
['guna', 'pakai', 'data', 'kalo', 'hari', 'pakai', 'wifi', 'bagaimana', 'aneh', 'banget', 'pakai', 'wifi']	negative
['enggak', 'ubah', 'jam', 'enggak', 'aplikasi', 'mobile', 'banking', 'mobile', 'banking', 'oke', 'sih', 'dana', 'no', 'delay']	negative
['aplikasi', 'buka', 'sudah', 'uninstal', 'instalasi', 'tetap', 'buka']	neutral
['aplikasi', 'responsif', 'buka', 'aplikasi', 'mesti', 'restart', 'hp', 'coba', 'samsung', 'a', 'samsung', 'a', 'ribet', 'pakai', 'aplikasi']	negative
['mudah', 'apsangat', 'beda', 'mobile', 'bankingmalam', 'sudah', 'kali', 'potong', 'saldo', 'beli', 'token', 'listrik', 'nomor', 'token', 'enggak']	negative
['lengkap', 'fitur', 'edukatif']	positive
['tolong', 'update', 'lot', 'fitur', 'sedia', 'beli', 'pulsa', 'please', 'takut', 'potong', 'uang', 'bagus', 'banget', 'mudah', 'transaksi', 'kasih', 'bintang', 'moga', 'baik', 'biar']	positive
['bikin', 'akun', 'verifikasi', 'wajah', 'tulis', 'coba', 'besok', 'tunggu']	neutral
['apk', 'sampah', 'beli', 'token', 'lstrik', 'gagal', 'duit', 'enggak', 'semakin', 'ruwet', 'bni', 'kalo', 'sudah', 'apk', 'banking', 'kenapa', 'apk', 'smpah', 'kaya', 'gin', 'bikin', 'pasword', 'bikin', 'pin', 'ribet', 'banget']	negative
['tolong', 'app', 'wondr', 'bni', 'tambahkan', 'layan', 'transaksi', 'qris', 'kartu', 'kredit', 'bank', 'loh', 'cc', 'mastervisadllini', 'dukung', 'perintah', 'tingkat', 'layan', 'transaksi', 'qris', 'sektor']	neutral
['bni', 'wondr']	positive
['cepat', 'kirim', 'uang']	positive
['mudah', 'simple', 'tampil']	positive
['transaksi', 'mudah', 'nyaman']	positive
['wondr', 'by', 'bni', 'bisa', 'transaksi', 'mudah', 'bngetyg', 'aku', 'bangga', 'acung', 'jempol', 'sama', 'wondrsaat', 'atm', 'expired', 'bisa', 'lancar', 'melakukan', 'transaksi', 'bantu', 'wondr', 'bni', 'inti', 'wondr', 'by', 'bni', 'lancar', 'dalam', 'transaksi', 'ganggu', 'kerjaterima', 'kasih', 'bnikamu', 'mudah', 'dalam', 'sulit', 'thanks', 'bnithanks', 'wondr', 'by', 'bni', 'i', 'love', 'you']	positive
['app', 'aneh', 'fitur', 'enggak', 'lengkap', 'login', 'ribet', 'suruh', 'install', 'muncul', 'buka', 'bni', 'mobile', 'fitur', 'tarik', 'tunai', 'enggak', 'enggak']	negative
['tolong', 'apk', 'rincian', 'total', 'saldo', 'transaksi', 'terkadang', 'rincian', 'dana', 'masuk', 'enggak', 'hafal', 'saldo', 'rekening', 'bisnis', 'hadeh', 'repot', 'bagus', 'asli']	negative
['suka', 'aplikasi', 'baru', 'bni', 'wonder', 'bni', 'aplikasi', 'mudah', 'fitur', 'fitur', 'baru', 'bikin', 'ribet', 'tambah', 'promo', 'promo', 'tarik', 'wonder']	positive
['mudah', 'transaksi', 'aplikasi', 'mudah']	positive
['aplikasi', 'bagus', 'mudah', 'transaksi', 'lancar']	positive
['sumpah', 'suruh', 'update', 'buka', 'sudah', 'update', 'mengira', 'bagus', 'lancar', 'bug', 'please', 'enggak', 'buka', 'wondr', 'tulis', 'fitur', 'sedia', 'haaduh']	negative
['sekarang', 'buka', 'aplikasi', 'susah', 'benar', 'ya', 'sinyal', 'bagus']	negative
['aplikasi', 'bagus', 'eror', 'tampil', 'bagus']	positive
['aplikasi', 'lewat', 'canggih', 'gampang', 'erti', 'qrnya', 'pakai', 'upload', 'foto', 'qr', 'doang', 'scan', 'ulang']	positive
['mudah', 'admin']	positive
['susah', 'gagu', 'terus', 'kanyaknya', 'apk', 'apk', 'bni', 'dulu', 'dulu', 'bayak', 'komen', 'susahdi']	negative
['aplikasi', 'enggak', 'verifikasi', 'wajah', 'aneh', 'telpon', 'bni', 'call', 'center', 'tanggal', 'lahir', 'enggak', 'baca', 'profesional', 'dikit', 'lahsaya', 'pegang', 'ktp', 'kayak', 'pindah', 'bank', 'bagus']	negative
['apknya', 'bagus', 'uang', 'sekian', 'ribu', 'habis', 'wondr', 'ambil', 'uang', 'nasabah', 'karena', 'lihat', 'uang', 'sekian', 'ribu', 'tolong', 'sekian']	neutral
['top', 'up', 'e', 'wallet', 'batas', 'hari', 'mending', 'batas', 'top', 'up']	neutral
['transaksi', 'verifikasi', 'akun', 'menyusahkan', 'apk', 'rekomen']	negative
['aplikasi', 'launcing', 'sudah', 'moga', 'menu', 'cepat', 'lengkap', 'transaksi', 'sempurna', 'mudah', 'aplikasi', 'wondr', 'by', 'bni']	positive
['aplikasi', 'error', 'suruh', 'akun', 'kali', 'kali', 'mohon', 'perhati', 'wondr']	negative
['kasih', 'bintang', 'sudah', 'masuk', 'login', 'kok', 'suruh', 'memasuki', 'kode', 'otp', 'emaill', 'masuk', 'gagal', 'mohon', 'bantu', 'kode', 'sudah', 'emall', 'tetap', 'gagal']	neutral
['membantutapi', 'akhirini', 'apk', 'selalu', 'ngestuck', 'muncul', 'tulis', 'baik', 'mohon', 'coba', 'minmohon', 'dibantuterimakasihh']	positive
['ringkas', 'cepat', 'sayang', 'transfer', 'bang', 'mode', 'bifast', 'aplikasi', 'bantu', 'terima', 'kasih']	neutral
['kak', 'bagaimana', 'transaksi', 'disini', 'uang', 'sudah', 'masuk', 'dana', 'no', 'hasil', 'kenapa', 'dana', 'enggak', 'masuk', 'rugi', 'kak', 'balikin', 'uangny', 'kalo', 'masuk', 'dana']	positive
['susah', 'verifikasi', 'wajah']	negative
['pakai', 'aplikasi', 'susah', 'ferifikasi', 'wajah', 'sekali', 'bisamau', 'pakai', 'aplikasi', 'error']	negative
['atm', 'aplikasi', 'milik', 'kendala', 'transfer', 'pending', 'saat', 'terima', 'transfer', 'masukmasuk', 'rekening', 'solusi']	negative
['keren', 'lancar', 'baik', 'maintenance', 'hatus', 'rutin']	positive
['apk', 'enggak bisa', 'buka', 'kayak', 'gin', 'sudah', 'refresh', 'sudah', 'uninstal', 'download', 'enggak bisa', 'buka', 'kayak', 'tahi', 'orang', 'urgen', 'gin']	neutral
['cepat', 'ribet']	positive
['susah', 'bayar', 'air', 'daerah', 'kalimantan', 'nomor', 'meter', 'suruh', 'cek', 'ulang', 'mending', 'mbangking', 'bni', 'eror']	negative
['verifikasi', 'wajah', 'gagal', 'enggak', 'sebab', 'tolong']	neutral
['keren', 'aplikasi']	positive
['aplikasi', 'cacat', 'kayak', 'gin', 'rekomendasikanbegoudah', 'daftar', 'aplikasi', 'cacat', 'mbankingnya', 'enggak', 'pakai', 'bayar', 'listrik', 'lagiaplikasi', 'guna']	negative
['cepat', 'transaksi']	positive
['suruh', 'baik', 'data', 'cabang', 'nomor', 'telpon', 'wajah', 'sukses', 'ujungya', 'suruh', 'cabang', 'baik', 'aplikasi']	negative
['aplikasi', 'enak', 'pakai', 'modern', 'lot', 'mudah', 'orang', 'suka', 'belanja', 'online', 'kayak', 'i', 'love', 'you', 'wondr', 'bni']	positive
['selamat', 'malam', 'bagaimana', 'masuk', 'akun', 'sengaja', 'hapus', 'instalan', 'soalanya', 'dowload', 'bikin', 'akun', 'masuk', 'akun']	positive
['daftar', 'kartu', 'pkh', 'ribet', 'bgtbolak', 'gagal', 'sudah', 'mengikuti', 'syarat', 'isi', 'datauda', 'benar', 'klik', 'selesai', 'gagal', 'waduh', 'tolong', 'baik', 'sistem']	negative
['enggak', 'aplikasi', 'saran', 'bni', 'transaksi', 'qiris', 'pemberitahuan', 'bayar', 'qiris', 'hasil', 'tau', 'tau', 'saldo', 'sudah', 'kurang', 'pulsa', 'ribu', 'habis', 'nelpon', 'call', 'center', 'bni', 'tanggap', 'kerja', 'hadeh', 'parah', 'banget']	negative
['gin', 'setting', 'bank', 'sudah', 'gilir', 'rumah', 'login', 'susah', 'verifikasi', 'verifikasi', 'loading', 'doang']	negative
['donlow', 'aplikasi', 'kemarin', 'gagal', 'buka', 'tolong', 'developer', 'baik', 'bug']	negative
['riwayat', 'transaksi', 'lengkap', 'aplikasi', 'bni', 'bni', 'download', 'pdf', 'wonder', 'lengkap', 'bintang', 'dulu', 'karena', 'tahap', 'kembang']	neutral
['maju', 'bni']	positive
['aktifasi', 'deteksi', 'wajah', 'suruh', 'kedip', 'sudah', 'kali', 'tetap', 'gagal']	neutral
['fungsi', 'oke', 'enggak', 'save', 'no', 'id', 'langgan', 'transaksi', 'beli', 'input', 'belum', 'update', 'asa', 'mending', 'kalo', 'launching', 'aplikasi', 'minimal', 'tara', 'kemarin', 'suruh', 'migrasi']	negative
['mudah', 'guna', 'viturnya', 'oke', 'rekap', 'uang', 'lengkap', 'viturnya', 'sudah', 'kayak', 'catat', 'uang', 'hari']	positive
['loading', 'masuk', 'aplikasi', 'lambat']	neutral
['apkx', 'bagus', 'sih', 'sering', 'error', 'baik', 'biar', 'error']	positive
['riwayat', 'transaksi', 'lengkap', 'aplikasi', 'bni', 'bni', 'download', 'pdf', 'wonder', 'lengkap', 'bintang', 'dulu', 'karena', 'tahap', 'kembang']	neutral
['hai', 'guna', 'wondr', 'by', 'bni', 'aplikasi', 'bagus', 'colorfull', 'gampang', 'kok', 'pakai']	positive
['mudah', 'pilih', 'mantap']	positive
['aplikasi', 'simple', 'lele']	positive
['lambat', 'pakai', 'cepat', 'enggak']	negative
['kalo', 'fitur', 'okecuma', 'kalo', 'mutasi', 'rekening', 'lengkap', 'terang', 'mbanking']	positive
['pakai', 'aplikasi', 'qris', 'transaksi', 'gagal', 'uang', 'masuk', 'merchant', 'saldo', 'potong', 'kembali', 'proses', 'ribet', 'tolong']	negative
['bikin', 'mudah', 'transaksi']	positive
['verifikasi', 'wajah', 'gagal', 'enggak', 'sebab', 'tolong']	neutral
['limit', 'ewalletnya', 'banget']	neutral
['mudah', 'praktis']	positive
['aplikasi', 'banyak', 'kendalamembuang', 'waktusangat', 'sayang', 'kendala', 'situasi', 'genting']	neutral
['eror', 'bagaimana', 'gua', 'transaksi', 'orang', 'masuk', 'masuk', 'saldo', 'gua', 'kali', 'ganti', 'sldo', 'gua', 'ganti', 'ganti', 'saldo', 'gua', 'sudah', 'kpotong', 'saldo', 'gua', 'krim', 'krim', 'krim']	neutral
['verifikasi', 'wajah', 'gagal', 'trusudh', 'wondr', 'bni', 'kayak', 'ginibug', 'enggak pernah', 'dibenerin', 'kecewa', 'edit', 'wajah', 'enggak', 'frame', 'backlight', 'jernih', 'enggak bisa', 'salah', 'dengan', 'apps', 'tolong', 'baik', 'minimal', 'caea', 'malas', 'pakai', 'bni', 'kayak', 'gin']	negative
['aplikasi', 'banyak', 'hapus', 'enggak', 'bisa', 'update', 'bagaimana', 'aplikasi', 'aplikasi', 'bni']	negative
['wondr', 'by', 'bni', 'memang', 'cepat', 'simpeldan', 'lengkap', 'promonya', 'bni', 'memang']	positive
['rekomendasi', 'transaksi', 'online', 'qris', 'transaksi', 'gagal', 'saldo', 'potong', 'masuk', 'otomatis', 'ribet', 'bikin', 'lapor', 'syarat', 'belit', 'belit']	negative
['keren', 'transaksi', 'mudah']	positive
['simpel', 'tampil', 'bagus', 'bni', 'mobile', 'banking']	positive
['sorry', 'aplikasi', 'jelek', 'verifikasi', 'wajah', 'enggak', 'sudah', 'atur', 'enggak bisa', 'cs', 'enggak', 'bantu']	negative
['aplikasi', 'enggak', 'banget', 'isi', 'pulsa', 'gagal', 'jaring', 'bagus', 'isi', 'pulsa', 'gagal', 'saldo', 'kepotongmending', 'enggak', 'donlod', 'aplikasi', 'suruh', 'daftar', 'ulang', 'begitu', 'pakai', 'bagus', 'gampang', 'eror', 'enggak']	negative
['kembali', 'fitur', 'history', 'transaksi', 'bos']	neutral
['puas', 'mudah', 'banget']	positive
['aplikasi', 'buruk', 'mengapai', 'aplikasi', 'pakai', 'ktp', 'pinjol', 'memang', 'bni', 'mobile', 'tahu', 'kait', 'aplikasi', 'bni', 'bni', 'jamin', 'aplikasi', 'scamsy', 'rekomendasi', 'aplikasi', 'mudah', 'eh', 'menyusahkan', 'ya', 'proyek', 'masyarakat', 'tumbal']	negative
['alas', 'bintang', 'ubah', 'cicil', 'kartu', 'kredit', 'yuk', 'segera', 'update']	negative
['simpel', 'fitur', 'fitur', 'tarik', 'tunai', 'langsung']	positive
['transaksi', 'kalo', 'sudah', 'jam', 'mlmpasti', 'gagal', 'muluknp']	positive
['bagus', 'bank', 'bni', 'pelayananya', 'mantabtingkatkan', 'protek']	positive
['sudah', 'kartu', 'debit', 'verifikasi', 'email', 'pasu', 'kode', 'salah', 'kode', 'otp', 'sesuai', 'email', 'tera']	negative
['fiturnya', 'bagustapi', 'bikin', 'verifikasi', 'pin', 'selalu', 'tulis', 'salah', 'sistem', 'terus', 'verifikasi', 'ulang', 'pin', 'henti', 'situ', 'enggak', 'halaman', 'selanjutnyaini', 'sudah', 'inikendalanya', 'habis', 'foto', 'ktp', 'ngisi', 'nomor', 'kartu', 'habis', 'verifikasi', 'pinbikin', 'pinnah', 'ngisi', 'pin', 'selalu', 'tulis', 'maaf', 'salah', 'sistemterus', 'coba', 'kannah', 'henti', 'situ', 'masuk', 'akun']	neutral
['menu', 'lengkap', 'mudah', 'transaksi', 'responnya', 'cepat', 'terimakasih', 'bni', 'sukses']	positive
['gampang', 'error', 'enggak', 'masuk', 'butuh', 'baik', 'aplikasi', 'sempurna', 'enggak', 'kayak', 'belah', 'lancar', 'jaya']	negative
['terimakasih', 'wonder', 'bantu']	positive
['aplikasi', 'bni', 'mobile', 'lengkap', 'wondr', 'minimal', 'riwayat', 'transaksi', 'bni', 'mobile', 'ngeliatan', 'total', 'uang', 'menerima', 'uang', 'ribet', 'update', 'real', 'time', 'lagi', 'revisi', 'bintang', 'bayar', 'ukt', 'enggak bisa', 'wondr', 'ui', 'tolong', 'aplikasi', 'sempurna']	negative
['suruh', 'migrasi', 'tarik', 'tunai', 'atm', 'bayar', 'qris', 'isi', 'ewallet', 'nominal', 'atas', 'juta', 'tampil', 'simple', 'bni', 'mobile', 'banking', 'menu', 'jendela', 'menu', 'baik', 'susah', 'guna']	negative
['aplikasi', 'bagus', 'simpel', 'praktis', 'reset', 'pin', 'wondr', 'by', 'bni', 'mudah', 'kalo', 'lupa', 'pin', 'blokir', 'hp', 'mengantri', 'customer', 'service']	positive
['cepat', 'praktis']	positive
['aplikasi', 'burik', 'bagus', 'aplikasi', 'beli', 'token', 'pln', 'gagal', 'saldo', 'potong', 'dana', 'langsung', 'email', 'notifikasi', 'transaksi', 'gagal', 'lapor', 'sampai', 'menit', 'dana', 'langsung', 'akun', 'nasabah', 'bank', 'bank', 'dana', 'triliun', 'aplikasi', 'becus', 'masak', 'usaha', 'skala', 'umkm']	negative
['bantu', 'proses', 'transaksi']	positive
['masuk', 'ketik', 'password', 'ribettidak', 'bni', 'mobile', 'passwordnya', 'simpan']	neutral
['duh', 'lot', 'sinyal', 'aman', 'tarik', 'tunai', 'aplikasi', 'atm']	negative
['mudah', 'pakai']	positive
['verifikasi', 'wajah', 'susah', 'coba', 'ikut', 'sesuai', 'perintah']	negative
['ngeblank', 'nyaman', 'pakai', 'bni', 'mobile', 'banking', 'bolak', 'wonders', 'ribet', 'bayar', 'tagih', 'listrik', 'susah', 'aplikasi', 'ngeblank']	neutral
['nyaman', 'langgan', 'deh', 'dhebes']	positive
['buat', 'sih', 'sudah', 'oke', 'lancar', 'jaya', 'transaksi', 'tau', 'buat', 'lain']	positive
['kalo', 'sudah', 'suruh', 'log', 'ini', 'log', 'ini', 'uninstal', 'apk', 'download', 'ulang', 'log', 'ini', 'sangatsangat', 'repot']	negative
['daftar', 'susah', 'ampun', 'sok', 'sok', 'an', 'pakai', 'ai', 'kalo', 'ainya', 'ai', 'tinggal', 'jaman', 'verifikasi', 'wajah', 'sudah', 'coba', 'kali', 'tetap', 'enggak', 'kedip', 'mata', 'stuck', 'situ', 'sok', 'sok', 'an', 'pakai', 'ai', 'kalo', 'ai', 'rongsok', 'pakai', 'step', 'cursial', 'kayak', 'pendaftarannyusahin']	negative
['apl', 'karena', 'mutasi', 'rekening', 'sisa', 'saldo', 'kita', 'berapa', 'kelihatan', 'mutasi', 'saldo', 'akhirx', 'karena', 'mutasi', 'rekyg', 'suka', 'double', 'tampil', 'debetx', 'kita', 'tau', 'debet', 'kali', 'cuma', 'reklg', 'dikit', 'kelihatan', 'tolong', 'bni', 'bagusin', 'apl']	positive
['bagus', 'nyaman']	positive
['terimakasih', 'bantu']	positive
['aplikasi', 'wondr', 'terkadang', 'transfer', 'bi', 'fast', 'rekening', 'aplikasi', 'bni', 'mobile', 'banking', 'transfer', 'bi', 'fast', 'rekening', 'tolong', 'baik']	neutral
['mudah', 'transaksi', 'recomend', 'banget']	positive
['login', 'enggak', 'cek', 'rekening', 'masuk', 'verifikasi', 'wajah', 'stuck', 'kedip', 'mata', 'sudah', 'dideketin', 'banget', 'wajah', 'ujungujungnya', 'gagal', 'verifikasi', 'suruh', 'menunggu', 'besok', 'sudah', 'uninstall', 'aplikasi', 'bagus', 'kesini', 'kurang', 'lihat', 'ratingnya']	negative
['aplikasi']	positive
['ngescan', 'gagal', 'baca', 'scan', 'muka', 'tolong', 'baik', 'scan', 'muka', 'ngebug']	neutral
['buka', 'smartphone', 'ku', 'nge', 'bug', 'update']	neutral
['aplikasi', 'mantull', 'mudah', 'proses', 'mudah', 'bertransaksinyaa', 'enggak', 'pakai', 'ribet']	positive
['set', 'limit', 'transaksi', 'bi', 'fastnya', 'sisa', 'limit', 'transaksi', 'bi', 'fast', 'coba', 'transfer', 'nilai', 'bawah', 'limit', 'sisanyavtetap', 'transfer', 'hasil']	negative
['wonder', 'bni', 'mudah']	positive
['aplikasi', 'bagus', 'mudah', 'sesuai', 'butuh', 'tolong', 'baik', 'kendala', 'susah', 'loginnyatks']	neutral
['cepat', 'mudah']	positive
['login', 'kak', 'sinyal', 'bagus']	neutral
['aplikasi', 'srek', 'jaring', 'glte', 'lot', 'banget', 'enggak', 'sat', 'set']	neutral
['wonder', 'keren', 'sihtapi', 'kadang', 'lot']	positive
['fiturnya', 'bagus', 'simpel', 'fitur', 'tarik', 'tunai', 'kartu', 'kartu', 'fisik', 'tinggal', 'ambil', 'uang', 'aplikasi']	positive
['aplikasi', 'bagus', 'sayang', 'stak', 'tampil', 'masuk', 'menu', 'login', 'karena', 'update', 'ui', 'android', 'aplikasi', 'buka']	positive
['lapor', 'masuk', 'buku', 'tabung', 'saldo', 'defisit', 'tau', 'rinciannya', 'metode', 'bayar', 'qris', 'bug', 'mana', 'scan', 'bayar', 'tf', 'bank', 'bni']	neutral
['manfaat', 'transaksi', 'tinggal', 'klik']	positive
['gagal', 'login', 'tolong', 'baik']	positive
['aplikasi', 'mengaco', 'bikin', 'kesel', 'sudah', 'daftar', 'eh', 'suruh', 'daftar', 'ulang', 'inti', 'kecewa', 'aplikasi', 'wnder']	negative
['kendala', 'apk', 'wondr', 'aplikasi', 'bni', 'mobile']	negative
['bayar', 'tagih', 'listrik', 'paksa', 'pakai', 'wondr', 'bikin', 'ribet', 'bingung', 'riwayat', 'transaksi', 'terang', 'enggak', 'lengkap', 'bayar', 'tagih', 'listrik', 'cek', 'riwayat', 'transaksi', 'terang', 'tera', 'tipe', 'transaksi', 'keluar', 'bikin', 'bingung', 'keluar', 'produk', 'gagal', 'enak', 'pakai', 'bni', 'mobile', 'reply', 'wondr', 'transaksi', 'gagal', 'uang', 'kurang', 'cek', 'bni', 'mobile', 'tera', 'bayar', 'pln', 'biaya', 'admin']	negative
['mantap', 'woe', 'design', 'tampil', 'minimal', 'enggak', 'kayak', 'aplikasi', 'user', 'friendly', 'mantap', 'pokok']	positive
['setor', 'tunai', 'kartu', 'atm', 'pakai', 'aplikasi', 'beda', 'sama', 'mobile', 'banking', 'bni', 'setor', 'tarik', 'kartu']	negative
['repot', 'laci', 'transaksi', 'habis', 'scroll', 'laci', 'transaksi', 'mesti', 'seret', 'bawah', 'otomatis', 'tutup', 'transaksi', 'buka', 'ngulang', 'scroll', 'cek', 'riwayat', 'transaksi', 'bulan']	neutral
['kartu', 'debit', 'daftar', 'arah', 'halaman', 'kartu', 'kredit', 'jeleks', 'coba', 'promonya']	negative
['susah', 'login', 'padahal', 'sebelum', 'dah', 'akun', 'wondr', 'pas', 'uninstall', 'diinstall', 'ada', 'opsi', 'sudah', 'kartu', 'kredit', 'atau', 'belum', 'kartu', 'kredit', 'kayak', 'mbanking', 'bni', 'rda', 'ribet', 'tolong', 'baik', 'yaathanks']	neutral
['bagus', 'bantu']	positive
['bantu', 'fiturnya', 'keren']	positive
['virtual', 'account', 'enggak', 'nomor', 'sudah', 'situ', 'tulis', 'nomor', 'temu', 'tolong', 'lagi', 'bagus', 'bni', 'mobile', 'banking']	negative
['bingung', 'top', 'up', 'virtual', 'banking', 'enak', 'pakai', 'app', 'bni', 'mahsemoga', 'wonder', 'ajar', 'pusing', 'lihat', 'isi', 'bingung']	neutral
['apknya', 'bagus', 'banding', 'sayang', 'investasi', 'reksadana', 'susah', 'lihat', 'chartnya', 'moga', 'aplikasi', 'beli', 'sbn', 'mudah', 'apk', 'bni', 'beli', 'sbn', 'ribet', 'banget', 'klik']	positive
['bagus', 'lelet', 'buka', 'enak', 'aplikasi', 'bni']	negative
['mudah']	positive
['wondr', 'by', 'bni', 'keren', 'bantu', 'transaksi', 'mudah', 'cepat', 'sagat', 'utuk', 'pakai', 'rugi', 'mengunakannya', 'aplikasi', 'bagus', 'bang', 'at', 'asli', 'keren']	neutral
['scan', 'qrisewalettapcash', 'menu', 'utama', 'masuk', 'login', 'praktis']	positive
['transaksi', 'pin', 'sudah', 'sudah', 'ganti', 'pin', 'password', 'loging', 'password', 'ganti', 'password', 'pin', 'transaksi', 'ulang', 'ulang', 'bank', 'cs', 'solusi', 'aplikasi', 'bagus', 'sama', 'banking', 'memuaskanbeda', 'aplikasi', 'bank', 'belah', 'jarang', 'sudah', 'pakai', 'bni', 'aplikasi', 'belah', 'bagus', 'enggak', 'orang', 'pindah', 'bank', 'belah']	negative
['indak', 'login', 'login', 'masuk', 'terus', 'halaman', 'syarat', 'tentu', 'selesai', 'login', 'daftar', 'sudahlah', 'transaksi', 'mbanking', 'bni', 'mobile', 'batas', 'pakai', 'wonder', 'eh', 'pakai', 'wondernya', 'masalah']	negative
['banyak', 'bertanya', 'wali', 'wali', 'saya', 'enggak', 'kerja', 'kerja', 'lepas', 'aplikasi', 'orang', 'kayak']	negative
['syaa', 'aada', 'verifikasi', 'wajah', 'baru', 'saja', 'daftarterus', 'langsung', 'bilang', 'verifikasi', 'wajah', 'kali', 'buka', 'belum', 'masuk', 'verifikasi', 'wajah', 'bilang', 'begitu', 'sudah', 'begitu', 'terus', 'solusi']	positive
['aplikasi', 'hadir', 'alam', 'modern', 'mudah', 'lengkap', 'fiturfitur', 'inovatif', 'mudah', 'butuh', 'finansial']	positive
['transfer', 'praktis', 'ribet']	positive
['aplikasi', 'bagong', 'kanini', 'aplikasi', 'sih', 'selesai', 'verifikasi', 'ktp', 'berulangulang', 'kantor', 'cabang', 'mataram', 'langko', 'sambut', 'satpam', 'ramah', 'suruh', 'pulang', 'ambil', 'buku', 'tabung', 'enggak']	negative
['buka', 'kartu', 'blokir', 'mengaco']	neutral
['respon', 'cepat', 'fitur', 'pilih']	positive
['mudah', 'cepat']	positive
['muas']	positive
['senang', 'puas', 'pakai', 'wondr', 'bni']	positive
['bagus', 'apkikasinya', 'mending', 'ganggu', 'butuh', 'urgent', 'enggak', 'rekom', 'sih']	negative
['bug', 'baik', 'dadak', 'akibat', 'macet', 'ganggu', 'transaksi']	negative
['aplikasi', 'jelek', 'daftar', 'tulisanya', 'milik', 'kartu', 'kredit', 'belum', 'milik', 'registrasi', 'sumpah', 'jelek', 'aplikasi']	negative
['aplikasi', 'masalah', 'proses', 'tra', 'fernya', 'kali', 'gagal', 'transaksi', 'saldo', 'hilang', 'enggak', 'jelass']	negative
['enggak', 'capture', 'saldo', 'enggak', 'capture', 'history', 'transaksi', 'tolong', 'baik']	positive
['halah', 'bni', 'update', 'masak', 'ngulang', 'sih', 'verifikasi', 'mulu', 'enggak', 'transfer']	negative
['transfer', 'dana', 'enggak bisa', 'tim', 'baik', 'coba', 'enggak bisa']	neutral
['susah', 'banget', 'verifikasi', 'wajah', 'hasil', 'suruh', 'tengok', 'tunduk', 'bilang', 'batas', 'ulang', 'bilang', 'coba', 'ulang', 'besok']	neutral
['layan', 'muas']	positive
['kelas', 'bni', 'app', 'kayak', 'gin', 'bagus', 'bni', 'mobile', 'upgrade', 'bagus', 'mundur', 'fitur', 'alas', 'kembang']	negative
['kayak', 'aplikasi', 'belum', 'sempurna', 'kemarin', 'iseng', 'coba', 'beli', 'pulsa', 'aplikasi', 'transaksi', 'gagal', 'saldo', 'tarik', 'saldo', 'bagaimana', 'solusi']	neutral
['keren', 'mudah']	positive
['enggak', 'niat', 'bikin', 'aplikasi', 'qris', 'hasil', 'saldo', 'potong', 'sampai', 'saldo', 'belum', 'aplikasi', 'sungguh', 'cacat', 'layan', 'buruk', 'refund', 'uang', 'sulit', 'lapor', 'tanggap', 'buruk', 'bcabrimandiri', 'layan', 'bank', 'buruk', 'refund', 'mya', 'sulit', 'pakai', 'mandiri', 'baca']	negative
['mudah']	positive
['mudah', 'guna', 'aplikasi', 'potong', 'bulan']	positive
['repot', 'laci', 'transaksi', 'habis', 'scroll', 'laci', 'transaksi', 'mesti', 'seret', 'bawah', 'otomatis', 'tutup', 'transaksi', 'buka', 'ngulang', 'scroll', 'cek', 'riwayat', 'transaksi', 'bulan']	neutral
['fitur', 'aplikasi', 'bagus', 'aplikasi', 'konsekwen', 'karwna', 'update', 'makan', 'paket', 'data', 'untu', 'menginstalnya']	neutral
['wondr', 'by', 'bni', 'mudah', 'nasabah', 'bni', 'bayar', 'enam', 'digit', 'pin', 'transaksi', 'tampil', 'muka', 'interface', 'mudah', 'erti', 'paham', 'nasabah']	positive
['bagus', 'mudah']	positive
['punya', 'enggak', 'buka', 'apk', 'muncul', 'tulus', 'sistem', 'baik', 'silah', 'coba']	neutral
['aplikasi', 'ganggu']	neutral
['ada', 'kontak', 'buku', 'rekening', 'transferuntuk', 'mudah', 'akses', 'transfer', 'bank', 'dunia']	neutral
['bagus', 'banget', 'aplikasi', 'mudah', 'transaksi', 'online', 'transfer', 'bank', 'bayarbayar', 'apa', 'gampang', 'tahan', 'kerja', 'baik', 'bank', 'bni', 'sukses', 'bank', 'bni']	positive
['aplikasi', 'bingung', 'verifikasi', 'wajah', 'tidah', 'coba', 'berkalikali', 'terang']	negative
['rurut', 'aplikasi', 'bagus', 'membantu', 'transaksi', 'transaksi', 'mudah']	positive
['moga', 'hadiah', 'tf']	neutral
['mudah', 'transaksi']	positive
['aplikasi', 'perban', 'jelek', 'lainudh', 'bolak', 'install', 'baru', 'beberapa', 'kali', 'pakai', 'sudah', 'enggak', 'pakailgsg', 'muncul', 'data', 'tambah', 'tahun', 'pakai', 'bni', 'mobile', 'banking', 'enggak', 'pernah', 'tolong', 'dong', 'bni', 'upgrade', 'bagus', 'jelek', 'gin', 'aplikasi', 'nasabah', 'bni', 'rutin', 'transaksi', 'aplikasi', 'kendala']	negative
['mohon', 'baik', 'sistemnyamau', 'login', 'bangetgiliran', 'login', 'fiturnya', 'enggak', 'buka']	neutral
['aplikasi', 'kalo', 'miripmenurut', 'bni', 'mobile', 'sjsaya', 'download', 'karena', 'bni', 'mobile', 'sudah', 'mobile', 'tunai', 'setor', 'tarikdan', 'alih', 'wondertp', 'wonder', 'gila']	neutral
['bagus', 'aplikasi', 'lamawonder', 'sering', 'maintenance', 'jam', 'sibuk', 'lagikalau', 'enak', 'maintenance', 'jam', 'malam', 'atas', 'jam', 'sibuk']	negative
['aplikasi', 'sama', 'banking', 'gajelassudah', 'enggak', 'menu', 'tarik', 'tunaijam', 'malam', 'enggak', 'transaksi', 'pakai', 'aplikasi', 'aneh', 'banget']	negative
['apk', 'bagus', 'daftar', 'ulang', 'baik', 'apk']	neutral
['bagus', 'mengatur', 'uang', 'karena', 'fitur', 'insight', 'rekap', 'uang', 'bayar', 'fitur', 'goal', 'deposit']	positive
['cepat', 'mudah']	positive
['eula', 'muncul', 'kali', 'buka', 'app', 'tuju', 'muncul', 'pesan', 'salah', 'sesi', 'habis']	negative
['cepat', 'mudah', 'indak', 'ribet', 'keren', 'wondr', 'by', 'bni']	positive
['mantap', 'notifikasi', 'wondr', 'sms', 'banking']	positive
['transaksi', 'mudah']	positive
['bagus', 'temu', 'bayar', 'didik', 'kampus', 'institut', 'teknologi', 'puluh', 'nopember', 'surabya', 'saat', 'update', 'susah', 'bayar', 'spp', 'kampus']	neutral
['alhamdulillah', 'praktis', 'cepat', 'terimakasih']	positive
['pakai', 'sudah', 'logout', 'login', 'enggak', 'rua', 'terang', 'sesi']	neutral
['butuh', 'transferpada', 'coba', 'puluh', 'kali', 'ewalet', 'rekening', 'beda', 'beda', 'transaksi', 'berhasilsungguh', 'nyaman', 'aplikasi']	negative
['mantap', 'mudah']	positive
['transaksi', 'mudah', 'cepat']	positive
['mantap', 'cepat', 'ribet']	positive
['coba', 'foto', 'e', 'ktp', 'kali', 'tetap', 'gagal', 'muncul', 'notif', 'coba', 'besok', 'ktp', 'foto', 'e', 'ktp', 'asli', 'kalo', 'sudah', 'nilai', 'update', 'alhamdulillah', 'hasil']	positive
['simple', 'mudah', 'transaksi', 'qris', 'login', 'cepat']	positive
['baik', 'transfer', 'uang', 'enggak', 'nomor', 'rekening', 'baik', 'kalau', 'aplikasi', 'baik', 'wajar', 'keluarga', 'transfer', 'uang', 'kendala', 'nomor', 'rekening', 'baik', 'mohon', 'jelas']	neutral
['deh', 'pakai', 'wondr', 'bni', 'ganti', 'hp', 'hp', 'masuk', 'gagal', 'terang', 'masuk', 'kreteria', 'wondr', 'begitu', 'deh', 'berapa', 'kali', 'coba', 'tetap', 'gagal', 'solusi']	neutral
['aktif', 'fitur', 'biometrik', 'error', 'trsmohon', 'baik', 'guna', 'nasabah', 'nyaman', 'apps', 'mondr', 'by', 'bni']	neutral
['bantu', 'transaksi', 'jarak', 'online']	positive
['mangkin', 'upgrade', 'enggak', 'setor', 'tunai', 'atm', 'enak', 'pakai', 'mobile', 'bni', 'enggak', 'kwtir', 'dompet', 'tinggal', 'setor', 'tarik', 'tunai']	negative
['ribet', 'banget', 'pindah', 'aplikasi', 'fokus', 'baik', 'mobile', 'bni']	negative
['mudah']	positive
['berkalikali', 'coba', 'hasil', 'verifikasi', 'wajah', 'gagal', 'beda', 'aplikasi', 'bank', 'verifikasi', 'wajah', 'senang']	negative
['nasabah', 'bni', 'fitur', 'aplikasi', 'lengkap', 'mudah', 'transaksi', 'aplikasi', 'buka', 'paket', 'data', 'ponsel', 'bisa', 'wifi', 'mohon', 'admin', 'baik', 'terima', 'kasih', 'bni']	positive
['tolong', 'baik', 'teller', 'bni', 'aktifasi', 'rekening', 'suruh', 'aktivasi', 'wondr', 'wondr', 'tulis', 'fitur', 'aktivasi', 'sedia', 'rekening', 'aktif', 'aktif', 'tulis', 'fitur', 'aktivasi', 'sedia']	neutral
['kemarin', 'donlod', 'mbanking', 'kena', 'bug', 'terus', 'diarahin', 'donlod', 'wondr', 'sekarang', 'enggak', 'buka', 'tf', 'indonesia', 'bagaimana', 'sih']	neutral
['tolong', 'tambah', 'fitur', 'finger', 'print', 'biar', 'gampang', 'login', 'aplikasi']	positive
['aplikasi', 'enggak jelas', 'bikin', 'bingung', 'bikin', 'aplikasi', 'mudah', 'gampang', 'erti', 'ruwet', 'mending', 'aplikasi']	negative
['aplikasi', 'wonder', 'bni', 'andal', 'eror', 'baik', 'baik']	negative
['aplikasi', 'sampah', 'habis', 'diinstall', 'enggak', 'buka', 'muncul', 'notifikasi', 'kendala', 'coba']	negative
['aplikasi', 'mudah', 'beli', 'paket', 'data', 'pulsa', 'token', 'transaksi', 'mudah']	positive
['kurang', 'fitur', 'stor', 'tunai']	neutral
['lumayan', 'tambahkan', 'fitur', 'sedekah', 'sedekah']	positive
['tampil', 'bagus', 'tolong', 'fitur', 'screenshot']	neutral
['transaksi', 'mudah', 'wondr']	positive
['pakai', 'bni', 'mudah', 'genggam', 'aplikasi', 'bagus', 'banget', 'apa', 'cepat']	positive
['kasih', 'bintang', 'dulu', 'transaksi', 'bagus', 'eror', 'mohon', 'baik', 'proses', 'transaksi', 'lancar']	neutral
['detail', 'uang', 'masuk', 'bni', 'mobile']	neutral
['ganti', 'aplikasi', 'lambat', 'transaksi', 'jam', 'malam', 'serius', 'langsung', 'bagus', 'ulang', 'login', 'apk', 'keluar', 'heran', 'baik', 'aplikasi', 'sudah', 'master', 'itu', 'indonesia', 'masak', 'nasabah', 'bikin', 'repot', 'memory', 'hp', 'android', 'batas', 'aduh', 'masak', 'hapus', 'aplikasi', 'biar', 'pasang', 'wonder']	negative
['tolong', 'transaksi', 'muncul', 'berita', 'dongseperti', 'bni', 'mobile', 'kita', 'tau', 'terang', 'transaksi']	neutral
['buka', 'aplikasi', 'wondr', 'notif', 'fitur', 'sedia', 'transaksi', 'kendala', 'tolong', 'atas', 'trimakasih']	negative
['verifikasi', 'email', 'coba', 'topup', 'ewallet', 'transaksi', 'notifikasi', 'cepat', 'banget', 'rasa', 'layan', 'bagus', 'bintang', 'tambah']	neutral
['gasuka', 'kalo', 'bijak', 'pabrik', 'gua', 'pakai', 'bni', 'duit', 'gua', 'hilang', 'wlpn', 'buruh', 'pabrik', 'kayak', 'gua', 'rasa', 'deh', 'kali', 'menarik', 'duit', 'kagak', 'keluar', 'saldo', 'habis', 'urus', 'bank', 'langsung', 'kagak', 'duit', 'gua', 'menarik', 'atm', 'bni', 'bank', 'langsung', 'pakai', 'mybank', 'aman', 'pakai', 'errornya']	negative
['bintang', 'mutasi', 'transaksi', 'kolom', 'saldo', 'terang', 'transaksi', 'banget', 'mobile', 'banking']	neutral
['mohon', 'maaf', 'daftar', 'wonder', 'rekbni', 'daftar', 'pergi', 'cabang', 'bank', 'kartu', 'tap', 'cash', 'sudah', 'sudah', 'isi', 'saldo', 'mohon', 'jelas']	positive
['bagus', 'mantab', 'praktis', 'cepat']	positive
['coba', 'isi', 'wallet', 'juta', 'limit', 'hari', 'capai', 'pakai', 'aplikasi', 'los']	negative
['sagat', 'bagus', 'gunakansungguh', 'bermanfaattrimakasi', 'bni']	positive
['enak', 'aplikasi', 'wondr', 'cuaca', 'mendung', 'dikit', 'susah', 'log', 'ini']	neutral
['buka', 'aneh']	negative
['aplikasi', 'bantu']	positive
['alhamdulillah', 'transaksi', 'lancar', 'aman', 'moga', 'jaga', 'nyaman', 'aman', 'nasabah']	positive
['serin', 'error', 'payah']	neutral
['aplikasi', 'bank', 'bantu', 'transaksi', 'terima', 'kasih']	positive
['mohon', 'info', 'min', 'isi', 'ulang', 'tapcash', 'gagal', 'aplikasi', 'wondr', 'kembali', 'dana', 'kembali', 'otomatis', 'sudah', 'kali', 'diupdate', 'balance', 'masuk', 'saldonnya']	negative
['verifikasi', 'email', 'pakai', 'kode', 'otp', 'kode', 'kasih', 'gagal', 'login', 'tolong', 'baik', 'kayak', 'gin', 'bikin', 'ribet', 'bikin', 'susah', 'transaksi']	negative
['verifikasi', 'email', 'kemarin', 'verifikasi', 'kali', 'gagal', 'coba', 'gagal', 'terang', 'kirim', 'kode', 'otp', 'cs', 'suruh', 'menunggu', 'coba', 'verifikasi', 'aplikasi', 'wondr', 'by', 'bni', 'tolong', 'bantu', 'terima', 'kasih']	neutral
['halo', 'sudah', 'coba', 'sekitar', 'minggu', 'migrasi', 'aplikasi', 'bni', 'kendala', 'verifikasi', 'wajah', 'bantu', 'staff', 'kcp', 'bni', 'bisa', 'sulit']	negative
['bagus', 'simpel', 'mudah', 'terkadang', 'loading', 'muncul', 'menu', 'login', 'hp', 'xiaomi', 'jaring', 'telkomsel']	positive
['aplikasi', 'wondr', 'by', 'bni', 'lengkap', 'percaya']	positive
['cepat', 'praktis']	positive
['fitur', 'lumayan', 'bagus']	positive
['baharu', 'verivikasi', 'wajah']	negative
['bagus', 'aplikasi', 'cepat', 'mobile', 'banking', 'sebar', 'bagustapi', 'alangkah', 'baik', 'aplikasi', 'lengkap', 'informatif', 'mobile', 'banking']	positive
['sudah', 'top', 'up', 'enggak bisa', 'bayar', 'ukt', 'unpad', 'ui', 'doang']	negative
['guna', 'excited', 'banget', 'aplikasi', 'banking', 'colorful', 'kayak', 'gin', 'senang', 'enggak', 'monoton', 'warna', 'asa', 'nyaman', 'pandang', 'saldo', 'tipis', 'suka', 'fitur', 'transfer', 'negeri', 'terus', 'langsung', 'nonggol', 'negara', 'tuju', 'mantap', 'apknya', 'enggak', 'lelet']	positive
['wondr', 'bayar', 'utbk', 'pakai', 'sudah', 'coba', 'kali', 'mohon', 'baik']	neutral
['aplikasi', 'bantu', 'ku', 'kasih', 'bintang']	positive
['force', 'close', 'signal', 'transaksi', 'cepat', 'hambat', 'transaksi', 'mohon', 'tingkat']	negative
['overall', 'fasilitas', 'tingkat', 'tarik', 'tunai', 'atm']	positive
['bagus', 'aplikasi', 'rincian', 'transaksi', 'tau', 'sisa', 'saldo', 'transaksi']	neutral
['aplikasi', 'sendiritiba', 'tulis', 'verifikasid', 'suruh', 'cabang', 'dekat', 'malaysia', 'kantor', 'cabang']	negative
['parah', 'apk', 'lupa', 'password', 'verifikasi', 'wajah', 'lurus', 'wajah', 'wajah', 'angguk', 'wajah', 'wajah', 'maaf', 'habi', 'ulang', 'bbrapa', 'kali', 'maaf', 'sempat', 'habis', 'mudah', 'apk', 'bni', 'argh', 'tapi', 'cx', 'llona', 'sudahh', 'laku', 'pengaruh']	negative
['aplikasi', 'tolol', 'verifikasi', 'wajah', 'cacat', 'kemarin', 'enggak', 'benar', 'ikut', 'syarat', 'accessories', 'back', 'light', 'tetap', 'kagak']	negative
['notifikasi', 'promo', 'muncul', 'setting', 'aplikasi', 'non', 'aktif', 'muncul', 'ganggu', 'fitur', 'tarik', 'setor']	negative
['bagus', 'transaksi', 'fitur', 'lengkap']	positive
['euh', 'kesel', 'error', 'aplikasi', 'jadi', 'bayar', 'via', 'wondr', 'error', 'malu', 'lambat', 'antri']	negative
['wondr', 'bagustp', 'pasti', 'dulu', 'fitur', 'fungsi', 'minim', 'bug', 'fitur', 'standar', 'mobile', 'bnisetor', 'tunai', 'tarik', 'tunai', 'kartu', 'mobile', 'bni']	neutral
['otp', 'dikirm', 'whatsapp', 'dikirm', 'sms', 'dikirm', 'sampai', 'limit']	negative
['lelet', 'login', 'min', 'data', 'seluler']	negative
['ada', 'kontak', 'buku', 'rekening', 'transferuntuk', 'mudah', 'akses', 'transfer', 'bank', 'dunia']	neutral
['bagus', 'pakai', 'bni', 'mobile', 'banking', 'menu', 'wnder', 'bikin', 'bingung', 'beli', 'token', 'listrik', 'input', 'idpel', 'kalau', 'mob', 'banking', 'sudah', 'option', 'safe', 'favorit']	neutral
['bantu', 'bayar', 'transfer', 'simpan', 'uang', 'bank']	positive
['kemarin', 'gagal', 'login', 'jdnya', 'masuk', 'no', 'hp', 'otp', 'enggak', 'kirim', 'sampai', 'limit', 'kalo', 'limit', 'habis', 'gara-gara', 'salah', 'memasuki', 'otp', 'sih', 'otp', 'limit', 'habis', 'gara-gara', 'kirim', 'sudah', 'memasuki', 'no', 'hpnya', 'benar', 'padahal']	negative
['aplikasi', 'bagus', 'kalo', 'ganti', 'hp', 'login', 'ribet', 'verifikasi', 'gagal']	neutral
['paksa', 'download', 'aplikasi', 'wondr', 'iklan', 'ganggu', 'aplikasi', 'bni', 'mobile', 'iklan', 'tutup', 'halaman', 'aplikasi', 'bni', 'mobile', 'aplikasi', 'bni', 'mobile', 'stabil', 'nasabah', 'paksa', 'halus', 'pindah', 'aplikasi', 'wondr', 'aplikasi', 'fungsi', 'jadi', 'aplikasi', 'baiklengkapi', 'stabil', 'jamin', 'aman', 'aplikasi', 'bni', 'jadi', 'aplikasi']	negative
['sulit', 'banget', 'daftar', 'buka', 'mulut', 'kedip', 'enggak bisa', 'masuk', 'bni', 'sudah', 'beli', 'solusi']	neutral
['vermuk', 'kali', 'kali', 'gagal', 'nih', 'aplikasi', 'sudah', 'mengikuti', 'pandu', 'tetap', 'gagal', 'aneh', 'menyesal', 'download', 'menuhin', 'memori', 'hp']	negative
['menu', 'komplit', 'tolong', 'tampil', 'fitur', 'pinjam', 'tau', 'sisa', 'pinjam']	neutral
['force', 'close', 'mulu', 'masuk', 'akses']	positive
['susah', 'kali', 'wondr', 'by', 'bni', 'buka', 'layan', 'buruk', 'susah', 'login', 'coba', 'pakai', 'kartu', 'data', 'internet', 'pakai', 'wif', 'bingung', 'salah', 'mana', 'coba']	negative
['sih', 'maintenance', 'jamjam', 'sibuk', 'transaksi', 'jam', 'malam', 'login', 'baik', 'mulu']	negative
['bagus', 'banget', 'bantu', 'transfer', 'bank']	positive
['semua', 'transaksi', 'lebih', 'praktis']	positive
['proses', 'install', 'lumayan', 'eh', 'buka', 'aplikasi', 'loading', 'banget', 'belum', 'buka', 'menulis', 'review']	negative
['tolong', 'kembali', 'fitur', 'mobile', 'banking', 'aplikasi', 'bni', 'karena', 'banyak', 'customer', 'bni', 'nyaman', 'fitur', 'terima', 'kasih']	positive
['simpel', 'cepat']	positive
['sih', 'gonta', 'ganti', 'aplikasi', 'enggak', 'bni', 'mobile', 'banking', 'sempurna', 'fiturnya', 'wondr', 'enggak', 'lengkap', 'enggak', 'bni', 'mobile', 'banking', 'mending', 'improvisasi', 'tuh', 'bni', 'mobile', 'bankingnya', 'biar', 'enggak', 'kerja', 'lihat', 'fiturnya', 'enggak', 'lengkap', 'kerja', 'butuh', 'serba', 'cepat', 'mabro', 'bikin', 'coba', 'kasih', 'tau', 'alas', 'ganti', 'wondr', 'lihat', 'review', 'rating', 'bintang', 'deh', 'kayak', 'template', 'tciih']	negative
['enggak', 'transfer', 'eror', 'mulu', 'alas', 'tim', 'baik']	neutral
['riwayat', 'transaksi', 'terupdate', 'tolong', 'baik']	neutral
['lag', 'terkadang', 'loading', 'jaring', 'aman']	negative
['kali', 'pakai', 'saran', 'bank', 'coba', 'pakai', 'transaksi', 'gagaldicoba', 'eh', 'gagal', 'kalo', 'aplikasi', 'mending', 'lagulaguan', 'bikin', 'malu', 'malumaluin']	negative
['mantap', 'mudah', 'transaksi']	positive
['ngeblank', 'nyaman', 'pakai', 'bni', 'mobile', 'banking', 'bolak', 'wonders', 'ribet', 'bayar', 'tagih', 'listrik', 'susah', 'aplikasi', 'ngeblank']	neutral
['pakai', 'wonder', 'by', 'bnitp', 'aplikasi', 'dibukasudah', 'coba', 'baru', 'juga', 'enggak', 'bisacoba', 'download', 'aplikasi', 'juga', 'enggak', 'dibukamohon', 'bantu']	negative
['ya', 'bni', 'muas', 'bni', 'pakai', 'mencoba', 'cabang', 'update', 'data', 'ribet']	neutral
['aplikasi', 'mantap', 'cepat']	positive
['mudah', 'transfer', 'uang']	neutral
['susah', 'buka', 'muter', 'muter', 'mawon', 'aplikasi', 'milik', 'usaha', 'negara', 'mesti', 'lot']	neutral
['mudah', 'best', 'pokok']	positive
['coba', 'verifikasi', 'wajah', 'gagal', 'coba', 'csnya', 'langsung', 'salah', 'cabang', 'bni', 'coba', 'verifikasi', 'wajah', 'suruh', 'tunggu', 'hari', 'coba', 'ulang', 'kemarin', 'coba', 'verifikasi', 'wajah', 'tolong', 'bantu', 'developer']	negative
['susah', 'login', 'padahal', 'sebelum', 'dah', 'akun', 'wondr', 'pas', 'uninstall', 'diinstall', 'ada', 'opsi', 'sudah', 'kartu', 'kredit', 'atau', 'belum', 'kartu', 'kredit', 'kayak', 'mbanking', 'bni', 'rda', 'ribet', 'tolong', 'baik', 'yaathanks']	neutral
['kecewa', 'transfer', 'uang', 'posisi', 'desak', 'tibatiba', 'aplikasi', 'ngelek', 'kecewa', 'update']	negative
['muas']	positive
['guna', 'mudah', 'bayar', 'cepat', 'bug', 'eror', 'enggak', 'buka', 'tolong', 'benah']	positive
['verifikasi', 'hasil', 'login', 'verifikasi', 'data', 'bni', 'handle', 'securitynya', 'suruh', 'coba', 'restart', 'hp', 'install', 'hasil', 'verifikasi', 'ulangcoba', 'transaksi', 'ewalet', 'logout', 'login', 'verifikasi', 'ulang', 'tugas', 'bni', 'menyengir', 'bisa', 'mengasih', 'solusi', 'paksa', 'pindah', 'dulu', 'bank', 'belah', 'lupa', 'dulu', 'wondr', 'by', 'bni', 'sulit']	negative
['kadang', 'lot']	neutral
['baru', 'biometrik', 'aman', 'pakai', 'sidik', 'jari', 'baru', 'masuk', 'app', 'password', 'melulu', 'tambah', 'karu', 'bni', 'tapcash', 'history', 'muncul', 'b', 'man', 'riwayat', 'pakai', 'tolong', 'benah', 'bni', 'jadi', 'bank', 'favorit']	negative
['aplikasi', 'sama', 'banking', 'wonder', 'kalo', 'malamdini', 'kali', 'eror']	negative
['history', 'transaksi', 'lengkap', 'bni', 'mobile', 'terang', 'saldo', 'saldo', 'guna', 'bingung', 'mengatahui', 'saldo', 'uang', 'masuk', 'tingkatin', 'aplikasi', 'kayak', 'gin']	negative
['fitur', 'aplikasi', 'bagus', 'aplikasi', 'konsekwen', 'karwna', 'update', 'makan', 'paket', 'data', 'untu', 'menginstalnya']	neutral
['aplikasi', 'sampah', 'transaksi', 'aplikasi', 'bni', 'suruh', 'download', 'aplikasi', 'gilir', 'sudah', 'donwload', 'pakai', 'sudah', 'aktif', 'muncul', 'syarat', 'tentu', 'sih', 'mau', 'bni', 'urus', 'genting', 'aplikasi', 'enggak', 'pakai', 'dua', 'heran']	negative
['login', 'stak', 'logo', 'tolong', 'baik', 'aplikasi', 'wondr', 'fitur', 'bagus']	neutral
['bantu']	positive
['tolong', 'tambah', 'fitur', 'buat', 'bni', 'debit', 'online', 'orang', 'orang', 'sampai', 'enggak', 'bayar', 'photoshop', 'enggak', 'buat', 'bni', 'debit', 'online', 'pindah', 'wondr', 'pindah', 'bni', 'bangking']	positive
['nge', 'lag', 'bagaimana', 'urgent', 'mohon', 'perfomanya', 'tingkat', 'bagus', 'aplikaai', 'bni', 'mobile', 'banking']	neutral
['catat', 'tarik', 'tunai', 'kartu', 'sebal', 'pulsa', 'otp', 'kayak', 'baca', 'bri', 'simpel', 'no', 'hp', 'kode', 'tarik', 'tunai', 'masak', 'bni', 'kalah', 'bions', 'bsi', 'tiru', 'baca', 'bri', 'otp', 'pakai', 'pulsa', 'estatement', 'masak', 'kasih', 'download', 'kasih', 'biar', 'mudah', 'track', 'uang', 'masuk', 'contoh', 'baca', 'bri', 'sih', 'saran', 'lebih', 'sudah', 'oke', 'tampil', 'simpel', 'enggak', 'menu', 'aneh', 'aneh']	neutral
['susah', 'banget', 'verifikasi', 'wajah', 'buka', 'mulut', 'kayak', 'dokter', 'kedip', 'mata', 'lurus', 'wajah', 'gagal', 'ulang', 'menunggu', 'besok', 'cape']	negative
['mudah', 'gampang', 'akses']	positive
['buka', 'akses', 'aksebilitas', 'nonaktif', 'periksa', 'atur', 'hp', 'menu', 'aksesibilitas', 'mati']	negative
['mudah', 'transaksi', 'antri']	positive
['sudah', 'bulan', 'setia', 'kali', 'top', 'up', 'ganguan', 'fitur', 'sedia']	neutral
['aplikasi', 'wondr', 'by', 'bni', 'keren', 'banget', 'tampil', 'oke', 'warna', 'cerah', 'bayar', 'qris', 'wondr', 'cepat', 'banget', 'step', 'selesai', 'terima', 'kasih', 'bni']	positive
['transaksi', 'malam']	negative
['kirim', 'cepat', 'mudah']	positive
['isi', 'rp', 'hilang', 'history', 'transaksi', 'niat', 'nabung', 'hilang']	negative
['aplikasi', 'tipu', 'peras', 'baruini', 'mendownload', 'aplikasi', 'hasil', 'login', 'muncul', 'rekening', 'bni', 'rekening', 'aktif', 'rekening', 'mendownload', 'wondr', 'status', 'aktif', 'ulang', 'kali', 'ecek', 'status', 'rekening', 'satu', 'refresh', 'aplikasi', 'ecek', 'status', 'aktif', 'ubah', 'aktif', 'isi', 'saldo']	negative
['enak', 'pakai', 'wondr', 'by', 'bnitapi', 'biaya', 'bni', 'mobil']	positive
['aplikasi', 'bagus', 'fitur', 'bagussimpel', 'kurang', 'riwayat', 'transaksi', 'enggak', 'langsung', 'muncul', 'habis', 'transaksi', 'menunggu', 'jam', 'muncul', 'tolong', 'baik']	neutral
['ribet', 'verifikasi', 'wajah', 'suruh', 'buka', 'mulut', 'suruh', 'tengok', 'kiri', 'kanan', 'coba', 'kali', 'tetap', 'coba', 'besok', 'karena', 'salah', 'perhati', 'karena', 'dampak', 'depan']	neutral
['bantu', 'mudah', 'guna']	positive
['aplikasi', 'top', 'semua', 'mudah']	positive
['tambah', 'beberapa', 'menu', 'belum', 'cardless', 'setor', 'tunai', 'belum', 'terima', 'transfer', 'pakai', 'qris', 'ayo', 'bumn', 'kalah', 'swasta']	neutral
['enak', 'bni', 'mobile', 'transaksi', 'tera', 'saldo', 'belah', 'terus', 'byr', 'pakai', 'virtual', 'accaount', 'gagal', 'kali', 'mohon', 'aplikasi', 'baik', 'tera', 'saldo', 'setelah', 'transaksi']	neutral
['coba', 'aktifasi', 'kirim', 'otp', 'email', 'ampun', 'lot', 'respon', 'habis', 'batas', 'ngulang', 'ngulang', 'aktifasi', 'sebal', 'wonderku', 'aktif', 'aktif', 'tolong', 'baik', 'gesit', 'kirim', 'otp', 'email']	negative
['layan', 'aplikasi']	positive
['fitur', 'mudah', 'enggak', 'customer', 'service', 'antri', 'syarat']	positive
['aplikasi', 'bagus', 'mudah', 'paham', 'salah', 'sistem', 'ganggu', 'buka', 'aplikasi', 'susah', 'login']	neutral
['alih', 'bni', 'mobile', 'banking', 'wondr', 'lancar', 'masuk', 'lupa', 'password', 'transaksi', 'verifikasi', 'ganti', 'password', 'laku', 'verifikasi', 'verifikasi', 'wajah', 'gagal', 'tunggu', 'berikutnyasaya', 'coba', 'esok', 'keterangannyatrus', 'tunggu', 'verifikasi', 'ulang']	neutral
['aplikasi', 'enggak pernah', 'suruh', 'verifikasi', 'wajah', 'enggak pernah', 'gagal', 'payah', 'terang', 'wajah', 'coba', 'bawah', 'lampu', 'lawak', 'lawak', 'pokok', 'jengkel', 'verifikasi', 'wajah', 'sudut', 'pandang', 'mana', 'biarpun', 'wajah', 'jelas', 'gagal', 'aneh', 'menunggu', 'verifikasi', 'balas', 'cs', 'banget', 'apk', 'enggak', 'jengkel']	negative
['bantu']	positive
['fitur', 'mobile', 'tunai', 'cardless', 'transaksi', 'virtual', 'akun', 'max', 'transaksi', 'rp', 'begitu', 'kirim', 'tunggu', 'updatenya']	positive
['bintang', 'terang', 'transaksi', 'muncul', 'history', 'transaksi', 'aplikasi', 'muncul', 'ganti', 'bintang']	neutral
['mudah', 'transaksi']	neutral
['informasi', 'lengkaptidak', 'keterangancontoh', 'gaji', 'masuk', 'terang', 'gaji']	neutral
['bagus', 'sih', 'promo', 'tarik', 'riwayat', 'transaksi', 'sinkron', 'uang', 'masuk', 'catat', 'sepenuh', 'oke', 'apk', 'moga', 'lekas', 'baik', 'komentar']	negative
['enggak', 'menu', 'login', 'buka', 'aplikasi', 'suruh', 'daftar', 'akun', 'mulu', 'masih', 'mending', 'bni', 'mobile', 'sudah', 'hapus', 'menyesal', 'donlot', 'aplikasi', 'pantas', 'reting', 'jelek', 'enggak', 'masuk', 'bni', 'mobile', 'menyusahkan', 'ujung']	negative
['banget', 'error']	neutral
['fitur', 'keren', 'cepat', 'enggak', 'ribet']	positive
['sangat', 'bantu', 'transaksi']	positive
['simple', 'mudah', 'fiktur', 'tarik']	positive
['mohon', 'bantu', 'kendala', 'masuk', 'wonder', 'transaksisaksi', 'kok', 'buka', 'mohon', 'solusi']	positive
['xiaomi', 'ultra', 'error', 'susah', 'masuk', 'aplikasi', 'loading', 'awal', 'masuk', 'dalam', 'aplikasi', 'transaksi']	neutral
['transaksi', 'gagal', 'iya', 'download', 'rekening', 'mudah', 'lancar', 'jaya', 'wajtu', 'isi', 'pulsa', 'transfer', 'transaksi', 'gagal', 'terus', 'tolong', 'benah']	neutral
['aplikasi', 'susah', 'buka', 'mentok', 'loading', 'screen']	negative
['tulis', 'gagal', 'kirim', 'saldo', 'uang', 'tetap', 'potong', 'sudah', 'kali', 'uang', 'hilang', 'mana', 'hilang', 'sia', 'sia']	neutral
['bintang', 'atur', 'aplikasi', 'susah']	neutral
['bagus', 'sayang', 'aplikasi']	positive
['aplikasi', 'susah', 'buka', 'guna', 'kecewa', 'tolong', 'benerin', 'aplikasi', 'mudah', 'guna', 'transaksi']	positive
['eror', 'transaksi', 'jam', 'gagal', 'buka', 'refrensi', 'usaha', 'gue', 'malas', 'benar', 'memakai', 'bni']	neutral
['kasih', 'fitur', 'setor', 'tunai', 'kartu', 'dong', 'kak']	positive
['transaksi', 'transfer', 'bri', 'wonder', 'by', 'bnidan', 'taplus', 'bisnispas', 'cek', 'mutasi', 'bri', 'transaksi', 'hasil', 'kece', 'wonder', 'by', 'bni', 'kait', 'saldo', 'kosongdan', 'pergi', 'center', 'bni', 'transaksi', 'akun', 'sayaapakah', 'lapor', 'bri', 'bni', 'tolong', 'bantu', 'kak', 'uang', 'krisis', 'rantau', 'kakyang', 'mana', 'uang', 'gaji', 'uang', 'makan']	neutral
['bayar', 'asuransi', 'teliti', 'dulu', 'orang', 'sudah', 'lunas', 'asuransi', 'tagih']	neutral
['aplikasi', 'eror', 'hasil', 'logineh', 'halaman', 'tuju', 'enggak bisa', 'klik']	negative
['bagus', 'nominal', 'uang', 'notifikasi', 'masuk', 'notifikasi']	positive
['menu', 'tarik', 'tunai', 'solusi', 'genggam']	neutral
['wondr', 'by', 'bni', 'aplikasi', 'bantu', 'rekan', 'kustomer', 'perban', 'bni', 'terimakasih', 'wondr', 'bni', 'sukses']	positive
['aplikasi', 'bagus', 'aplikasi', 'susah', 'buka', 'masuk', 'wifenya', 'bagus', 'menit', 'tunggu', 'aplikasi', 'enggak', 'buka', 'minggu', 'daftar', 'aplikasi', 'bagaimana']	neutral
['masak', 'iya', 'tara', 'bni', 'apk', 'buka', 'paket', 'data', 'susah', 'banget', 'gin', 'buka', 'mbanking', 'cari', 'wifi', 'yuk', 'yuk', 'upgrade', 'apknya', 'biar', 'support', 'semua', 'jaring']	neutral
['aplikasi', 'cs', 'paksa', 'transaksi', 'dipakai', 'bingung', 'cek', 'saldo', 'aplikasi']	negative
['kok', 'apk', 'bisa', 'buka', 'notifnya', 'kendala', 'tim', 'baik']	neutral
['hp', 'rusak', 'log', 'ini', 'mobile', 'banking', 'bni', 'berbulanbulan', 'malas', 'coba', 'log', 'ini', 'via', 'wondr', 'by', 'bni']	positive
['capek', 'pakai', 'aplikasi', 'update', 'transaksi', 'update', 'data', 'kalo', 'update', 'capek']	negative
['susah', 'buka', 'aplikasinyatolong', 'baik', 'cepat']	neutral
['setor', 'tunai', 'kartu', 'wondr']	neutral
['tolong', 'aplikasi', 'wondr', 'tarik', 'tunai', 'kartu', 'septi', 'bni', 'mobile']	neutral
['sulit', 'daftar', 'verifikasi', 'wajah', 'gagal', 'salah', 'mana', 'hasil', 'suruh', 'data', 'masuk', 'data', 'baru', 'data', 'up', 'tapi', 'date', 'kah', 'basis', 'data', 'bni', 'salah', 'suruh', 'tunggu', 'kali', 'jam', 'kalo', 'salah', 'terusmenerus', 'aplikasi', 'payah', 'jelek', 'butuh', 'uninstall', 'aplikasi']	negative
['bagaimana', 'nih', 'isi', 'token', 'gagal', 'saldo', 'potong', 'sudah', 'menunggu', 'kali', 'jam', 'enggak', 'kembali', 'saldo', 'potong', 'bertanya', 'customer', 'service', 'aplikasi', 'enggak', 'selesai', 'chat', 'langsung', 'aplikasi', 'mobile', 'bni', 'enggak', 'menyambung', 'langgan']	positive
['aplikasi', 'buka', 'begini', 'nanti', 'kalau', 'bagus', 'kasih', 'bintang']	neutral
['nge', 'bug', 'hasil', 'daftar', 'akunlalu', 'log', 'out', 'login', 'ulang', 'masuk', 'menu', 'bijak', 'syarat', 'daftar', 'hmm', 'hmmaplikasi', 'kelas', 'bumn']	neutral
['tampil', 'keren', 'mudah', 'sayang', 'fiturnya', 'lengkap', 'lengkap', 'bni', 'mobile']	neutral
['tolong', 'diperbaikicari', 'mutasi', 'transaksi', 'ribet', 'bangetseharunya', 'user', 'mudah', 'ruet', 'mending', 'aplilasi']	negative
['nfc', 'trouble', 'booting', 'apk', 'menarik', 'uang', 'cash', 'beli', 'token', 'listrik', 'enggak']	neutral
['mudah', 'cepat', 'lancar']	positive
['enggak', 'ngapangapain', 'tf', 'ewallet', 'gagal', 'begitu', 'transaksi', 'tf', 'bank', 'dahla']	negative
['banget', 'verifikasi', 'wajah', 'apl', 'ribet', 'kasih', 'verifikasi', 'wajah', 'verivikasi', 'henti', 'kasih', 'timer', 'terimakasih']	negative
['aplikasi', 'wondr', 'bni', 'ku', 'buka', 'yakpadahal', 'sinyal', 'bagus', 'buka', 'bisaaplikasi', 'wondr', 'sudah', 'update', 'masuk']	negative
['tampil', 'bagus', 'bagaimana', 'sudah', 'beres', 'daftar', 'eh', 'besok', 'login', 'coba', 'uninstall', 'suruh', 'daftar', 'kalo', 'launching', 'baik', 'buru', 'buru']	negative
['ngebug', 'transfer', 'gagal', 'pindah', 'wondr', 'enggak', 'sesuai', 'ekspektasi', 'bni', 'mobile']	negative
['efisien', 'tau', 'pasu', 'keluar', 'bulan', 'bikin', 'chartnya', 'wondr', 'mantap', 'menu', 'qrisnya', 'gaperlu', 'pakai', 'password', 'lebih', 'gercep', 'mantul', 'thankyou', 'wondr', 'thankyou', 'bni']	positive
['aga', 'lambat', 'loding']	positive
['registrasi', 'infomasinya', 'verifikasi', 'tambah', 'suruh', 'telepon', 'bni', 'call', 'cabang', 'dekat', 'telepon', 'bni', 'call', 'data', 'sesuai', 'suruh', 'bni', 'dekat', 'bni', 'dekat', 'informasi', 'data', 'sesuai', 'infomasi', 'coba', 'kali', 'notifnya', 'registrasi', 'wondr', 'verifikasi', 'tambah', 'bagaimana']	neutral
['sayang', 'banget', 'kalo', 'ambil', 'foto', 'enggak bisa', 'dari', 'galeri']	neutral
['mantaptransaksi', 'cepat']	positive
['transaksi', 'bayar', 'listrik', 'isi', 'gopay', 'cepat', 'mudah', 'langsung', 'sukses', 'berteletele', 'thankyou', 'bni']	positive
['terkadang', 'ganggu', 'wondr']	positive
['transaksi', 'cepat', 'aman', 'mudah']	positive
['mudah', 'enggak', 'ribet']	positive
['kembang', 'buang', 'anggar', 'usaha', 'bni', 'kembang', 'aplikasi', 'fiturnya', 'sederhana', 'mobile', 'banking', 'jaring', 'jamin', 'mudah', 'akses', 'transaksi', 'mobile', 'banking', 'cek', 'mutasi', 'enggak ada', 'antisipasi', 'curang', 'curi', 'saldo', 'internal', 'bni', 'bikin', 'curiga', 'customer', 'transfer', 'via', 'virtual', 'akun', 'error', 'tolong', 'benarbenar', 'evaluasi', 'baik', 'customer', 'bni', 'lari', 'bank', 'tetangga', 'belah']	negative
['wondr', 'bni', 'aplikasi', 'mobile', 'banking', 'praktis', 'fungsional', 'fiturfitur', 'transfer', 'bank', 'cek', 'saldo', 'bayar', 'tagih', 'akses', 'mudah', 'desain', 'antarmuka', 'sederhana', 'alam', 'guna', 'nyaman', 'proses', 'transaksi', 'cepat', 'notifikasi', 'langsung', 'aman', 'aplikasi', 'wondr', 'bni', 'solusi', 'praktis', 'butuh', 'perban', 'digital', 'seharihari']	positive
['tolong', 'baik', 'sistem', 'aplikasi', 'support', 'qr', 'transfer', 'gagal']	negative
['bni', 'suruh', 'pakai', 'wonder', 'pasang', 'kali', 'verifikasi', 'email', 'enggak', 'hasil', 'enggak', 'notif', 'email', 'verifikasi', 'masuk', 'wajah', 'tengak', 'tengok', 'kiri', 'kanan', 'ulang', 'kayak', 'kipas', 'angin', 'tolah', 'toleh', 'sampai', 'kali', 'ulang', 'mohon', 'baik', 'aplikasi']	negative
['rangin', 'baik', 'sistem', 'baik', 'sistem', 'bikin', 'puyeng', 'transaksi']	neutral
['mudah', 'transaksi']	positive
['transaksi', 'mudah', 'cepat', 'bonus']	positive
['turut', 'versi', 'tampil', 'lapor', 'guna', 'ketimbang', 'flow', 'uang', 'jujur', 'simple', 'mudah', 'kasih', 'bintang']	neutral
['aplikasi', 'ngelag', 'banget', 'heran', 'jam', 'menunggu', 'login', 'masuk']	negative
['pakai', 'finger', 'print']	neutral
['fitur', 'mudah', 'cepat', 'proses']	positive
['kasih', 'bintang', 'dulukarena', 'wonder', 'kekurangannyayaitu', 'fitur', 'tarik', 'tunaifitur', 'setor', 'tunaifitur', 'layan', 'cspromo', 'top', 'up', 'ewallet', 'cash', 'back', 'pointdsbsemoga', 'depan', 'wonder', 'bni', 'canggih', 'warna', 'lagisukses', 'wonder', 'bni']	neutral
['jelek', 'bni', 'minggu', 'kali', 'qr', 'gagal', 'hasil', 'potong', 'saldo', 'kali', 'setor', 'tunai', 'atm', 'enggak', 'masuk', 'uang', 'sudah', 'masuk', 'atm', 'saldo', 'enggak', 'tambah', 'layan', 'jelek', 'kerja', 'kerja']	negative
['mudah', 'cepat', 'dalam', 'transaksi']	positive
['bagus', 'sebenarmya', 'cuman', 'bertanya', 'maksimal', 'saldo', 'sisa', 'wonder', 'berapa', 'saldo', 'masa', 'enggak bisa', 'transaksi', 'karena', 'saldo', 'cukup']	neutral
['mudah', 'aman', 'nyaman']	positive
['beli', 'paket', 'data', 'tadi', 'pagi', 'bisa', 'info', 'maintenance']	neutral
['mudah', 'aman', 'lancar']	positive
['ktp', 'susah', 'baca', 'daftar', 'ribet', 'banget', 'bisa', 'baca', 'ktp', 'konyol', 'wkwkwk']	neutral
['tolong', 'upgrade', 'transaksi', 'kartu', 'kalo', 'apk', 'enggak', 'kalo', 'apk', 'bni']	negative
['pakai', 'bni', 'mobell', 'pakai', 'wondr', 'ribet', 'transaksi', 'gagal', 'tf', 'lapor', 'masuk', 'besokk', 'upgrade', 'memper', 'mudah', 'sulit']	negative
['pakai', 'wondr', 'susah', 'kali', 'top', 'up', 'tap', 'cash', 'sudah', 'kali', 'mencoba', 'gagal', 'mohon', 'baik', 'aplikasi', 'susah', 'ngisi', 'etoll']	neutral
['bantu', 'darurat', 'mantap']	positive
['jam', 'malam', 'masalah', 'kendala', 'log', 'ini']	negative
['aplikasi', 'mudah', 'anak', 'muda', 'orangtua', 'fiturnya', 'lengkap', 'praktis', 'best', 'bintang']	positive
['verifikasi', 'wajah', 'sulit', 'deteksi', 'kedip', 'mata', 'mata', 'kedip', 'kedip', 'terus', 'kayak', 'orang', 'cacing']	negative
['wordr', 'leletlelet', 'loginrata', 'menit', 'batal', 'mengunakan', 'fitur', 'qris', 'aplikasi', 'bni', 'mobile', 'unggul', 'cepat', 'loginsaya', 'tinggal', 'bni', 'gaji', 'laba', 'bersih', 'trilyunan', 'tolong', 'benah', 'wondr']	neutral
['error', 'berat', 'enggak', 'kalimat', 'lapor', 'transaksi', 'kirim', 'enggak', 'fitur', 'terima', 'dana', 'qrisnya', 'kayak', 'bni', 'mobile', 'banking']	neutral
['sengaja', 'unduh', 'cima', 'promo', 'java', 'jazz', 'eror', 'buka', 'rekening', 'juka', 'eror']	negative
['mantap', 'pakai', 'wondr', 'by', 'bni', 'pakai', 'sms', 'banking', 'bni']	positive
['aplikasi', 'bagus']	positive
['jelek', 'transfer', 'ewallet', 'dana', 'lucu', 'saldo', 'endap', 'habis', 'loh', 'saldo', 'iur', 'bulan', 'kenapa', 'sekarang', 'saldo', 'endap', 'kalo', 'ubah', 'bijak', 'customer']	negative
['praktis', 'muda', 'dari', 'aplikasi', 'moga', 'cepat', 'lengkap', 'fitur', 'transaksi', 'mobile', 'tunai', 'dllaamiin']	positive
['aplikasi', 'bagus', 'susah', 'buka', 'pakai', 'bni', 'aplikasi', 'aplikasi', 'wondr', 'bni', 'susah', 'buka', 'kalau', 'transaksi', 'aplikasi', 'buka', 'pakai', 'aplikasi', 'bni', 'banking', 'kendala', 'semenjak', 'alih', 'wondr', 'banking', 'problem']	neutral
['sudah', 'bagus', 'app', 'wondr', 'ganti', 'bni', 'mbanking', 'ditambahin', 'fitur', 'mutasi', 'begitu', 'app', 'bni', 'mbanking', 'bantu', 'saldo', 'lihat', 'fitur', 'mutasi']	positive
['menginstal', 'aplikasi', 'aktivasinya', 'mudah', 'cepat', 'transaksi', 'lancar', 'suka', 'banget', 'aplikasi', 'wondr', 'by', 'bni']	positive
['bikin', 'sudah', 'masalah', 'mencoba', 'setor', 'tunai', 'ribu', 'mencoba', 'isi', 'pulsa', 'ribu', 'tibatiba', 'ribu', 'hilang', 'tf', 'ribu', 'riwayat', 'transaksi']	negative
['eror', 'transaksi', 'jam', 'gagal', 'buka', 'refrensi', 'usaha', 'gue', 'malas', 'benar', 'memakai', 'bni']	neutral
['apk', 'verifikasi', 'akun', 'selesai', 'terus', 'apk', 'masuk', 'ngisi', 'data', 'memang']	neutral
['membantusemu', 'cepat', 'mudah']	positive
['dowlodpas', 'diperbaruiminta', 'reset', 'ulangsuruh', 'isi', 'semuapaling', 'ngateli', 'suruh', 'kedip', 'matanejiancikmoto', 'nganti', 'pegelga', 'isokribet', 'cok']	negative
['mudah', 'simpel']	positive
['enggak', 'enak', 'pakai', 'apk', 'baru', 'enggak', 'lengkap', 'tf', 'dana', 'juta', 'enggak', 'bayar', 'pbb', 'enggak', 'aduh', 'ribet', 'banding', 'mbaking', 'gampang', 'bayar', 'mbangkin', 'bni', 'semenjak', 'pindah', 'wondr', 'enggak', 'kerja', 'tunda', 'nyesal', 'baru']	negative
['rekening', 'bni', 'nomor', 'hp', 'email', 'aktif', 'rekening', 'jalan', 'aplikasi', 'wondr', 'bikin', 'rekening', 'aplikasi']	positive
['transaksi', 'mudah', 'cepat']	positive
['aplikasi', 'keren', 'mudah']	positive
['wondr', 'bni', 'bantu', 'transaksi', 'ribet', 'cepat', 'mudah', 'kartu', 'debit', 'keblokirmantap', 'wondr', 'by', 'bni', 'jadikan', 'mau']	positive
['instal', 'wow', 'lumayan', 'keren', 'tampil', 'fitur', 'lengkap', 'mudah', 'perlu', 'transaksisejauh', 'lancar', 'lancar', 'moga']	positive
['masuk', 'notif', 'notif', 'uang', 'masuk', 'telat', 'kadang', 'laku', 'bisnis', 'nyaman', 'karena', 'langgan', 'transfer', 'dp', 'notif', 'histori', 'saldo', 'masuk', 'mudah', 'mudah', 'bank', 'belah', 'beli', 'pulsa', 'token', 'listrik', 'moga', 'tingkat', 'depan', 'langgan', 'tetap', 'betah', 'pakai']	neutral
['moga', 'depan', 'wondr', 'fitur', 'daily', 'login', 'login', 'dapat', 'ribu']	positive
['log', 'ini', 'menu', 'ssh', 'akses', 'ribet', 'enak', 'pakai', 'mobile', 'banking', 'kita', 'orang', 'bang', 'mobile', 'bnking', 'take', 'down']	negative
['mudah', 'cepat']	positive
['tampil', 'fresh', 'transaksi', 'lebib', 'cepat', 'mudaah', 'mudah', 'hidup']	positive
['scam', 'menarik', 'pakai', 'mobile', 'tunai', 'enggak', 'bise', 'cam', 'scamdi', 'atm', 'digit', 'kasih', 'digit', 'scam']	negative
['aplikasi', 'kacausetelah', 'transaksi', 'transfer', 'transfer', 'data', 'laporanya', 'langsung', 'muncul', 'selalu', 'hafal', 'saldo', 'terahir', 'tau', 'menambah', 'saldo', 'aplikasi', 'enggak', 'mutu', 'cepat', 'baik', 'sudah', 'enak', 'e', 'banking', 'ubah', 'gin']	negative
['enggak bisa', 'transaksi', 'tf', 'qris', 'apa', 'enggak bisa', 'saldo', 'jelek', 'banget']	negative
['wowbni', 'wonder', 'fitur', 'simpel', 'lengkap', 'prosesna', 'cepat']	positive
['aplikasi', 'buka']	positive
['tolong', 'kakenapa', 'aplikasih', 'baik', 'trussjadih', 'hambat', 'transaksikalau', 'ulang']	neutral
['bantu', 'dalam', 'transaksi']	positive
['nge', 'bug', 'mulu', 'alih', 'sudah', 'bagus', 'pakai', 'mbanking', 'ganti', 'sudah', 'begitu', 'nge', 'bug', 'mulu', 'sampah']	negative
['tingkat', 'layan']	positive
['mantab', 'bantu', 'banget', 'enggak', 'ribet']	positive
['lelet', 'kali', 'kalau', 'pakai', 'paket', 'data', 'buka', 'aplikasi', 'iya', 'tlong', 'baik', 'bos']	positive
['sumpah', 'bikin', 'kesal', 'aplikasi', 'jelek', 'pasword', 'hari', 'buka', 'mbanking', 'hp', 'buka', 'pasword', 'memasuki', 'pasword', 'salah', 'jengkel', 'aplikasi', 'gilir', 'butuh', 'tf', 'cepat', 'buka', 'aplikasi']	negative
['bantu', 'banget', 'top', 'up', 'ewallet', 'transfer', 'negeri']	positive
['aplikasi', 'lengkap', 'mobile', 'banking', 'buka', 'tapenas', 'bayar', 'ukt', 'belum', 'repot', 'mending', 'versi', 'mobile', 'banking']	neutral
['moga', 'manfaat', 'guna', 'akun', 'ku', 'daftar', 'enggak', 'buka', 'daftar', 'kali', 'akun', 'mohon', 'bantu', 'terimakasih']	positive
['aplikasi', 'busukkalau', 'troble', 'uninstal', 'bank', 'troble', 'jam', 'jamapa', 'kompensasi', 'rugi', 'bni', 'wondraplikasi', 'enggak', 'mutu']	negative
['bni', 'keren', 'wondr', 'mudah', 'nasabah', 'transaksi', 'mana', 'fiturfitur', 'baru']	positive
['mudah', 'bertransaksisering', 'lho', 'bayar', 'pajakdan', 'okee']	positive
['bintang', 'fitur', 'mohon', 'tingkat']	neutral
['transaksi', 'nyaman', 'mudah', 'dikases']	positive
['aplikasi', 'buka', 'susah', 'bagus', 'app', 'butuh', 'urgent', 'baik', 'lumayan']	negative
['tolong', 'dbantu', 'bleeng', 'apk', 'kalau', 'pakai', 'datatp', 'kalau', 'pakai', 'wifi', 'bisa', 'cepattlg', 'jelas']	negative
['mohon', 'baik', 'beli', 'token', 'listrik', 'transaksi', 'gagal', 'saldo', 'kurang', 'lapor', 'nomor', 'id', 'pel', 'sesuai', 'sesuai', 'kenapa', 'pakai', 'aplikasi', 'id', 'pel', 'nyadan', 'uang', 'saya', 'hilang', 'begitu', 'ajawalaupun', 'nominal', 'terus', 'rugi', 'mending', 'mbanking', 'sayang', 'sudah', 'enggak', 'pakai', 'beli']	negative
['aplikasi', 'tayang', 'bayar', 'tagih']	positive
['tampilannya', 'bagus', 'tolong', 'banyak', 'fitur', 'contoh', 'bayar', 'didik', 'tolong', 'tambah', 'pilih', 'tabung', 'taplus', 'muda', 'nasabah']	neutral
['kualitas', 'bagus', 'mohon', 'tingkat']	positive
['good', 'good', 'goodlebih', 'komplit', 'mudah', 'transakai', 'bayar', 'tagih', 'listrik', 'wifi', 'e', 'wallet', 'pakai', 'android', 'nfc', 'tapcash', 'langsung', 'upgrad', 'atm', 'tingkat', 'ya', 'kak', 'terimkasih', 'wondr']	positive
['simpel', 'mudah', 'aplikasi']	positive
['apk', 'membanu', 'mudah', 'transaksi']	positive
['menu', 'wondr', 'pilih', 'tarik', 'tunai', 'kartu', 'setor', 'tunai', 'kartu', 'suka', 'tarik', 'tunai', 'kartu', 'setor', 'tunai', 'kartu', 'mbanking', 'bni', 'kembang', 'sudahsudah']	neutral
['banyak', 'fitur', 'bni', 'mobile', 'adakan', 'cepat', 'pindahin', 'fitur']	neutral
['riwayat', 'transaksi', 'lengkap', 'aplikasi', 'bni', 'bni', 'download', 'pdf', 'wonder', 'lengkap', 'bintang', 'dulu', 'karena', 'tahap', 'kembang']	neutral
['aplikasi', 'error', 'enggak', 'ganti', 'password', 'login', 'gagal', 'login', 'password', 'salah', 'enggak', 'ganti', 'pin', 'digit', 'pin', 'gagal', 'pakai', 'verifikasi', 'wajah', 'susah', 'kalo', 'butuh', 'darurat', 'aplikasi', 'andal', 'bintang']	negative
['opsi', 'bantu', 'transaksi']	positive
['transaksi', 'gagal', 'uang', 'masuk', 'rekening', 'kocak', 'kalo', 'gagal', 'kembaliin', 'langsung', 'uang', 'transaksi', 'gagal', 'saldo', 'rekening', 'tetap', 'potong', 'sudah', 'uang', 'belum', 'bagaimana']	negative
['bni', 'sama', 'bengking', 'ganti', 'wondr', 'by', 'bni', 'egk', 'permutumau', 'masuk', 'poswoond', 'salah', 'muluahirnya', 'blokircoba', 'lupa', 'poswoond', 'fripikasi', 'wajah', 'egk', 'bisabikin', 'susah', 'nasaba', 'transaksi', 'ajakalau', 'belum', 'bikin', 'aplikasi', 'mending', 'sulit', 'nasaba']	negative
['kualitas', 'buruk', 'topup', 'ewalet', 'gagal', 'aplikasi', 'belum', 'lengkap', 'dengan', 'detail', 'sisa', 'saldo', 'transaksi']	negative
['lihat', 'bni', 'poin', 'bni', 'reward', 'poin', 'menu', 'kartu', 'kredit', 'tambah', 'notifikasi', 'dana', 'masuk']	neutral
['puas', 'pakai', 'aplikasi']	positive
['serius', 'bni', 'kayak', 'gin', 'transaksi', 'gagal', 'duit', 'reff', 'buset', 'bagaimana', 'cerita', 'tera', 'tim', 'baik', 'gin', 'gin', 'mohon', 'coba', 'trf', 'kali', 'begitu', 'bujed', 'dah', 'reff', 'lah', 'kck', 'menunggu', 'menit', 'trf', 'appan', 'kagak', 'reff', 'lucu', 'benar', 'deh', 'hdehh', 'bank', 'kalo', 'sudah', 'masalah', 'reff', 'jir', 'gandi', 'reff', 'kck']	neutral
['akurat', 'loding', 'bantu', 'moga', 'selalu', 'amin']	positive
['aplikasi', 'baru', 'bagus', 'fiturnya', 'baru', 'gampang', 'aplikasi']	positive
['sistem', 'buka', 'aplikasi', 'crash', 'sebab', 'lag', 'dasar', 'aplikasi', 'stabil', 'sebab', 'rugi', 'orang', 'transaksi', 'genting', 'tahap', 'kembang', 'paksa', 'luncur', 'aplikasi', 'pada']	negative
['aplikasi', 'lengkap', 'bagus', 'kendala', 'mobile', 'tunai', 'kirim', 'kode', 'otp', 'ambil', 'kartu', 'saran', 'baik', 'kendala', 'lebih', 'bagus']	positive
['menu', 'tarik', 'tunai', 'indomaret', 'minn']	negative
['pakai', 'bayar', 'didik', 'ui', 'universitas', 'worth', 'itu', 'mahasiswa', 'malas', 'antri', 'admin', 'karena', 'rame']	neutral
['bingung', 'isi', 'data', 'email', 'sistem', 'bilang', 'maaf', 'merefikasi', 'email', 'lebih', 'kapasitas', 'besok', 'besok', 'ulang', 'isi', 'email', 'besok', 'kirakira']	negative
['knapa', 'enggak', 'login', 'tulis', 'coba', 'coba', 'besok']	negative
['aplikasi', 'wonder', 'bni', 'enggak', 'tarik', 'tunai', 'kartu', 'fitur', 'setor', 'tunai', 'kartu', 'fitur', 'tarik', 'tunai', 'kartu', 'simple', 'cocok', 'anak', 'muda', 'bawa', 'kartu', 'mesin', 'atm']	negative
['terima', 'kasih', 'wondr', 'by', 'bni', 'mudah', 'transaksi']	positive
['aplikasi', 'benar', 'baik', 'promosiin', 'sudah', 'bni', 'mobile', 'enggak', 'buka', 'aplikasi', 'maintenance']	negative
['potong', 'adminya', 'saldo', 'ribu', 'ribu', 'saldo', 'habis', 'admin']	neutral
['mudah', 'praktis', 'wondr', 'bni']	positive
['aplikasi', 'eye', 'catching', 'nyaman', 'mata', 'tampil', 'bni', 'keren']	positive
['sebagai', 'nasabah', 'sd', 'sampai', 'sekarang', 'sudah', 'kerja', 'tahu', 'bulan', 'download', 'wondr', 'sebelumnya', 'pakai', 'mbanking', 'bni', 'reng', 'sama', 'fitur', 'wondr', 'lihat', 'mutasi', 'kalo', 'transaksi', 'pakai', 'app', 'wondr', 'kalo', 'transaksi', 'pakai', 'mbanking', 'mutasi', 'keluarmasuk', 'uang', 'masuk', 'mutasi', 'samsek', 'fitur', 'setortarik', 'tunai', 'kartu', 'tolong', 'upgrade', 'mengira', 'bagus', 'mbanking', 'mengadakan', 'notif', 'mutasi', 'uang', 'masukkeluar', 'buka', 'app']	neutral
['serba', 'gampang', 'wondr', 'tks', 'bni']	positive
['cepat', 'mudah', 'wondr', 'bni']	positive
['banget', 'error']	neutral
['harap', 'top', 'up', 'e', 'wallet', 'enggak', 'batas', 'nominal', 'transaksi', 'hari', 'karena', 'butuh', 'orang', 'beda', 'beda']	neutral
['iklan', 'fitur', 'bagus', 'rekap', 'pasu', 'keluar', 'fitur', 'akurat', 'data', 'sinkron', 'bni', 'mobile', 'tingkat', 'wondr']	neutral
['mantap', 'banget', 'sekarang', 'aplikasi', 'bni', 'wondr', 'mudah', 'trasaksi']	positive
['alih', 'mobile', 'banking', 'wondr', 'wondr', 'sulit', 'transaksi', 'jam', 'malam', 'fitur', 'deh', 'bagus', 'sygkn', 'transaksi', 'gagal', 'terus', 'transaksi', 'itu', 'jam', 'pagi', 'ini', 'belum', 'masuk', 'jam', 'iya', 'pindah', 'mobile', 'banking', 'sih']	negative
['moga', 'rincian', 'transaksi', 'kartu', 'kredit', 'tampil', 'transaksi', 'tagiannya', 'transaksi', 'saja', 'cicil', 'berapa', 'tampil', 'aplikasi', 'bni', 'credit', 'card']	positive
['enggak', 'top', 'up', 'dana', 'terang', 'dana', 'masalah', 'coba', 'pakai', 'mbanking', 'bank', 'laim', 'tolong', 'sistem', 'baik']	negative
['informasi', 'lengkaptidak', 'keterangancontoh', 'gaji', 'masuk', 'terang', 'gaji']	neutral
['aplikasi', 'mudah', 'fitur', 'top', 'up', 'ewallet', 'bayar', 'pakai', 'qris', 'bikin', 'aman', 'nyaman', 'transaksi', 'perban']	positive
['tambah', 'fitur', 'intip', 'saldo', 'login']	positive
['mantabz', 'aplikasi', 'semua', 'lancar']	positive
['semenjak', 'ganti', 'wondr', 'selancar', 'bni', 'mobile', 'banking', 'masak', 'transaksi', 'jam', 'trouble', 'terus', 'menu', 'hilang', 'setortarik', 'tunai', 'kartu', 'atm']	positive
['apk', 'saya', 'kendala', 'uang', 'saya', 'enggak', 'sampai', 'tolong', 'baik', 'benar', 'biar', 'saya', 'enggak', 'kecewa', 'saya', 'harus', 'bank', 'bni']	neutral
['bagusdan', 'fiturnya', 'sangat', 'bagus', 'mudah', 'fahami', 'cuman', 'minus', 'ganggu', 'moga', 'depa', 'lancar', 'koneksi']	positive
['bilang', 'kendala', 'bayar', 'urgent']	negative
['otp', 'email', 'lot', 'banget', 'masuk', 'masuk', 'sampai', 'tunggu', 'masuk', 'sudah', 'bahagia', 'setor', 'tunai', 'pakai', 'aplikasi', 'kalo', 'sepenuh', 'dimatengin', 'aplikasi', 'kayak', 'gin', 'menuhin', 'memori', 'hp', 'aplikasi', 'bni', 'mobile', 'wondr', 'by', 'bni', 'butuh', 'transaksi', 'kartu', 'setor', 'tunai', 'mudah', 'aplikasi', 'bni', 'mobilenya']	negative
['kagak', 'memperbaikin', 'systemjam', 'kerja', 'sibuk', 'baik', 'system', 'rubah', 'system', 'lihat', 'maintence']	negative
['lot', 'aplikasi', 'butuh', 'eror', 'bisa', 'dibukag', 'bantu', 'sama', 'sekali', 'aplikasi', 'inisuper', 'duper', 'lemottdk', 'bisa', 'ajak', 'kerja', 'butuh', 'butuh', 'bisa', 'buka', 'hem']	negative
['enggak tau', 'enggak jelas', 'aplikasi', 'suruh', 'verivikasi', 'data', 'transaksi', 'salah', 'pin', 'pin', 'sudah', 'benar', 'coba', 'kali', 'sudah', 'coba', 'apasih', 'enggak jelas', 'banget', 'dikit', 'akun', 'masalah']	negative
['fitur', 'dapat', 'tolong', 'kembali', 'menu', 'bayar', 'didik', 'universitas', 'hubung', 'menu', 'bayar', 'sedia', 'unuk', 'universitas', 'indonesia']	neutral
['bayar', 'asuransi', 'teliti', 'dulu', 'orang', 'sudah', 'lunas', 'asuransi', 'tagih']	neutral
['enggak jelas', 'banget', 'nih', 'aplikasi', 'orang', 'transaksi', 'masuk', 'apk', 'susah', 'banget', 'sudah', 'menunggu', 'jam', 'baik', 'fitur', 'banget']	negative
['butuh', 'signal']	neutral
['mobile', 'tunai']	positive
['install', 'wondr']	positive
['ribet', 'login', 'verifikasi', 'ulang', 'enak', 'pakai', 'bni', 'mbanking']	negative
['review', 'jujur', 'aplikasi', 'lengkap', 'lengkap', 'bni', 'mobile', 'wondr', 'enggak', 'menu', 'tarik', 'tunai', 'kartu', 'lot', 'tampil', 'tarik', 'mohon', 'tingkat', 'karena', 'lebgkap', 'bni', 'mobile']	negative
['buka', 'pagi', 'muncul', 'kendali', 'tim', 'baik', 'silakan', 'coba', 'kendala', 'dedikit', 'hari', 'bagaimana', 'kalo', 'kendala']	negative
['aplikasi', 'sudah', 'bagus', 'simpel', 'kini', 'interfacenya', 'sudah', 'keren', 'lengkap', 'fiturny', 'banding', 'mbanking', 'sudah', 'coba', 'kali', 'kali', 'aktifin', 'login', 'biometrik', 'gagal', 'sampai', 'halaman', 'tuju', 'enggak', 'susah', 'login', 'mesti', 'memasuki', 'password']	neutral
['ganggu']	negative
['atur', 'notifikasi', 'aktif', 'atur', 'hp', 'ijinkanuang', 'keluar', 'uang', 'masuk', 'notifny', 'enggak', 'masuk', 'emailsekelas', 'shopee', 'pemberitahuannya', 'masukdan', 'apk', 'bank', 'transaksi', 'masuk', 'emailcuma', 'apk', 'wonder', 'enggak', 'adatolong', 'notif', 'karena', 'enggak', 'tau', 'informasi', 'saldo', 'saldo', 'masuk']	negative
['alhamdulillah', 'bantu', 'bisnis', 'transaksi', 'bintang', 'kasih']	positive
['lambat', 'buka', 'rugi', 'saat', 'cepat', 'transaksi']	neutral
['aplikasi', 'belum', 'paksa', 'launcing', 'alhasil', 'ngelagnya', 'menu', 'dalam', 'masih', 'sempurna']	negative
['mantap', 'lancar', 'trx']	positive
['daftar', 'mudah', 'simple', 'cepat', 'fitur', 'aplikasi', 'lengkap', 'bni', 'mobile']	neutral
['menu', 'saldo', 'pinjam', 'bni', 'flexi', 'bni', 'mobile', 'mudah', 'penting', 'lapor', 'lhkpn', 'wondr', 'effort', 'lapor', 'bank', 'transaksi', 'autodebet', 'bayar', 'cicil', 'kredit', 'flexy', 'muncul', 'mutasi', 'rekening', 'rekening', 'tabung', 'muncul', 'bni', 'mobile', 'banking']	neutral
['puas', 'pakai', 'wondr', 'by', 'bni', 'sjrng', 'mending', 'lamaini', 'tf', 'enggak', 'masuk', 'saldo', 'kurang', 'inu', 'sbnr', 'bagaimana', 'sihmalhan', 'semngkin', 'ribet', 'rasaudah', 'begitu', 'gguan', 'terus', 'cepat', 'lambat']	negative
['update', 'oktober', 'aplikasi', 'susah', 'buka', 'maaf', 'ganggu', 'kendala', 'kali', 'login', 'aplikasi', 'banget', 'kak', 'terus', 'muncul', 'notice', 'kendala', 'tim', 'baik', 'yuk', 'coba', 'kak', 'harus', 'coba', 'ulang', 'kali', 'kalo', 'tunggu', 'buka', 'coba', 'unistall', 'install', 'tetap', 'update', 'aplikasi', 'lancar', 'cepat', 'akses']	negative
['aplikasi', 'bagus', 'mbanking', 'mudah', 'dalam', 'operasionalnyasaat', 'verifkasi', 'wajah', 'harus', 'ulang', 'ulang', 'padahal', 'terang', 'cahaya', 'kirim', 'kode', 'otp', 'begitu', 'terima', 'masuk', 'sudah', 'laku', 'hadeh']	neutral
['loading', 'mulu', 'log', 'ini', 'susah', 'fransaksi', 'susah', 'feature', 'downfrade', 'mobile', 'banking', 'bni', 'sebelumnya', 'tari', 'tunaik', 'mobile', 'enggak', 'bumn', 'enggak', 'heran']	neutral
['maaf', 'bni', 'kan', 'dulu', 'bni', 'mobile', 'karena', 'buka', 'rekening', 'kantor', 'resmi', 'simpan', 'gaji', 'remun', 'kamu', 'tolong', 'kalo', 'kayak', 'beginian', 'resmi', 'kantor', 'main', 'suruh', 'ganti', 'aplikasimaaf', 'yamaksudnya', 'biar', 'guna', 'aplikasinyatrims']	negative
['payah', 'fitur', 'tarik', 'tunai', 'kartu', 'aplikasi', 'sudah', 'pakai', 'ribet']	negative
['kasih', 'bintang', 'tolong', 'baik', 'aplikasi', 'min', 'kode', 'otp', 'verifikasi', 'email', 'moga', 'baik', 'pakai', 'bni', 'mobile', 'banking', 'terima', 'kode', 'otp', 'email', 'input', 'notif', 'memasuki', 'kode', 'verifikasi', 'salah', 'ulang', 'notif', 'tqvm']	negative
['apk', 'bagus', 'banget']	positive
['cepat', 'transaksi']	positive
['tampil', 'keren', 'user', 'friendly', 'banget', 'mudah', 'betransaksi', 'histori', 'transaksi', 'menu', 'insight', 'tarik', 'pasu', 'keluar', 'pokok', 'keren']	positive
['bantu', 'mudah', 'transaksi', 'wondr']	positive
['kok', 'enggak', 'tampil', 'qris', 'rekening', 'tampil', 'qris', 'bayar', 'orang', 'transfer', 'mengetik', 'no', 'rekening', 'maaf', 'kasih', 'bintang', 'kalo', 'deh', 'tampil', 'qris', 'kasih']	neutral
['terimakasih', 'wondr', 'apk', 'baru', 'rincian', 'ya', 'promo', 'ya', 'baik', 'pokok', 'ya', 'jaya', 'terus', 'bank', 'bni']	positive
['menu', 'pinjam', 'kpr', 'jalan', 'cek', 'aplikasi', 'moga', 'depan', 'tambah', 'aplikasi']	neutral
['tolong', 'update', 'fitur', 'beli', 'saldo', 'ojol', 'langsung', 'aplikasi', 'wondrdan', 'lahitu', 'lahribetintinya', 'beli', 'saldo', 'langsung', 'potong', 'saldo', 'efektif', 'aplikasi', 'wondr', 'kalo', 'fitur', 'tambah', 'bintang', 'deh']	negative
['tf', 'rekening', 'kok', 'apk', 'kenapa', 'ya']	neutral
['tari', 'kartu', 'otp', 'sms', 'by', 'wa', 'karena', 'kuota', 'lebih', 'pakai', 'daripada', 'pulsa']	positive
['keren', 'banget', 'aplikasinyalebih', 'cepat', 'mudahbanyak', 'promonya', 'lagilope', 'banget', 'sama', 'wondr', 'by', 'bni']	positive
['aplikasi', 'kadang', 'susah', 'bukaentah', 'jaring', 'kartu', 'memang', 'salah', 'aplikasi', 'nyatapi', 'pakai', 'wifi', 'gampang', 'buka']	neutral
['wondr', 'by', 'bni', 'super', 'aplikasi', 'biasalebih', 'mudah', 'praktis']	positive
['aplikasi', 'ku', 'kali', 'tampil', 'ganti', 'hp', 'suruh', 'isi', 'data', 'data', 'tinggal', 'login', 'begitu', 'contoh', 'seabank', 'seabank', 'ganti', 'hp', 'tinggal', 'login', 'suruh', 'isiisi', 'data', 'akun', 'ganti', 'hp', 'tinggal', 'login', 'begitu', 'aplikasi', 'aplikasi', 'dahulu', 'tim', 'developer', 'bagaimana', 'aplikasi', 'kayak', 'gin', 'aplikasi', 'jelek']	negative
['aplikasi', 'susah', 'sih', 'verifikasi', 'wajah', 'kedip', 'mata', 'singkat', 'banget', 'niat', 'sih', 'bikin', 'aplikasi']	negative
['bayar', 'listrik', 'suruh', 'masuk', 'id', 'langgan', 'digit', 'id', 'langgan', 'aneh', 'aplikasi', 'enggak', 'kayak', 'bni', 'mobile']	negative
['biasa', 'tampil', 'tulis', 'ukur', 'huruf', 'ngeblur', 'tampil', 'huruf', 'angka', 'transaksi', 'contoh', 'isi', 'pulsa', 'sulit', 'guna', 'mata', 'plus', 'baca']	neutral
['apk', 'bagus']	positive
['mudah', 'transaksi']	positive
['berat', 'aplikasi', 'nya']	neutral
['mudah', 'cepat']	positive
['design', 'tampil', 'segar', 'mudah', 'transaksi', 'notifikasi', 'transaksi', 'uang', 'masuk', 'realtime', 'terimakasih', 'bni', 'warna', 'alam', 'barumaju', 'bank', 'bni']	positive
['bagus', 'bantu', 'mudah']	positive
['upgrade', 'login', 'fitur', 'sedia', 'coba', 'aneh', 'ulang', 'coba', 'masih', 'aplikasi', 'trsupport', 'sistem', 'bagus', 'lebih', 'banyak', 'kendala', 'login', 'mohon', 'baik', 'memudahkn', 'customer', 'bni', 'thx']	negative
['bagus', 'nyaman']	positive
['verifikasi', 'wajah', 'gagal', 'suruh', 'kedip', 'mata', 'deteksi', 'coba', 'kali', 'kali', 'coba', 'kasih', 'mudah', 'verifikasi', 'kasih', 'verifikasi', 'mudah', 'akun']	negative
['cepat', 'transaksi']	positive
['ribet', 'bayar', 'harus', 'bagi', 'bni', 'mbanking', 'wondr', 'jadi', 'biar', 'mudah', 'costomer', 'terima', 'kasih']	neutral
['aplikasi', 'transaksi', 'force', 'close', 'mohon']	neutral
['aktif', 'fasilitas', 'bni', 'mobile', 'wondr', 'belum', 'jalan', 'susah', 'karena', 'transaksi', 'beli', 'token', 'listrik']	neutral
['bagus', 'transaksi', 'mudah']	positive
['belanja', 'mudah', 'aman']	positive
['gagal', 'login', 'sudah', 'nyaman', 'pakai', 'bni', 'mobile', 'wondr', 'tolong', 'nonaktif', 'bni', 'mobile', 'min', 'pakai', 'bni', 'mobile', 'nyaman', 'mudah', 'pakai', 'karena', 'orang', 'pakai', 'hp', 'mahal', 'login', 'mudah', 'bagaimana', 'nasib', 'orang', 'pakai', 'hp', 'jadul', 'tolong', 'paham', 'min']	negative
['keren', 'aplikasi', 'bni', 'repot', 'mengurusi', 'pin', 'blok']	positive
['bantu', 'muas']	positive
['sudah', 'bagus', 'tarik', 'tunai', 'tinggal', 'setor', 'gaperlu', 'pakai', 'sms', 'otp', 'makan', 'biaya']	positive
['susah', 'login', 'aktif', 'sidik', 'jari', 'masuk', 'password', 'pin', 'login', 'terkadang', 'sidik', 'jari', 'aktif', 'tangan', 'basah', 'lupa', 'password', 'repot', 'repot', 'sedia', 'ktp', 'verifikasi', 'saran', 'metode', 'login', 'biometrik', 'passwordpin']	neutral
['turun', 'bintangtolong', 'fitur', 'tarik', 'tunai', 'kartu', 'atm', 'bantu', 'lupa', 'kartu', 'kartu', 'atm', 'blokir', 'tolong', 'perhati', 'fitur', 'bantu', 'sudah', 'fitur', 'cocok', 'bintang', 'sekarang', 'masih', 'bintang']	neutral
['verifikasi', 'wajah', 'susah', 'sih', 'kedip', 'sudah', 'kedip', 'sampai', 'gel', 'tetap', 'enggak']	neutral
['simpel', 'tarik', 'tunai', 'aplikasi', 'enggak']	positive
['bantu', 'trimakasih']	positive
['kok', 'log', 'ini', 'padahal', 'registrasi', 'bank', 'pulang', 'buka', 'aplikasi', 'nydata', 'wifi', 'bagus', 'padahal', 'memori', 'hp', 'okmohon', 'tunjuk', 'nygx', 'log', 'ini', 'boro', 'cek', 'saldo', 'transaksi', 'buka', 'susah']	neutral
['bantu', 'dalam', 'proses', 'trnsaksinya']	positive
['apk', 'banyak', 'transaksi', 'bikin', 'malu', 'ubah', 'signifikan']	negative
['sudah', 'kali', 'transaksi', 'pakai', 'wondr', 'bagus', 'lancar', 'transaksi', 'mudah', 'bayar', 'ecommerce']	positive
['lelet', 'mati', 'buka', 'aplikasi', 'tolong', 'bugnya']	negative
['notif', 'ulang', 'sesi', 'coba', 'bank', 'baik', 'fitur', 'baik', 'ratingnya', 'internet', 'bagus', 'salahkan', 'internet']	negative
['tampil', 'mantap', 'mudah', 'erti', 'cepat', 'mudah', 'transaksi', 'pokok', 'mantap', 'aplikasi', 'wondr', 'bni']	positive
['bug', 'masuk', 'muncul', 'syarat', 'terus', 'emosi', 'aplikasi']	negative
['memakai', 'verifikasi', 'ulang']	negative
['ganggu', 'buka', 'apl', 'buka']	neutral
['jelek', 'poin', 'bni', 'sama', 'banking', 'muncul', 'akumulasi', 'wondr']	neutral
['aplikasi', 'sudah', 'bagus', 'simpel', 'kini', 'interfacenya', 'sudah', 'keren', 'lengkap', 'fiturny', 'banding', 'mbanking', 'sudah', 'coba', 'kali', 'kali', 'aktifin', 'login', 'biometrik', 'gagal', 'sampai', 'halaman', 'tuju', 'enggak', 'susah', 'login', 'mesti', 'memasuki', 'password']	neutral
['easy']	positive
['moga', 'depan', 'tingkat', 'fiturnya', 'ubah', 'cicil', 'kartu', 'kredit']	positive
['fastquick', 'penggunaanya', 'mudah', 'kemarin', 'coba', 'bayar', 'pln', 'wondr', 'cepat', 'banget', 'beda', 'bank', 'belah']	positive
['wondr', 'enggak', 'menu', 'aktivasi', 'kartu', 'debit', 'negeri']	positive
['tolong', 'apknya', 'knapa', 'suka', 'login', 'close', 'terusmana', 'gin', 'malemmau', 'transaksi', 'tolong', 'fixs', 'ganggu', 'banget', 'gin']	negative
['aplikasi', 'transaksi', 'kartu', 'tolong', 'mudah', 'tarik', 'tunai', 'kartu', 'atm']	neutral
['transaksi', 'saldo']	positive
['buka', 'login', 'lot', 'fitur', 'terima', 'dana']	neutral
['tq', 'windr', 'bni', 'dengan', 'aplikasi', 'mudah', 'transaksi']	positive
['mudah', 'terima', 'kasih']	positive
['bintang', 'deskripsi', 'transaksi', 'minim', 'mundur', 'versi', 'bni', 'mobile', 'banking', 'rincian', 'transaksi', 'masuk', 'mohon', 'developer', 'ubah', 'feature', 'rincian', 'transaksi', 'enggak', 'sumber', 'kas', 'masuk', 'uang', 'masuk', 'deskripsi', 'perlu', 'sumber', 'repot', 'bertanya', 'transfer', 'uang', 'uang', 'transaksi']	neutral
['app', 'inimasih', 'kurangsalah', 'informasi', 'keluar', 'tampil', 'sisa', 'saldo']	neutral
['kendala', 'bayar', 'qris', 'ambil', 'gambar', 'galeri', 'bayar', 'qris', 'samsung', 'a', 'sisa', 'memori', 'gb', 'operator', 'telkomsel', 'lokasi', 'diri', 'kota', 'jaring', 'versi', 'aplikasi', 'baru', 'tolong', 'baik', 'kendala', 'mudah', 'bayar', 'qriss']	neutral
['kok', 'setor', 'tunai', 'wondr', 'min', 'tarik', 'tunai', 'doang', 'wondr', 'mengadakan', 'ding', 'setor', 'tunai']	neutral
['aplikasi', 'bingung', 'tadi', 'beli', 'token', 'listrik', 'nomor', 'tokennya', 'enggak', 'langsung', 'tampil', 'kesal', 'mohon', 'perhati', 'bni']	neutral
['kok', 'banget', 'update', 'updatenya', 'ganggu', 'tf', 'enggak', 'eror', 'hduh']	negative
['kali', 'coba', 'sesuai', 'arah', 'gagal', 'arah', 'kantor', 'dekat', 'hape', 'banking', 'bni', 'ribet', 'banget', 'menyusahkan', 'nasabah', 'pikir', 'tutup', 'rekening', 'gegara']	negative
['aplikasi', 'bantu', 'mudah', 'transaksi', 'ribet', 'jamin', 'aman']	positive
['aneh', 'banget', 'sudah', 'bikin', 'akun', 'sudah', 'hasil', 'login', 'pas', 'salah', 'sudah', 'benar', 'terus', 'menu', 'buat', 'akun', 'memang', 'apk', 'enggak', 'nyediain', 'akun', 'fitur', 'login', 'apa', 'sudah', 'akun', 'buka', 'aplikasi', 'aduh', 'langsung', 'bikin', 'akun']	negative
['saran', 'estatement', 'bulan', 'dong', 'karena', 'mutasi', 'rekening', 'wondr', 'bulan', 'estatement', 'bulan', 'moga', 'lengkap', 'fiturnya']	positive
['aplikasi', 'bank', 'digital', 'bagus', 'banget', 'kalang', 'anak', 'muda']	positive
['bantu', 'transaksi', 'non', 'tunai', 'mutasi', 'sedia', 'perinci']	positive
['mudah', 'cepat']	positive
['bagus', 'sekalindak', 'ribet']	positive
['bantu', 'dprbaharui', 'aplikasiny', 'karena', 'blkangan', 'aplikasiny', 'eror', 'transaksi', 'itu', 'ksulitan', 'jdiny']	neutral
['proses', 'kasih', 'bintang', 'sudah', 'proses', 'approve']	negative
['mudah', 'bantu', 'banget']	positive
['transfer', 'hasil', 'wonder', 'saldo', 'masuk', 'rekening', 'yang', 'transfer', 'bagaimana', 'min']	neutral
['kasih', 'banget', 'notif', 'sesi', 'login', 'padahal', 'login', 'enak', 'pakai', 'bni', 'mobile', 'banking']	neutral
['fitur', 'pinjamanjumlah', 'pinjam', 'seperti', 'aplikasi', 'lengkap', 'aplikasi', 'moga', 'baharu', 'dengan', 'fitur', 'pinjam']	positive
['bantu', 'mudah', 'transaksi']	positive
['bagus', 'lengkap', 'fiturnya']	positive
['alhamdulillah', 'lancar', 'lancar', 'pakai', 'wondr', 'by', 'bni']	positive
['aplikasi', 'bantu', 'mudah', 'nasabah', 'transaksi', 'masuk', 'developer', 'rincian', 'transaksi', 'jelas', 'transaksi', 'bank', 'konvensional', 'nama', 'kirim', 'cantum', 'bingung', 'transaksi', 'masuk', 'bni', 'mobile', 'banking', 'terima', 'kasih']	neutral
['aplikasi', 'bagus', 'notif', 'transaksi', 'cepat', 'banget', 'cuman', 'keluh', 'bapakibuk', 'dev', 'aplikasi', 'crash', 'buka', 'stuck', 'logo', 'mohon', 'kenan', 'baik', 'ibuk', 'terimakasih']	neutral
['bantu']	positive
['verifikasi', 'wajah', 'gagal', 'enggak', 'sebab', 'tolong']	neutral
['update', 'enggak', 'buka', 'why']	neutral
['suka', 'bni', 'mobile', 'banking', 'ganti', 'aplikasi', 'baik', 'wondr', 'lengkap', 'bni', 'mobile', 'banking', 'user', 'friendly', 'bni', 'mobile', 'banking']	negative
['sudah', 'buka', 'buka', 'tolong', 'baik']	negative
['ganti', 'aplikasi', 'bikin', 'lancar', 'transaksi', 'eror', 'eror', 'masak', 'ganti', 'sandi', 'login', 'hasil', 'sandi', 'transaksi', 'ganti', 'ganti', 'sandi', 'transaksi', 'sandi', 'logis', 'aplikasi', 'aneh']	negative
['simple', 'cepat']	positive
['mantap', 'aplikasi', 'paket', 'komplit', 'mudah', 'tampil', 'fresh', 'transaksi', 'oke', 'fitur', 'lengkap']	positive
['apk', 'masuk', 'stuck', 'layar', 'wonder', 'kalo', 'apk', 'maksimal', 'mengapai', 'sih', 'ganti', 'apk', 'sgala']	negative
['buruk', 'log', 'ini', 'foto', 'ktp', 'mending', 'kalo', 'scan', 'wajah', 'mah', 'oke', 'ribet', 'banget', 'kayak', 'daftar', 'pinjol']	negative
['bilang', 'minimal', 'android', 'bilang', 'minimal', 'ram', 'tetap', 'android', 'ram', 'support', 'aplikasi', 'wondr', 'buka', 'aplikasi', 'suruh', 'rekening', 'mulu', 'sudah', 'rekening']	negative
['kode', 'otp', 'lot', 'banget', 'masuk', 'kode', 'kode', 'kedaluwarsa', 'masuk', 'tolong', 'baik', 'sistem']	negative
['eksplor', 'adakan', 'baik']	neutral
['ada', 'kontak', 'buku', 'rekening', 'transferuntuk', 'mudah', 'akses', 'transfer', 'bank', 'dunia']	neutral
['mohon', 'maaf', 'bayar', 'muncul', 'transaksi', 'hasil', 'mohon', 'maaf', 'harap', 'bantu', 'baik', 'bayar', 'utbk', 'snpmb', 'proses', 'gagal']	neutral
['mudah', 'yatapi', 'update', 'data', 'pribadi', 'kantor', 'bni', 'sayang', 'sekaliaku', 'itu', 'mudah', 'daftar', 'bank', 'online', 'begitu']	neutral
['bagus', 'aplikasi', 'rincian', 'transaksi', 'tau', 'sisa', 'saldo', 'transaksi']	neutral
['install', 'daftar', 'beres', 'hasil', 'logout', 'aplikasi', 'coba', 'login', 'halaman', 'tuju', 'guna', 'aplikasi', 'daftar', 'dicentangin', 'notif', 'sesi', 'selesai', 'instruksi', 'login', 'aplikasi', 'halaman', 'login', 'halaman', 'daftar', 'mobile', 'banking', 'pakai', 'wondr', 'ribet']	neutral
['mantap', 'nih', 'lancar']	positive
['rilis', 'maintenance', 'nasabah', 'bank', 'paksa', 'install', 'aplikasi', 'susah', 'bayar', 'aplikasi', 'ganggu', 'ampas']	negative
['lumayan', 'feature', 'lengkap', 'bni', 'mobil', 'informasi', 'rek', 'tabung', 'pinjam']	positive
['dikit', 'limit', 'tbtb', 'transaksi', 'tulis', 'jam', 'transfer', 'juta', 'mobile', 'banking', 'buruk', 'wonder', 'bni', 'sungguh', 'kecewa', 'saldo', 'nyangkut', 'jam', 'putar', 'pindah', 'nasabah']	negative
['kemarin', 'transfer', 'qris', 'gagal', 'kali', 'saldo', 'kurang', 'sudah', 'hubung', 'email', 'sudah', 'ikut', 'tetap', 'saldo', 'kembali', 'kecewa', 'mbanking', 'banget', 'ganggu']	negative
['aplikasi', 'penipuanaplikasinya', 'bagus', 'beli', 'pulsasaya', 'kali', 'isi', 'pulsa', 'transaksi', 'hasil', 'saldo', 'terpotongnamun', 'pulsa', 'masuk', 'aplikasi', 'coba', 'baik', 'aplikasi', 'mukalau', 'aplikasi', 'saing', 'aplikasi', 'lainharus', 'aplikasi', 'publish', 'karena', 'rugi', 'guna']	negative
['bagus', 'tambah', 'fitur']	positive
['aga', 'pusing', 'wonder', 'tuh', 'enak', 'mobile', 'sih', 'kayak', 'transaksi', 'terus', 'verivikasi', 'coba', 'verivikasi', 'kantor', 'cabang', 'pusing', 'banget']	negative
['bagus', 'pakai', 'bni', 'mobile', 'banking', 'menu', 'wnder', 'bikin', 'bingung', 'beli', 'token', 'listrik', 'input', 'idpel', 'kalau', 'mob', 'banking', 'sudah', 'option', 'safe', 'favorit']	neutral
['aplikasi', 'mudah', 'erti', 'mudah', 'akses']	positive
['transfer', 'bank', 'susah', 'jls', 'pindah', 'wondr', 'mending', 'pakai', 'apk', 'bni']	negative
['bagus', 'top', 'up', 'ewallet', 'nominal', 'batas', 'menu', 'tarik', 'tunai', 'kartu']	neutral
['mantul', 'aplikasi', 'mudah', 'erti', 'history', 'completed']	positive
['banyak', 'layan', 'tersediaa', 'tim', 'baik', 'sudah', 'begitu', 'terus', 'terus', 'bagaimana', 'fiturnya', 'sedia', 'terus', 'sudah', 'dihapusin', 'semuaa', 'tetap', 'saja', 'astagfirullah', 'sudah', 'hubung', 'bni', 'respon', 'sekali']	negative
['app', 'enggak', 'install', 'app', 'karena', 'ribet', 'deh', 'sekarang', 'deh', 'praktis', 'mudah', 'banget', 'transaksi']	positive
['banget', 'error', 'qris', 'jam', 'error', 'transaksi']	negative
['aplikasi', 'bagusmudah', 'ribet']	positive
['aplikasi', 'bagus', 'manfaat']	positive
['riwayat', 'transaksi', 'transaksi', 'transaksi', 'masuk', 'mutasi', 'notifikasi', 'benah']	negative
['jujur', 'bantu', 'hadir', 'aplk', 'wondr', 'by', 'bni', 'izin', 'saran', 'kepada', 'ahli', 'itu', 'bni', 'dapt', 'tingkat', 'forma', 'meminimalisir', 'ganggu', 'aplk', 'tanggal', 'nov', 'kecewa', 'aplk', 'pasal', 'pagi', 'malam', 'aplk', 'wondr', 'by', 'bni', 'alami', 'ganggu', 'mmbuat', 'laku', 'transaksi', 'tolong', 'bag', 'itu', 'gerak', 'cepat', 'ganggu', 'seperti', 'aplk', 'wodr', 'by', 'bni']	neutral
['jelek', 'kendala', 'transisi', 'sih', 'transisi', 'baik', 'customer', 'butuh', 'banget', 'transaksi']	negative
['semenjak', 'baharu', 'susah', 'buka', 'apk', 'loadingnya', 'banget', 'jaring', 'bagus', 'apk', 'buka', 'cuman', 'wondr', 'by', 'bni', 'loadingnya', 'banget', 'bagus', 'dipakai', 'mudah', 'fleksibel', 'login', 'bayar', 'qris', 'baharu', 'kayak', 'gin', 'apk', 'susah', 'buka']	neutral
['ringkas', 'cepat', 'sayang', 'transfer', 'bang', 'mode', 'bifast', 'aplikasi', 'bantu', 'terima', 'kasih']	neutral
['manfaat']	positive
['bantu', 'aplikasi', 'mudah', 'mantaapp', 'wondr']	positive
['enak', 'aplikasi', 'wondr', 'cuaca', 'mendung', 'dikit', 'susah', 'log', 'ini']	neutral
['mohon', 'update', 'tingkat', 'setor', 'tarik', 'tunai', 'terap']	positive
['fitur', 'lengkap', 'kalah', 'bni', 'mobile', 'banking']	neutral
['terimakasih', 'bantu']	positive
['suka', 'bikin', 'mudah', 'segalnya']	positive
['kenapa', 'instal', 'apk', 'daftar', 'apk', 'data', 'hilang', 'masuk', 'dari']	neutral
['kecewa', 'bni', 'wonder', 'buka', 'bantu', 'kantor', 'dekat', 'transaksi', 'katornya', 'buang', 'buang']	neutral
['tarik', 'trx', 'mudah']	positive
['bagus', 'cepat']	positive
['kasih', 'bintang', 'dulusemoga', 'segara', 'update', 'proses', 'tarik', 'tunai', 'cepat', 'masuk', 'pemberitahuan', 'transaksi', 'transaksi', 'kali', 'saji', 'saldo', 'saldo', 'saldo', 'masuk', 'moga']	neutral
['mudah', 'guna']	positive
['aplikasi', 'wondr', 'simpel', 'edukasi', 'menu', 'muncul', 'kayak', 'karena', 'transisi', 'lengkap', 'aplikasi', 'bni', 'mobile', 'hapus', 'tugas', 'menu', 'masuk', 'wondr', 'moga']	positive
['bni', 'mobile', 'upgrade', 'wondr', 'bnikata', 'enggak', 'bangmemang', 'daftarin', 'teman', 'bisatpi', 'daftar', 'akun', 'enggak']	neutral
['bagus', 'aplikasi', 'detail', 'transaksi', 'trasparan', 'tampil', 'saldo', 'transaksi', 'penuh', 'ragu', 'tidak', 'nyaman', 'semoga', 'ubah']	negative
['suka', 'wondr', 'terang', 'berita', 'enggak', 'muncul', 'rincian', 'transaksi']	neutral
['tampil', 'modern', 'tarik', 'simple', 'quick', 'accessnya', 'baik', 'kait', 'update', 'saldo', 'trx', 'bank', 'lanjut', 'fitur', 'sedia', 'mbank']	positive
['mudah', 'transaksi']	positive
['qris', 'enggak', 'dipakai', 'scan', 'pakai', 'aplikasi', 'aman', 'koneksi', 'internet', 'aman', 'enggak', 'gelap', 'aneh', 'banget']	negative
['apk', 'enggak', 'mutu', 'login', 'susah', 'banget', 'register', 'ulang', 'error', 'bagaimana', 'apk', 'pokok', 'burung', 'banding', 'apk', 'lai', 'maaf', 'mengasih', 'bibtang', 'itu', 'paksa']	negative
['aplika', 'cepat', 'lambat', 'qres', 'cepat', 'langsung', 'pakai', 'pin', 'next', 'tingkatin', 'fiturnya']	positive
['wondr', 'benar', 'bantu', 'mudah', 'transaksi', 'fiturnya', 'lengkap', 'gampang', 'paham']	positive
['jelek', 'bagus', 'sanggup', 'casback', 'langgan', 'mending', 'mengadakan', 'promo', 'saldo', 'tarik', 'tunai', 'bayar', 'pakai', 'qris', 'enggak bisa', 'uang', 'endap', 'wondr', 'bni']	neutral
['cepat', 'mudah']	positive
['transfer', 'bayar', 'akulaku', 'playlater']	neutral
['tampil', 'beda', 'cepat', 'aplikasi']	positive
['aplikasi', 'keren', 'siudah', 'fitur', 'bagusmudah', 'cepat', 'banget', 'top', 'up', 'nyajadi', 'praktis', 'bawa', 'mana', 'pakai', 'aplikasi', 'thank', 'you']	positive
['isi', 'sandi', 'aplikasi', 'simpan', 'sandi', 'bitwarden', 'aplikasi', 'mobile', 'bni']	negative
['histori', 'transaksi', 'baru', 'terupdate', 'banding', 'apps', 'bni', 'mobile', 'apps', 'terupdate', 'transaksi', 'tolong', 'fix', 'bug']	neutral
['kemarin', 'saldo', 'ribu', 'hilang', 'ribu', 'tf', 'gagal', 'enggak', 'rekening', 'sudah', 'kali', 'transfer', 'via', 'qris', 'hasil', 'masuk', 'rekening', 'teman', 'pikir', 'tf', 'aplikasi', 'takut', 'nominal', 'masuk', 'hilang', 'uang']	negative
['catat', 'tarik', 'tunai', 'kartu', 'sebal', 'pulsa', 'otp', 'kayak', 'baca', 'bri', 'simpel', 'no', 'hp', 'kode', 'tarik', 'tunai', 'masak', 'bni', 'kalah', 'bions', 'bsi', 'tiru', 'baca', 'bri', 'otp', 'pakai', 'pulsa', 'estatement', 'masak', 'kasih', 'download', 'kasih', 'biar', 'mudah', 'track', 'uang', 'masuk', 'contoh', 'baca', 'bri', 'sih', 'saran', 'lebih', 'sudah', 'oke', 'tampil', 'simpel', 'enggak', 'menu', 'aneh', 'aneh']	neutral
['cepat', 'mudah', 'nyaman']	positive
['aplikasi', 'wondr', 'by', 'bni', 'tarik', 'tampil', 'mudah', 'bantu', 'butuh', 'transaksi', 'hari', 'proses', 'cepat', 'pakai']	positive
['tau', 'notif', 'sidik', 'jari', 'aktif', 'sudah', 'pencet', 'lupa', 'password', 'eh', 'halaman', 'bagus', 'aplikasi']	neutral
['mudah', 'transaksi']	positive
['bagus', 'mudah', 'transaksi']	positive
['fiturx', 'manfaat']	positive
['bayar', 'admin']	positive
['buruk', 'enggak', 'aplikasi', 'sama', 'dikit', 'ganguan', 'terus']	neutral
['aplikasi', 'data', 'transfer', 'masuk', 'detail', 'aplikasi', 'detail', 'banget', 'data', 'transfer', 'bayar', 'transfer', 'detail', 'saran', 'buat', 'detail', 'aplikasi', 'biar', 'guna', 'transfer', 'masuk']	positive
['bingung', 'transfer', 'dana', 'batas', 'nominal']	neutral
['tolong', 'baik', 'aplikasi', 'henti', 'enggak', 'buka']	negative
['wondr', 'menu', 'bayar', 'kuliah', 'universitas', 'beda', 'aplikasi', 'pilih', 'universitas']	negative
['mudah', 'transaksi']	positive
['transaksi', 'gagal', 'saldo', 'potong', 'status', 'gagal', 'gila', 'sih']	negative
['first', 'time', 'pakai', 'wondr', 'by', 'bni', 'transaksi', 'kayak', 'delay', 'begitu', 'transfer', 'cek', 'wondr', 'belum', 'masuk', 'cek', 'mutasi', 'enggak', 'coba', 'cek', 'pakai', 'atm', 'uang', 'transfer', 'masuk', 'besok', 'terus', 'guna', 'pakai', 'mbanking', 'enggak', 'cek', 'langsung', 'hp', 'coba', 'cek', 'cek', 'min']	negative
['bagus', 'aplikasi', 'mudah', 'aplikasi', 'buka']	positive
['wonderku', 'enggak', 'pilih', 'setor', 'tunai', 'tarik', 'tunai']	neutral
['bantu', 'pakai', 'ribetpuas', 'top', 'aplikasi', 'wondrnya']	positive
['sulit', 'daftar', 'bagaimana', 'karena', 'posisi', 'negeri', 'pegang', 'ktp', 'indonesia', 'sayasolusi', 'karena', 'butuh', 'bangking', 'transaksi']	neutral
['transaksi', 'cepat', 'mudah', 'nyaman']	positive
['kendala', 'data', 'hongkong', 'aplikasi', 'wondr', 'gampang', 'pakai', 'pengin', 'pakai', 'wondr']	positive
['bagaimana', 'enggak', 'transaksi', 'baik', 'mulu', 'sudah', 'baik', 'coba']	neutral
['praktis', 'menu', 'simpel', 'banget', 'colorfull', 'suka', 'banget']	positive
['keren', 'minus', 'layan', 'topup', 'ewalet', 'sedia']	positive
['era', 'digital', 'aplikasi', 'bagus', 'manfaat']	positive
['bagus', 'mudah', 'transaksi']	positive
['pilih', 'agreement', 'kotak', 'mau', 'pilih', 'kotak', 'terima', 'iklan', 'promosi', 'dll', 'login', 'kocak', 'wajib', 'terima', 'iklan', 'lengkap', 'bni', 'mobile', 'daripada']	negative
['terimakasih', 'manfaat', 'inovasi', 'terobos', 'tampil', 'mudah', 'people', 'indonesia']	positive
['membantutapi', 'tolong', 'potong', 'potong', 'tekor', 'orang', 'kayak', 'orang', 'orang', 'serba', 'mohon', 'pengertianya', 'bantu', 'orang', 'sayapaham', 'bni']	positive
['mantap', 'aplikasi', 'ribet', 'maka']	positive
['ribed', 'pakai', 'bni', 'tarik', 'pakai', 'notip', 'sms', 'sales', 'asuransi', 'makasa', 'tawar', 'asuransi', 'tolak', 'sifat', 'paksa']	negative
['login', 'isi', 'syarat', 'tentu', 'sesi', 'enggak', 'loginaplikasi', 'mantap']	neutral
['bug', 'login', 'aplikasi', 'masuk', 'aplikasi', 'terang', 'syarat', 'tentu', 'terus', 'checklist', 'muncul', 'sesi', 'silah', 'login', 'terus', 'mohon', 'fix', 'user', 'nyaman', 'aplikasi']	neutral
['transfer', 'bni', 'mobile', 'catat', 'transaksi', 'masuk', 'wonder', 'saldo', 'tambah', 'tingkat', 'catat', 'masuk', 'transfer', 'biar', 'cepat', 'baca', 'wonder']	neutral
['aplikasi', 'berat', 'buka', 'buffering', 'beli', 'token', 'via', 'wonder', 'terang', 'traksaksi', 'gagal', 'gagal', 'sampai', 'kali', 'check', 'saldo', 'potong', 'gilir', 'lapor', 'cs', 'susah', 'nyambungnya', 'bebas', 'pulsa', 'menyambung', 'cs', 'mengira', 'langsung', 'refund', 'saldo', 'cuman', 'buat', 'lapor', 'menunggu', 'pengembalianya', 'kerja', 'gilir', 'kerja', 'dibalikin', 'bentuk', 'token', 'transaksi', 'gagal']	negative
['mudah', 'transaksi', 'uang']	positive
['aplikasi', 'kerenbisa', 'reset', 'pin', 'atm', 'lupa', 'blokir', 'pin', 'atm', 'nyatidak', 'bank', 'ketemuin', 'cso', 'nyawow', 'cengang']	positive
['bagus', 'sekali', 'apk', 'wondrs']	positive
['lengkap', 'fiturnya', 'mudah', 'transaksi']	positive
['bagus', 'tingkat', 'kwalitas', 'mbanking']	positive
['wonder', 'bni', 'loading', 'masuk', 'bangeut', 'lot']	negative
['mantap', 'sangatt', 'mudah', 'bantu']	positive
['bagus', 'mudah']	positive
['bagaimana', 'login', 'sampai', 'jam', 'enggak bisa', 'stak', 'logo', 'wonder', 'sekali', 'kali', 'ku', 'hapus', 'mencari', 'sinyal', 'bagus', 'sudah', 'ku', 'logout', 'tetap', 'kayak', 'mulu', 'bagaimana', 'tolong', 'baik']	neutral
['lengkap', 'fiturnyabisa', 'atur', 'catat', 'giat', 'keluar', 'pasu', 'simple', 'penggunaanyabanyak', 'promo', 'transaksinyageneralist', 'a', 'surabaya']	positive
['mkasih', 'lebih', 'simpel', 'senang']	positive
['saran', 'tolong', 'aktifin', 'kartu', 'debit', 'fisik', 'aplikasi', 'kantor', 'cabang', 'orang', 'sibuk', 'bank', 'sudah', 'aktifin', 'kartu', 'aplikasi', 'tolong', 'baik', 'bank', 'bni', 'terimakasih']	neutral
['enak', 'pakai', 'aplikasi', 'bni', 'aplikasi', 'wondr', 'tolong', 'lengkap', 'fitur', 'tarik', 'tunai', 'setor', 'tunai', 'butuh', 'transaksi', 'kartu']	neutral
['kasih', 'rating', 'log', 'out', 'daftar', 'ulang', 'ktp', 'verifikasi', 'muka', 'kali', 'log', 'ini', 'aplikasi', 'eror', 'fitur', 'ribet', 'tolong', 'developer', 'baik']	negative
['susah', 'banget', 'ya', 'ganti', 'password', 'ajahh', 'ngulang', 'ktp', 'terus', 'verifikasi', 'wajah', 'loadingnya', 'lama', 'banget', 'kaya', 'sudah', 'menunggu', 'bilang', 'gagal', 'sudah', 'ngulang', 'bisa', 'masuk']	negative
['deh', 'pakai', 'wondr', 'bni', 'ganti', 'hp', 'hp', 'masuk', 'gagal', 'terang', 'masuk', 'kreteria', 'wondr', 'begitu', 'deh', 'berapa', 'kali', 'coba', 'tetap', 'gagal', 'solusi']	neutral
['tolong', 'verifikasi', 'wajah', 'baik']	negative
['kesini', 'parah', 'bniapa', 'aplikasi', 'wondr', 'inibanyak', 'transaksi', 'gagal', 'saldo', 'auto', 'potong', 'bikin', 'lapor', 'butuh', 'kerja', 'pulih', 'kecewa', 'tolong', 'tutup', 'aplikasi', 'wondr', 'rugi', 'bikin', 'traumah']	negative
['aplikasi', 'bantu', 'mudah', 'transaksi', 'mana', 'jadi', 'praktis', 'ribet', 'buka', 'aplikasi', 'beli', 'token', 'listrik', 'pulsa', 'lainlain']	positive
['transaksi', 'kartu', 'bnicall', 'respon']	negative
['download', 'kemarin', 'aplikasi', 'login', 'keluar', 'syarat', 'tentu', 'centang', 'halaman']	negative
['bagus', 'mantap', 'transaksi']	positive
['download', 'terus', 'sistem', 'eror', 'terus', 'kirim', 'bagaimana', 'solusi', 'kirim', 'shopee', 'kenapa', 'eror']	negative
['bantu', 'baik']	positive
['bagus', 'pakai', 'aplikasi', 'wondr', 'tibatiba', 'pin', 'masuk', 'salah', 'suruh', 'verifikasi', 'ganti', 'pin', 'eh', 'masuk', 'password', 'login', 'wondr', 'bni', 'verifikasi', 'mutar', 'mutar', 'begitu', 'sampai', 'terang', 'verifikasi', 'pakai', 'ulang', 'kali', 'besok', 'coba', 'ya']	negative
['kode', 'otp', 'tarik', 'tunai', 'muncul']	positive
['login', 'restart', 'mengira', 'update', 'lancar', 'masih', 'lot', 'moga']	neutral
['cepat', 'mudah', 'canggih', 'keren']	positive
['berat', 'pajak', 'kena', 'rp', 'kosong', 'saldo', 'kena', 'pajak']	positive
['mudah', 'cepat']	positive
['transaksi', 'cepat', 'mudah']	positive
['apk', 'lengkap', 'virtual', 'account', 'susah', 'transaksi', 'kali']	negative
['bagus', 'pakai', 'bni', 'mobile', 'banking', 'alih', 'paket', 'aplikasi', 'log', 'ini', 'bni', 'mobile', 'paket', 'fingerprint', 'mesti', 'pakai', 'sandi', 'praktis', 'pakai', 'fingerprint', 'dong', 'transaksi', 'hari', 'mesti', 'atur', 'manual', 'bni', 'mobile', 'otomatis']	negative
['transfer', 'bri', 'link', 'kali', 'baca', 'dana', 'masuk', 'wonder', 'bnibagaimana', 'nih']	neutral
['wondr', 'by', 'bni', 'keren', 'bantu', 'transaksi', 'mudah', 'cepat', 'sagat', 'utuk', 'pakai', 'rugi', 'mengunakannya', 'aplikasi', 'bagus', 'bang', 'at', 'asli', 'keren']	neutral
['tingkat', 'update', 'aplikasi', 'wonder']	positive
['daftar', 'nama', 'wali', 'maksimal', 'huruf', 'daftar', 'wali', 'nama', 'saat', 'coba', 'pakai', 'data', 'wali', 'tunggu', 'esok', 'jelek']	negative
['lot', 'banget', 'beda', 'sama', 'mbangkingmohon', 'baik', 'biar', 'loading', 'terusbuat', 'transaksi', 'loading']	negative
['bni', 'mbanking', 'dulu', 'fitur', 'mobile', 'tunai', 'tarik', 'tunai', 'kartu', 'atm', 'wondr', 'enggak ada', 'fitur', 'fitur', 'karena', 'bantu', 'banget']	neutral
['proses', 'ulang']	negative
['jaring', 'oktransaksi', 'lancar']	positive
['bagaimana', 'sih', 'nih', 'aplikasi', 'masuk', 'lodingnya', 'banget', 'ngebug', 'banget', 'transaksi', 'masukke', 'aplikasi', 'bikin', 'emosi', 'pecah', 'nih', 'hp', 'gua']	negative
['aplikasi', 'kecewa', 'masak', 'download', 'cs', 'kalo', 'transaksi', 'nungu', 'xjam', 'gilir', 'coba', 'tf', 'eh', 'suruh', 'cs', 'verifikasi', 'tambah', 'wes', 'kali', 'cs', 'keluh', 'kayak', 'gin']	negative
['aplikasi', 'bagaimana', 'minsetiap', 'masuk', 'errormalah', 'masuk', 'suruh', 'verifikasi', 'lagikatanya', 'sandi', 'ku', 'salah', 'transaksi', 'sandi', 'jugamau', 'log', 'ini', 'verifikasi', 'masuk', 'no', 'hp', 'foto', 'ktp', 'foto', 'selfi', 'gilakkita', 'situ', 'lihat', 'uang', 'pinjam', 'uangmobile', 'banking', 'mudah', 'min', 'sulit', 'sistem', 'perbankantolong', 'baik', 'sistem']	negative
['aplikasi', 'wondr', 'format', 'paswordnya', 'sama', 'aplikasi', 'bni', 'hafal', 'pasword', 'sudah', 'kali', 'ting', 'ulang', 'paswordnya', 'wondr', 'pakai', 'aplikasi', 'bni']	neutral
['muas', 'hasil', 'daftar', 'garagara', 'verivikasi', 'wajah', 'gagal', 'sudah', 'nyobak', 'ungkal', 'gagal', 'sudah', 'kayak', 'pinjol', 'hasil', 'nol', 'deh', 'langsung', 'uninstall']	negative
['download', 'sudah', 'login', 'aplikasi', 'login', 'tombol', 'login', 'pencet', 'arah', 'langsung', 'fitur', 'daftar', 'ulang', 'aneehh']	negative
['sih', 'kow', 'tibatiba', 'suruh', 'login', 'gilir', 'login', 'sesi', 'sedia', 'malas', 'enak', 'apl', 'bni', 'mobile', 'timbang', 'wondr', 'by', 'bni', 'mah']	negative
['mudah', 'sesuai', 'butuh']	positive
['transaksi', 'gagal', 'saldo', 'kurang']	negative
['sudah', 'download', 'wondr', 'nasabah', 'bni', 'sudah', 'tahun', 'stop', 'ganti', 'kartu', 'atm', 'mesti', 'bawa', 'buku', 'tabung', 'sudah', 'dijelasin', 'kalo', 'buku', 'hilang', 'buka', 'rekening', 'sih', 'buku', 'tabung', 'era', 'paperless', 'kartu', 'kenal', 'lengkap', 'mobile', 'banking', 'wajib', 'buku', 'tabung', 'layan', 'buruk', 'oernah', 'terima kasih', 'bni', 'tahun', 'bye']	negative
['tolong', 'aplikasi', 'baik', 'dalam', 'proses', 'tingkat', 'system', 'dll', 'kadang', 'butuh', 'angkat', 'karena', 'urgent', 'menunggu', 'karena', 'baik', 'tingkat', 'dll', 'gila', 'menunggu', 'tolong', 'next', 'perhati', 'sering', 'proses', 'tingkat', 'system', 'trimaksih']	neutral
['moga', 'jaya', 'bni', 'mudah', 'transsaksi']	positive
['handphone', 'loginnya', 'kadang', 'dadak', 'butuh', 'qris', 'tf', 'sampai', 'menunggu', 'kadang', 'enak', 'jual', 'ojek']	negative
['aplikasi', 'simpel', 'simpel', 'enggak', 'lengkap', 'tambahkan', 'fitur', 'vcn']	negative
['apk', 'enggak bisa', 'buka', 'kayak', 'gin', 'sudah', 'refresh', 'sudah', 'uninstal', 'download', 'enggak bisa', 'buka', 'kayak', 'tahi', 'orang', 'urgen', 'gin']	neutral
['transfer', 'hasil', 'wonder', 'saldo', 'masuk', 'rekening', 'yang', 'transfer', 'bagaimana', 'min']	neutral
['kurang', 'informasi', 'terang', 'transaksi', 'livin', 'bni', 'mobile']	negative
['sumpah', 'ya', 'login', 'banget', 'sudah', 'menit', 'login', 'heran']	negative
['depan', 'usul', 'menu', 'aktivasi', 'rekening', 'dormant', 'mana', 'teller', 'terima', 'kasih']	positive
['cepat', 'mudah', 'aman']	positive
['sumpah', 'gua', 'error', 'mulu', 'tf', 'tulis', 'transaksi', 'hasil', 'hadeh', 'enggak', 'banget', 'baik', 'min', 'bingung', 'tf', 'orang']	negative
['wondr', 'bayar', 'utbk', 'pakai', 'sudah', 'coba', 'kali', 'mohon', 'baik']	neutral
['kak', 'bagaimana', 'top', 'up', 'diwondr', 'bni', 'lebih', 'juta', 'enggak', 'top', 'up', 'e', 'wallet', 'juta', 'trf', 'virtual', 'account', 'enggak', 'juta', 'lebih', 'limit']	negative
['dear', 'admin', 'apk', 'login', 'akses', 'mentok', 'logo', 'paksa', 'donlod', 'apk', 'bni', 'mobile', 'mohon', 'baik', 'terima', 'kasih']	positive
['enggak', 'login', 'tahun', 'usia', 'tahun', 'enggak', 'login', 'terus', 'plis']	negative
['tau', 'notif', 'sidik', 'jari', 'aktif', 'sudah', 'pencet', 'lupa', 'password', 'eh', 'halaman', 'bagus', 'aplikasi']	neutral
['enggak bisa', 'bayar', 'didik', 'fiturnya', 'interface', 'lancar', 'sudah', 'bagus', 'banget']	neutral
['ganggu', 'yas']	neutral
['duluuntuk', 'bayar', 'virtual', 'acaunt', 'selalu', 'gagalpadahal', 'pakai', 'data', 'iyapake', 'wifi', 'iyaslalu', 'gagal']	neutral
['maaf', 'kasih', 'bintang', 'karena', 'status', 'transaksi', 'kasih', 'terang', 'keluar', 'bayar', 'biaya', 'admin', 'bulan', 'guna', 'aplikasi', 'uang', 'potong', 'otomatis']	negative
['kemarin', 'guna', 'brimo', 'setiap', 'transaksi', 'mesin', 'atm', 'aplnya', 'masuk', 'notif', 'bukti', 'sekarang', 'alih', 'bni', 'ternyta', 'aplkasinya', 'banyak', 'dari', 'notif', 'masuk', 'transaksi', 'dari', 'sms', 'email', 'wondr']	negative
['aplikasi', 'mudah', 'bertrasaksi']	positive
['verifikasi', 'email', 'gagal', 'terus', 'yad', 'capai', 'batas', 'suruh', 'coba', 'besok', 'tetap']	positive
['aplikasi', 'transaksi', 'force', 'close', 'mohon']	neutral
['verifikasi', 'wajah', 'lalau', 'gagal', 'coba', 'sesuai', 'ketentuantatacara', 'ambil', 'verifikasi', 'muka', 'aplikasi', 'inisaya', 'coba', 'kali', 'gagal', 'uninstal', 'aplikasi', 'mutu']	negative
['kasussering', 'error']	negative
['alhamdulillah', 'sudah', 'fiturnya']	positive
['bagus', 'appnya', 'cepat', 'dari', 'app', 'sebelumnya', 'fiturnya', 'mas', 'lengkap', 'app', 'tolong', 'lengkap', 'fiturnya', 'salah', 'satu', 'tarik', 'tunai']	positive
['buka', 'rekening', 'ocr', 'ktp', 'kena', 'overlay', 'no', 'tlpn', 'daftar', 'memang', 'daftar', 'daftar']	negative
['susah', 'aplikasi', 'daptar', 'susah', 'mintak', 'ampunudah', 'lankah', 'kedip', 'mata', 'sudah', 'suruh', 'ulang']	negative
['aplikasi', 'bagus', 'buka', 'rekening', 'nasabah', 'milik', 'rekening', 'bni']	positive
['bagus', 'bni', 'mobile', 'wonder', 'tarik', 'tunai', 'atm', 'vitur', 'belum', 'lengkap', 'terus', 'sandi', 'gede', 'banget', 'angka', 'mudah', 'orang', 'sandi', 'transaksi']	negative
['pagi', 'coba', 'daftar', 'pakai', 'bni', 'wondr', 'isi', 'selesai', 'isi', 'profil', 'begitulah', 'sengaja', 'aplikasi', 'masuk', 'muluk', 'tuju', 'sudah', 'install', 'ulang', 'app', 'takut', 'salah', 'daftar', 'customer', 'servis', 'daftar']	positive
['aplikasi', 'bantu', 'dalam', 'transaksi']	positive
['saldo', 'tahi', 'transaksi', 'gagal']	positive
['aplikasi', 'bagus', 'transaksi', 'cepat', 'simple', 'tampil', 'colourfull']	positive
['terimakasih', 'pelayananyabni', 'baik']	positive
['cetak', 'kartu', 'gagal', 'coba', 'masih', 'kendala', 'notifikasi', 'kirim', 'kartu', 'fisik', 'hasil', 'proses', 'kendala', 'sistem', 'mohon', 'coba', 'masih', 'seperti']	negative
['transaksi', 'error', 'terus', 'ada', 'notif', 'kendala', 'sila', 'coba', 'coba', 'enggak', 'mulu']	negative
['deh', 'pakai', 'wondr', 'bni', 'ganti', 'hp', 'hp', 'masuk', 'gagal', 'terang', 'masuk', 'kreteria', 'wondr', 'begitu', 'deh', 'berapa', 'kali', 'coba', 'tetap', 'gagal', 'solusi']	neutral
['tampil', 'bagus', 'mbanking', 'riwayat', 'detail', 'sederhana', 'mbaking']	negative
['keren', 'mudah', 'transaksi']	positive
['suka', 'apk', 'ya', 'mmuaskan', 'lebih', 'nyaman', 'pakai', 'bni', 'mobile', 'password', 'loginnya', 'gilir', 'tf', 'salah', 'pin', 'ya', 'sudah', 'ganti', 'pin', 'login', 'ulang', 'malah', 'salahpdhl', 'sudah', 'benermembagongkan']	neutral
['mudah', 'transaksi']	positive
['aplikasi', 'dipublish', 'kocak', 'enggak', 'aplikasi', 'tingkat', 'aplikasi', 'lumayan', 'oke', 'hadehh']	negative
['lancar', 'urus', 'mudah']	positive
['ribet', 'rumit', 'bikin', 'pusing', 'bikin', 'emosi', 'trnsaksi', 'update', 'gagal', 'terusgk', 'sederhana', 'mobile', 'banking']	negative
['bantu', 'beraktifitas']	positive
['jujur', 'kecewa', 'kali', 'aplikasi', 'verifikasi', 'hasil', 'kecewa', 'sandi', 'login', 'mending', 'pakai', 'sama', 'banking', 'enggak', 'ribett']	negative
['tampil', 'bagus', 'mudah']	positive
['aplikasi', 'bni', 'mobile', 'banking', 'mudah', 'guna', 'qris', 'logintinggal', 'scantampilan', 'tarik']	positive
['buka', 'blokir', 'atm', 'manual', 'menyarankan', 'donlot', 'wondr', 'eh', 'ternyata', 'kendala', 'daftar', 'foto', 'wajah', 'mohon', 'baik', 'guna', 'nih', 'apk']	negative
['aplikasi', 'jelek', 'baik', 'mulu', 'sumpah']	negative
['mantap', 'baru', 'jaga', 'data', 'aman']	positive
['mudah', 'teransaksi', 'mantap', 'dah']	positive
['apk', 'bagus', 'bantu', 'mudah', 'anehin', 'kesel', 'sampai', 'bbrapa', 'kali', 'verivikasi', 'ulang', 'sampai', 'bosan', 'masalah', 'pin', 'wondr', 'sudah', 'ganti', 'bbrapa', 'kali', 'sudah', 'verifikasi', 'login', 'memasuki', 'password', 'eh', 'enggak', 'sesuai', 'password', 'verifikasi', 'kali', 'menyebalkan', 'sudah', 'bbrapa', 'kali', 'verifikasi', 'hasil', 'verifikasi', 'hasil', 'pakai', 'transaksi']	neutral
['masuk', 'aplikasi', 'muncul', 'tampil', 'suruh', 'tuju', 'login', 'tinggal', 'loginmohon', 'baik', 'cepat', 'trimakasih']	neutral
['ui', 'tarik', 'nyaman', 'coba', 'jalan', 'fitur', 'dalam', 'aplikasi', 'moga', 'fitur', 'setortarik', 'tunai', 'adakan', 'aplikasi', 'wondr', 'by', 'bni', 'initerima', 'kasih']	positive
['tampil', 'cantik', 'tarik', 'mohon', 'maaf', 'fiturnya', 'lengkap', 'tampil', 'informasi', 'terang', 'mutasi', 'transaksi', 'masuk', 'terang', 'catat', 'terang', 'transfer', 'aplikasi', 'bni']	neutral
['aplikasi', 'sudah', 'daftar', 'gagal', 'verifikasi']	negative
['gagal', 'transfer', 'uang', 'banget', 'kendala', 'lelet', 'kayak', 'kesel', 'uji', 'esmosi', 'pakai', 'apk', 'tunggu', 'apk', 'benarbenar', 'apk', 'kendala', 'atas', 'uninstall', 'tunggu']	neutral
['best', 'banget', 'wondr', 'by', 'bni', 'transaksi', 'mudah', 'cepat']	positive
['ribet', 'pindah', 'mobile', 'bni', 'wonder', 'pakai', 'scan', 'scan', 'usernya', 'saran', 'pindah', 'apk', 'bni', 'wondr', 'mesti', 'tinggal', 'pakai', 'kode', 'refrensi', 'bisa', 'konfirmasi', 'ulang', 'scan', 'scan', 'dokumen', 'ulang']	negative
['tampil', 'fresh', 'mudah', 'paham', 'fitur', 'ewalet', 'kendala', 'kendala', 'sistem', 'tolong', 'baik']	neutral
['transaksi', 'ganggu', 'loading', 'banget', 'terus', 'fitur', 'sedikit', 'guna', 'lebih', 'enak', 'nyaman', 'pakai', 'mbanking', 'ya']	negative
['kecewa', 'wonder', 'aku', 'uninstal', 'bayar', 'kuliah', 'download', 'susah', 'login', 'verifikasi', 'ulang', 'terus']	negative
['verifikasi', 'email', 'gagal', 'mencoba', 'kali', 'sudah', 'memasuki', 'otp', 'sesuai', 'email', 'tetap', 'notifnya', 'verifikasi', 'gagal', 'harap', 'verifikasi', 'email', 'lawak', 'banget']	negative
['mohon', 'izin', 'enggak', 'buka', 'aplikasi', 'enggak', 'masuk', 'check', 'saldo', 'enggak', 'tulis', 'baik', 'siang']	negative
['ewallet', 'pakai', 'tup', 'up', 'tolong', 'bikin', 'fitur', 'uang', 'itu', 'benar']	negative
['maksud', 'bagaimana', 'aplikasi', 'bni', 'mobil', 'ganti', 'aktif', 'semuakok', 'aplikasibukannya', 'simple', 'pindah', 'aplikasi']	neutral
['wajah', 'versi', 'moga']	positive
['aplikasi', 'bagus', 'mobile', 'tunai', 'wifi', 'lelet', 'muter', 'muter']	positive
['keri', 'pakai', 'apk', 'uang', 'potong', 'masuk', 'bank', 'tuju', 'telepon', 'cc', 'pulsa', 'minimal', 'ribu', 'proses', 'kerja', 'uang', 'paspasan', 'ngeri']	negative
['top', 'up', 'e', 'wallet', 'batas', 'hari', 'mending', 'batas', 'top', 'up']	neutral
['kalo', 'tarik', 'setor', 'tunai', 'kartu', 'pulsa', 'langsung', 'kasih', 'bintang', 'tolong', 'riwayat', 'transaksi', 'bni', 'mobile', 'biar', 'rinci']	neutral
['bantu', 'ringan', 'urus']	positive
['enggak tau', 'enak', 'pakai', 'banget', 'lemotperbaikan', 'menggangu', 'transaksi']	negative
['enggak', 'ribet', 'beberapa', 'detik', 'clear']	positive
['aktif', 'fitur', 'biometrik', 'error', 'trsmohon', 'baik', 'guna', 'nasabah', 'nyaman', 'apps', 'mondr', 'by', 'bni']	neutral
['bagus', 'gampang', 'ui', 'easy', 'tapi', 'use', 'opsi']	positive
['menu', 'pilih', 'aplikasi', 'pangkas', 'lengkap', 'kayak', 'tarik', 'tunai', 'kartu', 'atm', 'lupa', 'bawa', 'dompet', 'tolong', 'menu', 'tarik', 'uang', 'kartu', 'atm', 'tambah', 'menu', 'fitur', 'aplikasi', 'bni', 'aplikasi', 'fiturnya']	neutral
['update', 'enggak', 'buka', 'why']	neutral
['cepat']	positive
['aplikasi', 'masalah', 'alami', 'baik', 'baik', 'pakai', 'qris', 'malumaluin', 'beli', 'makan', 'makan', 'sudah', 'siap', 'bayar', 'qris', 'enggak bisa', 'baik', 'malu', 'soksokan', 'mbanking', 'bagus']	negative
['wonder', 'by', 'bni', 'aplikasi', 'baik', 'bantu']	positive
['cepat']	positive
['mudah', 'transaksi']	positive
['bagus']	positive
['transaksi', 'lancar', 'menu', 'pokok']	positive
['eror', 'bagaimana', 'gua', 'transaksi', 'orang', 'masuk', 'masuk', 'saldo', 'gua', 'kali', 'ganti', 'sldo', 'gua', 'ganti', 'ganti', 'saldo', 'gua', 'sudah', 'kpotong', 'saldo', 'gua', 'krim', 'krim', 'krim']	neutral
['qris', 'transaksi', 'mudah']	positive
['cepat', 'mantap']	positive
['wujud', 'tin', 'wishlist', 'ken', 'libur', 'kota', 'berkat', 'pakai', 'fitur', 'life', 'goals', 'nabung', 'berangkat', 'libur']	positive
['diupdate', 'baik', 'transaksi', 'mohon', 'cepat', 'maintanancenya']	negative
['aplikasi', 'jeleklemotsusah', 'loginmasih', 'enak', 'apkikasi', 'bni', 'mobile', 'banking']	negative
['suka', 'sih', 'tampil', 'oke', 'fitur', 'keren', 'transaksi', 'cepat', 'keren', 'wondr', 'by', 'bni', 'sukses', 'bni']	positive
['transaksi', 'mobile', 'tunai', 'tarik', 'tunai', 'tolong', 'kode', 'otp', 'via', 'wa', 'jaman', 'guna', 'smartphone', 'pesan', 'singkat', 'sms', 'terimakasih']	neutral
['maksud', 'bagaimana', 'aplikasi', 'bni', 'mobil', 'ganti', 'aktif', 'semuakok', 'aplikasibukannya', 'simple', 'pindah', 'aplikasi']	neutral
['aplikasi', 'mudah', 'simpel', 'mula', 'bingungkeren']	positive
['ribet', 'mudah', 'login']	positive
['duh', 'saldo', 'banyak', 'susah', 'transfer', 'dana', 'rekening']	neutral
['transfer', 'uang', 'tulis', 'transfer', 'hasil', 'notifikasi', 'tulis', 'transfer', 'terima', 'riwayat', 'transfer', 'hasil', 'saldo', 'kurang', 'aplikasi', 'aneh']	negative
['aplikasi', 'mudah', 'mudah', 'transaksi']	positive
['terkadang', 'nominal', 'saldo', 'sesuai', 'delay', 'hitung', 'nomilan', 'saldo', 'harap', 'cepat', 'baik', 'terima', 'kasih']	neutral
['dengan', 'banding', 'bni', 'mobile', 'banking', 'suka', 'pakai', 'bni', 'mobile', 'banking', 'wondr', 'by', 'bni', 'lengkap', 'transaksi', 'muncul', 'terang', 'notecatatan', 'transaksi', 'transaksi', 'sebab', 'sulit', 'lacak', 'transaksi', 'catat', 'bayar', 'pasir', 'dam', 'beli', 'batako', 'lunas', 'pcs', 'dst', 'terang', 'transaksi', 'serta', 'saldo', 'rurut', 'sesuai', 'masuk', 'dana', 'saldo']	neutral
['verifikasi', 'wajah', 'susah', 'ampun', 'suruh', 'tengok', 'kaya', 'aplikasi', 'diam']	negative
['close', 'daftar', 'ulang', 'baik', 'bug', 'min', 'tq']	neutral
['aplikasi', 'sungguh', 'bantu', 'terimakasih', 'wondr']	neutral
['sistem', 'bagus', 'bug', 'eror', 'transaksi', 'cepat', 'praktis']	positive
['tambah', 'beberapa', 'menu', 'belum', 'cardless', 'setor', 'tunai', 'belum', 'terima', 'transfer', 'pakai', 'qris', 'ayo', 'bumn', 'kalah', 'swasta']	neutral
['tolong', 'kakenapa', 'aplikasih', 'baik', 'trussjadih', 'hambat', 'transaksikalau', 'ulang']	neutral
['mohon', 'developer', 'fiturnya', 'perinci', 'riwayat', 'dana', 'masuk', 'dana', 'sharedownload', 'notif', 'masuk', 'dengan', 'nominal', 'nol', 'hingga', 'mohon', 'modern', 'simpel', 'followup', 'tks']	neutral
['mantap', 'tingkat', 'biar', 'top', 'of', 'the', 'top']	positive
['bagus', 'bni', 'mobile', 'wondr', 'bybni', 'aplikasi', 'kendala', 'baik', 'enggak', 'masuk']	neutral
['semenjak', 'update', 'login', 'app']	neutral
['bagusdan', 'cepatwoous']	positive
['jelek', 'kali', 'wondr', 'by', 'bni', 'enggak', 'butuh', 'alas', 'baik', 'tolong', 'depan', 'baik', 'kendala', 'gin', 'terus', 'sering', 'enggak', 'auto', 'pindak', 'bank']	negative
['layan', 'verifikasi', 'wajah', 'jelek', 'berkalikali', 'verifikasi', 'habis', 'ikut', 'tunjuk', 'kocak', 'aplikasi', 'bni']	negative
['fitur', 'tarik', 'tunai', 'kartu', 'menu', 'didik', 'bayar', 'ukt', 'opsi', 'universitas', 'ubah', 'universitas', 'indonesia', 'mohon', 'baik']	neutral
['transaksi', 'cpat', 'gampang']	positive
['aplikasi', 'lengkap', 'lihat', 'transaksi', 'autodebit', 'perbaurui']	neutral
['bagussemoga', 'keren']	positive
['aplikasi', 'sudah', 'bagus', 'tolong', 'tambahkansediakan', 'menu', 'lu', 'hapus', 'riwayat', 'transaksi', 'uang', 'keluar', 'ataw', 'masuk']	positive
['verifikasi', 'email', 'gagal', 'alas', 'salah', 'kode', 'kirim', 'sudah', 'benar', 'enggak tau', 'salah', 'sistem', 'bagaimana', 'mohon', 'baik']	neutral
['banyak', 'baik', 'sistem', 'qris', 'bayar', 'tunda', 'alam', 'bayar', 'sudah', 'selesai', 'pending', 'masuk', 'gara', 'gara', 'baik']	negative
['fitur', 'e', 'statement', 'transaksi', 'fleksibel', 'aplikasi']	positive
['mudah', 'mantap']	positive
['eror', 'deh', 'aplikasi', 'sudah', 'registrasi', 'sudah', 'hasil', 'login', 'diarahin', 'syarat', 'tentu', 'terus', 'klik', 'tulis', 'aktivasi', 'tinggal', 'login', 'enggak jelas', 'diarahinnya', 'syarat', 'tentu', 'mulu', 'enggak bisa', 'klik']	negative
['lot', 'login', 'loadingnya', 'lamaa', 'login', 'lamaa', 'masuk', 'menu', 'aplikasi', 'kayak', 'apk', 'belah', 'jaring', 'tapi', 'lancarlancar', 'ganggu', 'kalo', 'kayak', 'gin', 'transaksi', 'cepat']	negative
['nge', 'bug', 'tolong', 'tingkat', 'layan', 'guna', 'aplikasi', 'dari', 'mobile', 'banking', 'alih', 'wonder', 'tolong', 'memperbaiki', 'sempurna']	negative
['mudah', 'praktis', 'mana', 'muas', 'mantap']	positive
['jaring', 'stabil', 'sudah', 'update', 'butuh', 'stengah', 'jam', 'buka', 'aplikasi', 'itu', 'aplikasi', 'mood', 'terimakasih', 'bni', 'bni', 'mobile', 'saja']	negative
['maaf', 'susah', 'banget', 'kirim', 'kode', 'otp', 'masalah', 'send', 'kode', 'sudah', 'kadaluarsa', 'sudah', 'coba', 'kali', 'kali']	neutral
['install', 'transfer', 'nomor', 'rekening', 'bayar', 'tiket', 'pesawat', 'ada', 'tips', 'trik', 'belum', 'tau', 'mohon', 'baik', 'transaksi', 'uang', 'krusial', 'tantang', 'developer', 'aplikasi', 'wondr']	neutral
['neng', 'banget', 'transaksi', 'mudah', 'terimakasii']	positive
['baik', 'sistem', 'tf', 'enggak bisa', 'uang', 'masuk', 'saldo', 'cuman', 'history', 'mana']	negative
['respon', 'cepat', 'gampang', 'pakenya', 'lengkap', 'fiturnya']	positive
['aplikasi', 'wondr', 'riwayat', 'transaksi', 'tampil', 'rekening', 'koran', 'aplikasi', 'saldo', 'saranuntuk', 'tampil', 'riwayat', 'transaksi', 'lengkap', 'aplikasi', 'rekening', 'koran']	neutral
['aplikasi', 'bagus', 'saldo', 'kurang', 'transfer', 'wondr', 'saldo', 'transfer', 'saldo', 'ahir', 'beda', 'bni', 'banking']	negative
['coba', 'baik', 'kirim', 'va', 'diarahin', 'ewallet', 'bagaimana', 'sih']	neutral
['close', 'daftar', 'ulang', 'baik', 'bug', 'min', 'tq']	neutral
['tampil', 'cantik', 'tarik', 'mohon', 'maaf', 'fiturnya', 'lengkap', 'tampil', 'informasi', 'terang', 'mutasi', 'transaksi', 'masuk', 'terang', 'catat', 'terang', 'transfer', 'aplikasi', 'bni']	neutral
['beli', 'paket', 'data', 'aplikasi', 'mbangking', 'murah', 'kuota', 'berpariasi', 'wondr', 'ribu', 'paket', 'bulan', 'gb', 'paket', 'data', 'ada', 'pilih', 'biasamya', 'oaket', 'sbln', 'pilihn', 'aplikasi', 'wondr', 'bni', 'sama', 'mbangking', 'bgsn', 'mbangkin', 'mobile']	negative
['masuk', 'jam', 'malam', 'sudah', 'enggak bisa', 'transaksi', 'apa', 'menunggu', 'sampai', 'jam', 'ganguan', 'twruas']	negative
['baik', 'sebab', 'kendala', 'transaksi', 'karena', 'enggak bisa', 'buka', 'kalo', 'menten']	negative
['bantu', 'dalam', 'transaksi', 'cek', 'saldo']	positive
['cepat', 'mudah']	positive
['membanyaki', 'fiturfitur']	positive
['efisiencepat', 'indak', 'lot']	positive
['mohon', 'bantu', 'update', 'wondr', 'buka', 'apknya', 'ngebug', 'udaj', 'semenjak', 'pindah', 'wondr', 'mohon', 'perhati']	neutral
['sudah', 'lumaya', 'lengkap', 'fitur', 'apk', 'wondr', 'by', 'bnii', 'cek', 'salah', 'fitur', 'wondrby', 'bni', 'bni', 'poin', 'kayak', 'enggak', 'lihat', 'bni', 'poin', 'apk', 'bni', 'mobile']	positive
['login', 'suka', 'lot', 'banget']	positive
['nfc', 'trouble', 'booting', 'apk', 'menarik', 'uang', 'cash', 'beli', 'token', 'listrik', 'enggak']	neutral
['auto', 'uninstal', 'enggak', 'pakai', 'bni', 'limit', 'transfer', 'sisa', 'saldo', 'minimal', 'sisa', 'saldo', 'transfer', 'rugi', 'kecewa']	negative
['masuk', 'identifikasi', 'wajah', 'susah', 'deh', 'minggu', 'coba', 'kayak', 'senam', 'leher', 'tengok', 'kanan', 'tengok', 'kiri']	positive
['aplikasi', 'lot']	negative
['wondr', 'bni', 'transaksi', 'mudah']	positive
['wondr', 'baik', 'sistem', 'tolong', 'dulu', 'media', 'sosial', 'gmail', 'gagu']	neutral
['layan', 'ya', 'bagus']	positive
['efektif', 'fleksibel']	positive
['bolak', 'suruh', 'verifikasi', 'ulang', 'password', 'sudah', 'gampang', 'pakai']	neutral
['bayar', 'lancar']	positive
['pakam', 'amun', 'adek', 'saldo']	positive
['virtual', 'accountnya', 'enggak bisa', 'tulis', 'hasil', 'enggak tau', 'potong', 'apa', 'masuk']	negative
['alhamdulillah', 'bantu', 'taha', 'sewaktuwaktu', 'isi', 'saldo']	positive
['aplikasy', 'bagus', 'mudah']	positive
['suka', 'banget', 'promonya', 'bedabeda', 'sudah', 'begitu', 'gampang', 'banget', 'pakai', 'enggak', 'ribet']	positive
['bagus', 'app', 'mudah', 'moga', 'cepat', 'lengkapai', 'fitur', 'mobile', 'banking']	positive
['bantu', 'cek', 'uang', 'sayang', 'kadang', 'jaring', 'suka', 'ganggu']	positive
['mudah', 'cepat', 'operasi']	positive
['tulis', 'kendala', 'tim', 'baik']	negative
['simple', 'praktis']	positive
['registrasi', 'infomasinya', 'verifikasi', 'tambah', 'suruh', 'telepon', 'bni', 'call', 'cabang', 'dekat', 'telepon', 'bni', 'call', 'data', 'sesuai', 'suruh', 'bni', 'dekat', 'bni', 'dekat', 'informasi', 'data', 'sesuai', 'infomasi', 'coba', 'kali', 'notifnya', 'registrasi', 'wondr', 'verifikasi', 'tambah', 'bagaimana']	neutral
['aktif', 'fasilitas', 'bni', 'mobile', 'wondr', 'belum', 'jalan', 'susah', 'karena', 'transaksi', 'beli', 'token', 'listrik']	neutral
['bantu']	neutral
['detail', 'kartu', 'segitu', 'doang', 'sisa', 'tanggung', 'tampil', 'kayak', 'app', 'bni', 'sebelumya']	neutral
['layan', 'promo', 'xxi', 'menonton', 'empire', 'bandung', 'indah', 'plaza', 'ribet', 'menonton', 'ber', 'antri', 'kali', 'enggak', 'worted', 'alias', 'ribet', 'beli', 'gratis', 'promo', 'bni', 'nasabah', 'nyaman', 'ribet', 'coba', 'ajar', 'livin', 'mandiri', 'nasabah', 'happy']	neutral
['alhamdulillah', 'rekening', 'bni', 'aplikasi', 'lancar', 'mudah', 'menit', 'rekening', 'terimakasih', 'mudah', 'tingkat', 'kerja', 'aplikasi']	positive
['aplikasi', 'mudah', 'bantu', 'transaksi', 'transaksi', 'midah', 'cepat', 'memori', 'enggak', 'bikin', 'hp', 'lot']	positive
['jaga', 'stabil', 'jaring', 'layan', 'wondr', 'bni']	positive
['tulis', 'menu', 'utama', 'riwayat', 'transaksi', 'bukti', 'transfer', 'bold', 'tampil', 'elegan', 'beda', 'bni', 'mobile', 'cakep', 'terus', 'beda', 'mandi', 'baca', 'lihat', 'elegan', 'bagus', 'tolong', 'baik', 'jelek', 'tulis', 'ih']	neutral
['tolong', 'transaksi', 'muncul', 'berita', 'dongseperti', 'bni', 'mobile', 'kita', 'tau', 'terang', 'transaksi']	neutral
['saldo', 'kurang', 'bukti', 'transaksi', 'bukti', 'transaksi', 'potong', 'bank', 'lapor', 'mutasi', 'rekening', 'keluar', 'sesuai', 'tentu', 'bni', 'salah', 'data', 'dokumen', 'lapor', 'kerja', 'nasabah', 'anggap', 'tuju', 'data', 'cantum', 'bni', 'sewaktuwaktu', 'koreksi', 'baru', 'data', 'dokumen', 'dokumen', 'sistem', 'luk']	negative
['sayang', 'banget', 'kalo', 'ambil', 'foto', 'enggak bisa', 'dari', 'galeri']	neutral
['bagus', 'aplikasi', 'susah', 'login', 'loginnya', 'tolong', 'tim', 'itu', 'baik', 'program', 'lamban', 'enggak', 'buka', 'costumer', 'mesti', 'aplikasi', 'karena', 'cepat', 'tanggap', 'program']	neutral
['lumayan', 'bagus', 'sih', 'sayang', 'notifikasi', 'sidik', 'jarinyakan', 'kalo', 'buka', 'wondr', 'by', 'bni', 'pakai', 'pasword', 'orang', 'taukalo', 'pakai', 'sidik', 'jari', 'orang', 'tau', 'tolong', 'memperbaiki', 'sidik', 'jari', 'notifikasi', 'enggak']	negative
['transaksi', 'apa', 'simple', 'pakai', 'wondr', 'by', 'bni']	positive
['mudah']	positive
['install', 'aplikasi', 'wondr', 'by', 'bni', 'aktivasinya', 'mudah', 'cepat', 'coba', 'transaksi', 'lancar', 'tampil', 'ui', 'keren', 'banget', 'bingung', 'cari', 'fitur', 'itu']	positive
['cuman', 'sayang', 'lengkap', 'setor', 'tunai', 'tampa', 'kartu', 'atm']	positive
['dana', 'masuk', 'potong', 'saldo', 'tambah', 'saldo', 'tulis', 'mutasi', 'rekening', 'bni', 'mobile', 'banking', 'tolong', 'kasih', 'catanan', 'saldo']	neutral
['verif', 'muka', 'sudah', 'terang', 'lepas', 'aksesoris', 'ikut', 'instruksi', 'tetap', 'aplikasi', 'aneh']	negative
['asli', 'simple', 'sayang', 'menu', 'info', 'transaksi', 'sisa', 'jumlh', 'saldo', 'akumulasi', 'bni', 'mobile', 'banking', 'wondr', 'cuma', 'rp', 'sekian', 'truss', 'rp', 'sklian', 'bni', 'mobile', 'detail', 'moga', 'wondr', 'bisa', 'update']	neutral
['aplikasi', 'aneh', 'transfer', 'susah', 'isi', 'gopay', 'bilang', 'saldo', 'isi', 'gopay', 'transaksi', 'gagal', 'bilang', 'saldo', 'cukup', 'saldo', 'aneh']	negative
['punya', 'enggak', 'buka', 'apk', 'muncul', 'tulus', 'sistem', 'baik', 'silah', 'coba']	neutral
['kecewa', 'butuh', 'aplikasi', 'enggak', 'buka', 'kendala', 'baik', 'enggak', 'buka']	negative
['wonderr', 'error', 'jam', 'pagi', 'jam', 'malamsaya', 'kecewa', 'beli', 'makan', 'enggak', 'error', 'apk']	positive
['bayar', 'praktis']	positive
['mending', 'pakai', 'bank', 'qris', 'akun', 'pakai', 'terima', 'transfer', 'langsung', 'cek', 'masuk', 'akun', 'tagih', 'catat', 'pisah', 'nama', 'akun', 'ganti', 'nama', 'alias', 'tarik', 'tunai', 'kartu', 'vitur', 'akuntan', 'warga', 'sipil']	negative
['aplikasi', 'login', 'susah']	neutral
['baik', 'apk', 'makan', 'siang', 'malam', 'proses', 'transfer', 'dana', 'kunjung', 'masuk', 'saldo', 'rekening', 'via', 'wonder']	neutral
['bikin', 'rekening', 'bni', 'instal', 'mbanking', 'worth', 'itu', 'wondr', 'by', 'bni', 'mudah', 'tampilanya', 'kece', 'minimal', 'saldo', 'ramah', 'kantong', 'enggak', 'khawatir', 'biaya', 'adminnya', 'dikit', 'neng', 'menarik', 'tunai', 'hemat', 'pakai', 'nyaman', 'banget', 'enggak', 'boros', 'enggak', 'khawatir', 'aplikasi', 'lelet', 'transaksi', 'sat', 'set', 'hemat']	positive
['mantap', 'gampang', 'ketimbang', 'bni', 'mobile']	positive
['wonder', 'buka', 'menu', 'login', 'normal']	negative
['kayak', 'mbankingnya', 'otp', 'enggak', 'masuk', 'no', 'enggak', 'tau', 'no', 'ngarepnya', 'sistem', 'otp', 'app', 'biar', 'tarik', 'tunai', 'kartu']	neutral
['alhamdulillah', 'mudah', 'tarik', 'transfer', 'aman']	positive
['login', 'berat', 'ya', 'mohon', 'baik']	positive
['kualitas', 'jeleek', 'enggak', 'login', 'gampang', 'ganggu', 'tarik', 'tunai', 'kartu', 'mending', 'aplikasi', 'buka', 'ringan', 'jelek', 'lelet']	neutral
['ribet', 'login', 'enggak', 'bisaaplikasi', 'verifikasi', 'foto', 'gagak', 'teruspadahal', 'cahaya', 'terang']	negative
['bintang', 'segitu', 'karena', 'beli', 'pulsa', 'data', 'lengkap', 'seperti', 'apk', 'bni', 'mobile', 'banking', 'moga', 'baik', 'kurang']	neutral
['contoh', 'beli', 'token', 'listrik', 'isi', 'no', 'meter', 'manual', 'simpan', 'memori']	neutral
['terima', 'kasih', 'bni', 'sudah', 'otomatis', 'muncul', 'nomor', 'kakak', 'aplikasi', 'wondr', 'nyaman', 'pakai', 'aplikasi', 'terima', 'kasih']	positive
['kali', 'kendala', 'limit', 'transaksi']	positive
['verifikasi', 'email', 'kode', 'enggak', 'kirim']	neutral
['kendala', 'login']	positive
['password', 'sudah', 'memasuki', 'aneh', 'login', 'terang', 'password', 'salah', 'aneh', 'padahal', 'password', 'pakai', 'login']	neutral
['aplikasi', 'mudah', 'simple', 'bosan', 'tampil']	positive
['batas', 'minimal', 'saldo', 'ubah', 'ubah', 'aneh']	negative
['kasih', 'bintang', 'dehnanti', 'bagus', 'kasih', 'bintang', 'aplikasi', 'mudahsaya', 'bayar', 'nontaglish', 'kok', 'susahaplikasi', 'membingungkanharus', 'update', 'baru', 'kok', 'enggak', 'adasaya', 'transaksi', 'pln', 'non', 'taglishgmn', 'sih', 'bni', 'kok', 'susah', 'yatidak', 'gampang', 'pertamamakasih']	negative
['manfaat', 'aplikasi', 'mudah', 'segalaa', 'tf', 'simpan']	positive
['suka', 'banget', 'pakai', 'wondr', 'mudah', 'enggak', 'ribet']	positive
['mobile', 'banking', 'mudah']	positive
['aplikasi', 'wondr', 'keren', 'banget', 'transaksi', 'gampang', 'cepat', 'fiturnya', 'tarik', 'bikin', 'nabung', 'senang']	positive
['apk', 'rusak', 'masak', 'top', 'up', 'ewallet', 'hasil', 'saldo', 'minimum', 'cukupterus', 'saldo', 'gua', 'bagaimana', 'baik']	negative
['wonder', 'tanggal', 'maret', 'enggak', 'buka', 'pencet', 'aplikasi', 'wonder', 'enggak', 'masuk', 'kenapa', 'ya', 'tolong']	neutral
['tampil', 'eyecatching', 'warna', 'tarik', 'cepat', 'loading', 'transaksi', 'mohon', 'fitur', 'lengkap', 'guna']	positive
['sangar', 'bantu', 'mudah']	positive
['bantu', 'mudah', 'dalam', 'transaksi']	positive
['apk', 'bank', 'buruk', 'kualitasnyaamat', 'kendala', 'sistem', 'inibagus', 'dulumau', 'buka', 'susahtlg', 'baik', 'bni', 'apk']	negative
['fitur', 'wondr', 'lengkap', 'bni', 'mbanking', 'pakai', 'force', 'close', 'benerin', 'aplikasi', 'suruh', 'migrasi']	negative
['jelek', 'loginnya']	negative
['kembang', 'aplikasi', 'paksa', 'nasabah', 'aplikasi', 'menu', 'bni', 'mobile', 'banking', 'pilih', 'menu', 'pindah', 'aplikasi', 'mobile', 'banking', 'hapus', 'mudah', 'nasabah', 'melainkam', 'tambah', 'beban', 'karena', 'tambah', 'aplikasi', 'sandi', 'transaksi', 'moga', 'baca', 'sdm', 'kembang', 'bni']	neutral
['terima', 'kasih', 'banyak', 'bantu']	positive
['mudah', 'praktis']	positive
['aplikasi', 'trouble', 'transaksi', 'dibukamasuk', 'apk']	neutral
['please', 'guna', 'transfer', 'nominal', 'sesal', 'hilang', 'uang', 'transfer', 'klaim', 'riwayat', 'transaksi', 'tuju', 'terima', 'keluar', 'mesti', 'transfer', 'ulang', 'lapor', 'terima']	negative
['maret', 'wondr', 'buka', 'transaksi', 'apa', 'hadeh']	negative
['beli', 'token', 'listrik', 'gagal', 'saldo', 'potong', 'aplikasi', 'buruk', 'bagus', 'aplikasi', 'bni', 'mundur', 'baju']	negative
['transaksi', 'bank', 'gagal', 'top', 'up', 'ewallet', 'gagal', 'transfer', 'saldo', 'cukup', 'sungguh', 'nyaman', 'puas', 'tolong', 'baik', 'maaf', 'kasih', 'bintang', 'karena', 'puas', 'transfer', 'transaksi', 'top', 'up', 'e', 'wallet']	negative
['banget', 'ganggu', 'suruh', 'download', 'versi', 'baru', 'susah', 'banget', 'instal', 'mohon', 'bantu']	negative
['enggak', 'kasih', 'bintang', 'enggak', 'mengasih', 'uang', 'ribu', 'potong', 'isi', 'paket', 'data', 'gb', 'harga', 'ribu', 'wondr', 'padahal', 'transaksi', 'gagal', 'belum', 'brhsil', 'uang', 'trpotong', 'sudah', 'kali', 'coba', 'karena', 'gagal', 'terus', 'bilang', 'coba', 'karena', 'jaring', 'padahal', 'coba', 'sampai', 'kali', 'ternyata', 'paket', 'data', 'masuk', 'kali', 'sdngkn', 'wondr', 'baca', 'gagal', 'uang', 'potong', 'uninstal', 'enggak', 'bagus']	negative
['kendala', 'verifikasi', 'wajah', 'sinyal', 'bagus', 'hp', 'normal']	negative
['mengadakan', 'cardles', 'wonder', 'kalo', 'tolong', 'apk', 'tutup', 'menyusahkan', 'loh', 'sudah', 'atm', 'setor', 'enggak', 'bawa', 'atm', 'apk', 'enggak', 'cardless', 'bni', 'kesal', 'tolong', 'mutasi', 'rekening', 'serta', 'saldo', 'aplikasi', 'bni', 'mobile']	neutral
['enggak pernah', 'ganti', 'pin', 'gbisagapernah', 'ganti', 'password', 'bisaverifikasi', 'lagiaplikasi', 'aneh']	negative
['ktp', 'susah', 'baca', 'daftar', 'ribet', 'banget', 'bisa', 'baca', 'ktp', 'konyol', 'wkwkwk']	neutral
['mudah', 'konsumen', 'bertansaksi', 'aplikasi', 'wondr']	positive
['bagus', 'aplikasi', 'enak', 'pakai', 'bni', 'mobile', 'pakai', 'wonder', 'ribet', 'bikin', 'pin', 'pasword', 'huruf', 'gede', 'angka', 'tanda', 'simple']	neutral
['detail', 'uang', 'masuk', 'bni', 'mobile']	neutral
['tampil', 'bagus', 'segar', 'transaksi', 'qris', 'mudah', 'cepat', 'baca', 'barcodenya', 'kendala', 'secara', 'next', 'menumenu', 'mbanking', 'moga', 'terakomodir', 'wondr']	positive
['apk', 'bagus', 'daftar', 'ulang', 'baik', 'apk']	neutral
['sudah', 'enggak', 'update', 'november', 'nih', 'dev', 'mengapai', 'lihat', 'detail', 'kartu', 'enggak', 'tulisanya', 'coba', 'besok', 'sudah', 'bulan', 'daftar', 'kocak', 'benar', 'nih', 'wondr', 'memori', 'gede', 'kelas', 'sama', 'bangking', 'baca', 'nyampek', 'mbak', 'mbak']	negative
['error', 'login', 'tunggu', 'login', 'jam', 'pagi', 'aplikasi', 'buka', 'topup', 'ewalet', 'bayar', 'listrik', 'kadang', 'transaksi', 'gagal', 'saldo', 'debet']	negative
['aplikasi', 'login', 'susah']	neutral
['nasabah', 'bni', 'harisaya', 'coba', 'fitur', 'qris', 'transfer', 'tarik', 'tunai', 'kartu', 'kendalakalo', 'tau', 'gin', 'kenapa', 'tak', 'nasabanykini', 'deh', 'pensiun', 'insya', 'allah', 'akan', 'nabung', 'kartu', 'atmny', 'deh', 'terima', 'karena', 'daftr', 'onlinecara', 'aktivasi', 'kartu', 'atm', 'bank', 'gmnmohon', 'cerah']	positive
['bantu', 'transaksi', 'hari', 'kerja', 'bisnis']	positive
['aplikasi', 'muncul', 'kendala', 'buka', 'tida', 'masuk', 'optimal', 'sistem']	negative
['mengesalkan', 'deh', 'cepat', 'cepat', 'transaksi', 'bayar', 'bayar', 'kendala', 'lebih', 'suka', 'sama', 'banking', 'deh', 'enggak', 'pernh', 'ganggu', 'dkit', 'dkit', 'verifikasi', 'poto', 'ktp', 'wajah', 'sekarang', 'nih', 'darurat', 'bayar', 'barang', 'eh', 'enggak']	negative
['wondr', 'bni', 'aktif', 'tolong', 'baru', 'fitur', 'aktif', 'mbanking', 'transaksi', 'karena', 'rek', 'enggak', 'aktif', 'sudah', 'diupdate', 'fiturnya', 'kuksih', 'bintang']	negative
['tulis', 'gagal', 'kirim', 'saldo', 'uang', 'tetap', 'potong', 'sudah', 'kali', 'uang', 'hilang', 'mana', 'hilang', 'sia', 'sia']	neutral
['fitur', 'lengkap', 'mudah', 'terimakasih', 'bni']	positive
['susah', 'buka', 'muter', 'muter', 'mawon', 'aplikasi', 'milik', 'usaha', 'negara', 'mesti', 'lot']	neutral
['beli', 'pulsa', 'siniuang', 'sudah', 'potong', 'pulsa', 'enggak', 'masuk', 'enak', 'pakai', 'lamangga', 'ribet', 'sudah', 'komplain', 'wae', 'mail', 'enggak', 'tanggapin', 'buruk', 'aplikasi']	negative
['membantuterima', 'kasih']	positive
['bantu', 'lengap', 'fiturnya']	positive
['kesulurahan', 'enggak ada', 'fitur', 'tarik', 'setor', 'tunai', 'kartu', 'tolong', 'min', 'diupdate', 'mobile', 'banking', 'loh', 'tarik', 'tunai', 'enggak', 'huhuu']	positive
['enggak', 'pakai', 'wifi', 'kadang', 'enggak', 'pakai', 'data', 'oke', 'bni', 'mobile']	negative
['bagus', 'mudah']	positive
['mudah', 'lengkap', 'fiturnya', 'praktis']	positive
['transaksi', 'mudah']	positive
['aplikasi', 'busuk', 'transfer', 'suruh', 'verifikasi', 'sudah', 'benar', 'suruh', 'verifikasi', 'aplikasi', 'saran']	negative
['susah', 'verifikasi', 'ulang', 'kali', 'masuk', 'suruh', 'menunggu', 'besokmana', 'butuh', 'transaksi', 'harus', 'menunggu', 'besok']	negative
['aplikasi', 'wond', 'bni', 'trabel', 'transaksi', 'sering', 'pending', 'notif', 'email', 'hasil', 'saldo', 'potong', 'hubung', 'cs', 'lapor', 'suruh', 'tunggu', 'xjam']	neutral
['praktisi', 'mudah', 'transaksi', 'layan', 'ribet']	positive
['logout', 'sendiri', 'skliannya', 'verifikasi', 'susah', 'login', 'notif', 'kendala', 'iyakendala', 'hari', 'beberapa', 'kali', 'login', 'susah', 'masuk']	negative
['suruh', 'mengirim', 'kode', 'opt', 'sudah', 'kali', 'susah', 'kode', 'sudah', 'sesuai', 'kirim', 'email']	negative
['saran', 'kalo', 'optimal', 'sistem', 'jam', 'kerja', 'orang', 'butuh', 'pakai', 'app', 'enggak', 'hilang', 'nasabah', 'bni', 'lamalama', 'kalo', 'optimal', 'sistem', 'jam', 'malam', 'subuh']	negative
['aplikasi', 'ganggu', 'tranfer', 'dana', 'nomer', 'temu', 'sudah', 'nomor', 'transfer', 'gagal', 'ganggu', 'systemmohon', 'tingkat', 'kerja', 'apk', 'minat']	neutral
['simple', 'mudah', 'aman']	positive
['kamera', 'handphone', 'buram', 'daftar', 'handphone', 'istri', 'fitur', 'kenal', 'wajah', 'login', 'handphone', 'aplikasi', 'bni', 'mobile', 'bangking']	neutral
['muncul', 'maaf', 'kendala', 'tim', 'coba', 'baik', 'login', 'bank', 'bni', 'buka', 'rekening']	negative
['bantu']	positive
['transaksi', 'va', 'salah', 'marketplace', 'pemberitahuan', 'notif', 'wondr', 'bukti', 'transaksi', 'gagal', 'uang', 'potong']	neutral
['apk', 'malam', 'jam', 'enggak', 'tf', 'gagal', 'terang', 'saldo', 'batas', 'minimal', 'padahal', 'saldo', 'aneh', 'nih', 'apk', 'asli', 'enggak', 'ubah', 'sudah', 'komplenan', 'maksimalin', 'parah', 'jelek', 'bos']	negative
['tampil', 'mudah', 'susah', 'tarik', 'tunai', 'aplikasi', 'ribet', 'tolong', 'baik', 'lebih', 'sih', 'oke']	positive
['daftar', 'login', 'aplikasi', 'masuk', 'login', 'akun', 'alih', 'daftar', 'programmer', 'payah', 'alahasil', 'login', 'alih', 'daftar']	negative
['bantu']	positive
['mahal', 'biaya', 'tf', 'baca', 'nyaman']	negative
['pakai', 'wonde', 'bni', 'aplikasi', 'enggak bisa', 'suruh', 'bank', 'miinta', 'tolong', 'bantu', 'membuat', 'bank', 'sama', 'deh', 'bank', 'bisadi', 'suruh', 'bikin', 'tabung', 'dulu', 'bikin', 'tabung', 'ktp', 'cip', 'belakang', 'deteksi', 'rusak', 'gagal', 'benerin', 'ktp', 'dulu', 'ribet', 'banget', 'mengurus', 'ktp', 'putus', 'hapus', 'akun', 'wonder', 'dlbiar', 'aktivasi', 'daftar', 'ulang', 'proses', 'hapus', 'akun', 'terus']	negative
['app', 'ribet', 'data', 'isi', 'sudah', 'hasil', 'terahir', 'jawapannya', 'data', 'lengkapkaya', 'app', 'tau', 'data', 'gituni', 'cari', 'member', 'sulit', 'tidak', 'bantu', 'ulang', 'kali', 'downlod', 'berx', 'kali']	negative
['apk', 'eror', 'gin', 'yaasaya', 'ngisi', 'pulsa', 'status', 'gagaltapi', 'saldo', 'sudah', 'dipotongsampe', 'sekarang', 'saldo', 'pulsa', 'masuk', 'masuk']	negative
['all', 'transaksi', 'debet', 'kredit', 'rekening', 'bni', 'bank', 'menu', 'transaksi', 'info', 'rekening', 'rekening', 'inovatif', 'transparan', 'menu', 'lihat', 'aset', 'rangkum', 'tarik', 'semangat', 'buka', 'rekening', 'optimasi', 'aset', 'menu', 'insight', 'tarik', 'monitoring', 'simplified', 'surplus', 'langsung', 'buka', 'rekwning', 'menu', 'growth', 'wondr', 'by', 'bni', 'complete', 'and', 'simple']	positive
['aplikasi', 'tarik', 'layan', 'cepat', 'mudah', 'aplikasi']	positive
['bagus', 'mantap', 'aplikasi', 'cepat', 'mudah']	positive
['transaksi', 'mudah', 'aman', 'mantap']	positive
['transfer', 'terang', 'batas', 'limit', 'transfer', 'kali']	negative
['wondr', 'keren', 'aplikasi', 'cepat', 'tampil', 'lucu', 'warna', 'fun', 'transaksi', 'nyaman', 'pakai', 'wondr', 'by', 'bni']	positive
['susah', 'buka', 'aplikasinyatolong', 'baik', 'cepat']	neutral
['aplikasi', 'bagus', 'saran', 'histori', 'nomor', 'rekening', 'transfer', 'no', 'token', 'listrik', 'no', 'id', 'langgan', 'indihome', 'hilang', 'jadi', 'daftar', 'pavorit', 'moga', 'depan']	positive
['bagus', 'mohon', 'menu', 'ecek', 'mutasi', 'tabung', 'dplk', 'simpono', 'aplikasi', 'bni', 'mobile', 'banking']	positive
['kali', 'login', 'sudah', 'beli', 'token', 'listrik', 'bni', 'mobile', 'arah', 'wondr', 'login', 'app', 'publis']	neutral
['aplikasi', 'ganggu', 'mulu', 'anjing', 'susah', 'banget', 'kalo', 'gin', 'mending', 'mbangking', 'ganggu', 'kayak', 'gin', 'kayak', 'peler', 'aplikasi', 'memang', 'benar', 'benar', 'aplikasi', 'peler', 'kontol']	negative
['daftar', 'coba', 'login', 'suruh', 'daftar', 'ulang', 'daftar', 'ulang', 'selesai', 'daftar', 'mencoba', 'instal', 'ulang', 'verifikasi', 'wajah', 'masalah', 'suruh', 'kedip', 'sudah', 'kedip', 'berkalikali', 'bantu', 'cahaya', 'deteksi', 'jelek', 'banget', 'aplikasi']	negative
['terap', 'tek', 'alamat', 'edit', 'juga', 'alamat', 'detil', 'pesan', 'kartu', 'atm', 'enggak', 'semoga', 'rubah', 'mudah', 'nasabah', 'seperti', 'bang', 'digital', 'simple', 'praktis', 'cepat']	neutral
['bantu', 'transaksi']	positive
['verifikasi', 'pin', 'gagal', 'mohon', 'arahannyaterimakasih', 'kasih']	neutral
['app', 'jelek', 'transaksi', 'muncul', 'tulis', 'fitur', 'sedia', 'terus', 'kalo', 'transaksi', 'bni', 'mobile', 'banking', 'arah', 'wondr', 'bagaimana', 'sih', 'aplikasi', 'niat', 'kah', 'nyiptain', 'aplikasi', 'menyesal', 'rekening', 'bni', 'kalo', 'tau', 'mobile', 'banking', 'jelek']	negative
['wondr', 'kemarin', 'ganggu', 'enggak', 'masuk', 'ganggu']	neutral
['uang', 'simpan', 'mohon', 'mengadakan', 'history', 'transaksi', 'min', 'aplikasi', 'mobile', 'banking', 'bni', 'guna', 'tau', 'uang', 'masuk', 'mohon', 'baik']	positive
['ganggu', 'teknis', 'kah', 'apkx', 'buka', 'inigk', 'kayak', 'biasax', 'lodari', 'kemarin', 'kayak', 'begini', 'inikarna', 'sebelumx', 'lancar', 'bukax']	negative
['bug', 'deh', 'top', 'up', 'tulis', 'gagal', 'masuk', 'saldo', 'potong', 'enggak jelas', 'memang', 'ribet', 'ngelapor', 'bank', 'minimal', 'gagal', 'saldo', 'potong']	negative
['lebih', 'komplit', 'menu', 'mycreditcard', 'belum', 'ubah', 'cicil', 'telepon', 'call', 'centre', 'update', 'dulu', 'cek', 'playstore', 'belum', 'menu', 'update', 'pening']	positive
['sukses', 'bilang', 'bug', 'bagaimana', 'aplikasi', 'barutapi', 'simpel', 'mobile', 'bni', 'super', 'ribet', 'bolak', 'cabang', 'tingkat', 'bantu']	positive
['sebenarnya', 'bagus', 'upgrade', 'aplikasi', 'sekarang', 'ribet', 'perihal', 'login', 'setting', 'pakai', 'finger', 'print', 'harus', 'tahap', 'gagal', 'sudah', 'top', 'up', 'ewallet', 'harus', 'verifikasi', 'banyak', 'coba', 'belum', 'dengan', 'alesan', 'banyak', 'verifikasi', 'tolong', 'upgrade', 'asa', 'mobile', 'mbangking', 'seribet']	neutral
['aplikasi', 'susah', 'buka', 'lambat', 'perlu', 'tunggu', 'jam', 'jam', 'tolong', 'direspon']	negative
['cepat', 'proses']	positive
['aplikasi', 'kalo', 'sempurna', 'launching', 'coba', 'nasabah', 'doang', 'team', 'itu', 'melawak', 'kerja', 'aplikasi']	negative
['wondr', 'aplikasi', 'senang']	positive
['bantu']	positive
['aplikasi', 'mudah', 'simpel', 'transaksi', 'kartu', 'menu', 'mobile', 'tunai', 'lengkap', 'wondr', 'note', 'visual', 'sebal', 'gin', 'simpel', 'ringan', 'lancar']	positive
['susah', 'verifikasi', 'wajah', 'tolong', 'perbaikiudah', 'sampai', 'bom']	negative
['ganggu', 'mulu', 'baik', 'mulubikin', 'enggak', 'nyaman']	negative
['aplikasi', 'banyak', 'kendalamembuang', 'waktusangat', 'sayang', 'kendala', 'situasi', 'genting']	neutral
['hujan', 'mati', 'kunci', 'sidik', 'jari', 'login', 'biometrik', 'wondr', 'hapus', 'login', 'pakai', 'pasword', 'layar', 'hp', 'intip', 'sadap']	neutral
['bantu']	positive
['banyak', 'fitur', 'bni', 'mobile', 'adakan', 'cepat', 'pindahin', 'fitur']	neutral
['wordr', 'leletlelet', 'loginrata', 'menit', 'batal', 'mengunakan', 'fitur', 'qris', 'aplikasi', 'bni', 'mobile', 'unggul', 'cepat', 'loginsaya', 'tinggal', 'bni', 'gaji', 'laba', 'bersih', 'trilyunan', 'tolong', 'benah', 'wondr']	neutral
['mutasi', 'rekening', 'terang', 'jam', 'transfer', 'mending', 'aplikasi', 'detail', 'mutasi']	neutral
['aplikasi', 'transaksi', 'kartu', 'tolong', 'mudah', 'tarik', 'tunai', 'kartu', 'atm']	neutral
['ngeblank', 'nyaman', 'pakai', 'bni', 'mobile', 'banking', 'bolak', 'wonders', 'ribet', 'bayar', 'tagih', 'listrik', 'susah', 'aplikasi', 'ngeblank']	neutral
['disayangkansudah', 'didownload', 'transaksitolong', 'perbaikisistemmu']	negative
['kadang', 'suka', 'eror', 'masuk', 'jaring', 'sudah', 'bagustrus', 'enggak bisa', 'daftar', 'ewallet', 'eror', 'mulu', 'daftar', 'download', 'sampai', 'terus', 'tarik', 'tunai', 'kartu']	positive
['baik', 'muas']	neutral
['mudah']	positive
['bagus', 'transaksi', 'sama', 'baking']	positive
['praktis', 'efektip']	positive
['aplikasi', 'wond', 'bni', 'trabel', 'transaksi', 'sering', 'pending', 'notif', 'email', 'hasil', 'saldo', 'potong', 'hubung', 'cs', 'lapor', 'suruh', 'tunggu', 'xjam']	neutral
['sangatt', 'simple', 'baguuss', 'pokok', 'top', 'markotop']	positive
['mantap', 'mudah', 'simpan', 'uang']	positive
['aplikasi', 'eror', 'tambah', 'menu', 'setor', 'tarik', 'tunai']	neutral
['registrasi', 'wondr', 'pasti', 'kira', 'bni', 'mobile', 'sudah', 'jelek', 'jelek', 'sampah', 'moga', 'aplikasi', 'bug']	negative
['transaksi', 'mudah', 'cepat']	positive
['mudah', 'transaksi', 'terkadang', 'error']	positive
['ampun', 'wondr', 'loadingnya', 'banget', 'buka', 'enggak', 'bisa', 'cepat', 'butuh', 'nipu', 'belanja', 'cepat']	negative
['bantu']	positive
['pakai', 'app', 'mobile', 'bank', 'sesal', 'pindah', 'bni', 'isi', 'ewallet', 'batas', 'batas', 'rbtransaksi', 'bayar', 'transfer', 'bifast', 'kena', 'admin']	negative
['kenapa', 'transaksi', 'pulsa', 'potong']	neutral
['bagus', 'mantap', 'mudah', 'transaksi']	positive
['enggak', 'cabang', 'bni', 'dekat', 'informasi', 'tambahanpadahal', 'data']	negative
['ajar', 'pakai', 'wonder']	positive
['deh', 'pakai', 'wondr', 'bni', 'ganti', 'hp', 'hp', 'masuk', 'gagal', 'terang', 'masuk', 'kreteria', 'wondr', 'begitu', 'deh', 'berapa', 'kali', 'coba', 'tetap', 'gagal', 'solusi']	neutral
['aplikasi', 'bantu', 'mudah', 'transaksi']	positive
['potong', 'adminya', 'saldo', 'ribu', 'ribu', 'saldo', 'habis', 'admin']	neutral
['pkl', 'trouble', 'mohon', 'debenai']	negative
['simple', 'mudah', 'dalam', 'guna', 'moga', 'kembang', 'maju', 'itu', 'bni']	positive
['bagus', 'suka', 'moga', 'bank', 'bni', 'bagus', 'layan', 'dll']	positive
['apk', 'banking', 'beda', 'enggak', 'lot', 'mudah', 'dftr', 'sulit']	positive
['bagus', 'jelk', 'iya', 'banget', 'ganggu', 'saldo', 'transaksi', 'jelek']	negative
['bagus', 'kadang', 'error']	positive
['buka', 'rekening', 'kirim', 'kartu', 'fisik', 'menunggu', 'harikalo', 'sampai', 'datang', 'kantor', 'bni', 'bengkulu', 'daerah', 'jawa', 'barat', 'sampai', 'aktifasi', 'cabang', 'bni', 'dekat', 'rekening', 'online', 'malu', 'bank', 'kelas', 'bank', 'negara', 'mudah', 'bank', 'swasta']	negative
['susah', 'masuk', 'verivikasi', 'wajah', 'kendala', 'team', 'aplikasi', 'bagaimana', 'kendala']	negative
['layan', 'bagus', 'muas']	positive
['baik', 'riwayat', 'mutasi', 'terang', 'kalau', 'ada', 'dana', 'masuk', 'kluarnya', 'aplikasi', 'bni', 'mobile', 'akurat', 'perinci', 'detail']	positive
['transaksi', 'lebih', 'mudahjadiin', 'apa', 'mu', 'terima', 'kasih', 'bni']	positive
['bagus', 'tingkat']	positive
['fitur', 'lengkap', 'mudah']	positive
['mengesalkan', 'nih', 'aplikasi', 'sudah', 'daftar', 'enggak', 'msukin', 'no', 'tlpon', 'ktp', 'verifikasi', 'wajah', 'tetap', 'verifikasi', 'tambah', 'hubungin', 'kantor', 'cabang', 'dekat', 'asuu', 'kali', 'gue', 'daftar', 'bank', 'digital', 'buruk', 'jelekk', 'bikin', 'darah']	negative
['halo', 'min', 'eror', 'system', 'verifikasi', 'wajah', 'enggak', 'masuk', 'efek', 'coba', 'kali', 'diangap', 'banyak', 'coba', 'besok', 'tolong', 'baik']	positive
['aplikasi', 'wondr', 'manfaat', 'mudah', 'transaksi', 'mana', 'belanja', 'macam', 'fitur', 'fitur']	positive
['layan']	positive
['baik', 'sistem', 'bikin', 'susah', 'saja', 'masuk', 'eror', 'selalu', 'halaman', 'syarat', 'guna', 'mending', 'bni', 'mobile', 'kayak', 'dulu', 'bikin', 'susah']	negative
['aplikasi', 'masak', 'verifikasi', 'ulang', 'coba', 'ndk', 'masuk', 'langsung', 'bank', 'solusiaplikasi', 'niklo', 'aplikasi', 'tuju', 'sulit', 'nasabah', 'ndk', 'pakai', 'aplikasi', 'tuju', 'mudah', 'nasabah', 'kasih', 'solusi', 'dari', 'aplikasi', 'dari', 'bank', 'dua', 'solusi', 'dari', 'aplikasi', 'dari', 'banksaya', 'butuh', 'solusi', 'dari', 'bank']	negative
['update', 'error', 'login', 'karena', 'baik', 'login', 'baik', 'fitur', 'tidak', 'masuk', 'sekali', 'moga', 'proses', 'maintenance', 'optimal']	negative
['buruk', 'enggak', 'aplikasi', 'sama', 'dikit', 'ganguan', 'terus']	neutral
['trimakasih', 'aplikasi']	positive
['apk', 'eror', 'bagaimana', 'sih', 'bikin', 'atm', 'daftar', 'wonder', 'by', 'bni', 'kantor', 'cabang', 'bni', 'kelas', 'cs', 'kantor', 'bni', 'gagal', 'daftarin', 'wonder', 'by', 'bni', 'cs', 'besok', 'coba', 'rumah', 'daftar', 'daftar', 'sudah', 'bikin', 'atm', 'masih', 'verifikasi', 'wajah', 'karena', 'baca', 'lebih', 'verifikasi', 'wajahpadahal', 'kali', 'coba', 'bikin']	neutral
['halo', 'kakak', 'bni', 'ganggu', 'bagaimana', 'kak', 'tf']	neutral
['aplikasi', 'bantu']	positive
['downlod', 'susah', 'verifikasi', 'wajah', 'gagal', 'padhal', 'ikut', 'pandu', 'sampai', 'sekarang', 'masuk']	neutral
['keren', 'banget', 'wondr', 'atm', 'blokir', 'cs', 'wondr', 'sudah', 'bikin', 'pin', 'aktivasi', 'ribettransaksi', 'mudah', 'tingkat', 'menu', 'lai', 'ya']	positive
['apk', 'verifikasi', 'wajah', 'cs', 'suruh', 'rumah', 'sinyal', 'sudah', 'bagus', 'pakai', 'wifi', 'pakai', 'data', 'registrasi', 'kalo', 'mending', 'ganti', 'bank']	negative
['apknya', 'bagus', 'uang', 'sekian', 'ribu', 'habis', 'wondr', 'ambil', 'uang', 'nasabah', 'karena', 'lihat', 'uang', 'sekian', 'ribu', 'tolong', 'sekian']	neutral
['aplikasi', 'jelek', 'banget', 'sudah', 'daftar', 'tinggal', 'verifikasi', 'email', 'otp', 'enggak', 'masuk', 'masuk', 'sekali', 'masuk', 'capai', 'batas', 'maksimum', 'menunggu', 'besok', 'oon']	negative
['bantu', 'mudah', 'erti']	positive
['transaksi', 'apa', 'mudahmurah', 'anti', 'ribet', 'enggak', 'repot', 'bawa', 'uang', 'cashjaringan', 'stabil', 'enggak', 'pakai', 'lot']	positive
['halo', 'admin', 'aplikasi', 'wonder', 'daftar', 'hapus', 'aplikasi', 'instal', 'hp', 'coba', 'dowloand', 'regustrasi', 'ulang', 'coba', 'berkalikali', 'pesan', 'kendala', 'coba', 'mohon', 'solusi', 'min', 'terimakasih']	negative
['alam', 'pribadi', 'aplikasi', 'wondr', 'by', 'bni', 'guna', 'transaksi', 'online', 'mudah', 'praktis', 'ribet', 'fiturnya', 'lengkap', 'transfer', 'negeri']	positive
['biasa', 'tampil', 'tulis', 'ukur', 'huruf', 'ngeblur', 'tampil', 'huruf', 'angka', 'transaksi', 'contoh', 'isi', 'pulsa', 'sulit', 'guna', 'mata', 'plus', 'baca']	neutral
['buka', 'nge', 'lag', 'terus', 'enggak', 'kadang', 'uang', 'kurang', 'enggak', 'lapor', 'kurang', 'memamg', 'enggak', 'niat', 'bikin', 'kecewa', 'tolong', 'memperbaiki', 'apk', 'enggak', 'buka', 'sudah', 'sudah', 'cs', 'bobrok', 'banget', 'sih']	negative
['batas', 'limit', 'transfer', 'hari', 'pakai', 'mbangking', 'bni', 'topup', 'juta', 'sekarang', 'pakai', 'maksimal', 'juta']	neutral
['aplikasi', 'maksimal', 'wondr', 'tarik', 'tunai', 'kartu', 'memang', 'alih', 'aplikasi', 'maksimal', 'sudah', 'dipakai', 'maksimal']	neutral
['lelet', 'banget', 'stres', 'makainyabahkan', 'kadang', 'enggak', 'buka', 'sekalitolong', 'periksa', 'biar', 'bagus']	neutral
['proses', 'cepat']	positive
['verifikasi', 'wajah', 'sulit', 'ulang', 'enggak bisa', 'sudah', 'berharihari', 'coba', 'tetap', 'susah']	negative
['enggak', 'suka', 'error', 'aplikasi', 'error', 'payah']	negative
['enggak', 'transaksi', 'punya', 'rekening', 'sendirisetiap', 'transaksi', 'arah', 'taplus', 'muda']	neutral
['enggak', 'masuk', 'aplikasi', 'info', 'baik', 'coba', 'masalah', 'aplikasi', 'wonder']	positive
['pakai', 'hotspotwifi', 'login', 'mbanking', 'kacau', 'kacau']	negative
['aplikasi', 'lemotmodelnya', 'allay', 'kayak', 'main', 'kalo', 'buka', 'verifikasi', 'no', 'hpktpwajah', 'kesal', 'praktis', 'bagus', 'capek', 'pakai', 'aplikasi', 'bobot']	negative
['mantap', 'mudah', 'cepat']	positive
['pakai', 'aplikasi', 'sudah', 'aktivasi', 'bank', 'buka', 'muncul', 'halaman', 'syarat', 'tentu']	positive
['bantu', 'seka']	positive
['mending', 'pakai', 'apk', 'ribu', 'top', 'up', 'e', 'walet', 'status', 'hasil', 'sado', 'potong', 'telpon', 'cs', 'penyelseaian']	negative
['enak', 'bni', 'mobile', 'transaksi', 'tera', 'saldo', 'belah', 'terus', 'byr', 'pakai', 'virtual', 'accaount', 'gagal', 'kali', 'mohon', 'aplikasi', 'baik', 'tera', 'saldo', 'setelah', 'transaksi']	neutral
['gagal', 'daftar', 'verifikasi', 'wajah', 'ikut', 'arah', 'tolong', 'baik', 'aplikasi', 'sulit']	negative
['dana', 'masuk', 'potong', 'saldo', 'tambah', 'saldo', 'tulis', 'mutasi', 'rekening', 'bni', 'mobile', 'banking', 'tolong', 'kasih', 'catanan', 'saldo']	neutral
['wondr', 'transfer', 'gagal', 'saldo', 'potong', 'terang', 'transaksi', 'hasil', 'mohon', 'baik', 'kayak', 'gin', 'enggak', 'nyaman']	negative
['tampil', 'tarik', 'simple', 'mudah', 'akses', 'sukses', 'bni', 'terima', 'kasih', 'bni']	positive
['capek', 'verifikasi', 'transaksi', 'verifikasi', 'ktp', 'enggak jelas', 'apk', 'benar', 'sudah', 'bni', 'mobile', 'apk', 'kayak', 'enggak', 'contoh', 'sudah', 'benar', 'bni', 'mobile']	negative
['aplikasi', 'bagus', 'bantu', 'masuk', 'aplikasi', 'info', 'kendala', 'ganggu', 'kalo', 'transaksi', 'banking']	neutral
['sayang', 'bayar', 'pbb', 'kota', 'kota', 'jawabaratseperti', 'kota', 'bandung', 'kab', 'bandungmohon', 'tambah', 'kotakabbandung']	neutral
['mudah', 'transaksi']	neutral
['tida', 'tarik', 'tunai']	positive
['aplikasi', 'keselverifikasi', 'wajah', 'gagal', 'kali', 'kalijangan', 'wajah', 'oranglain', 'wajah', 'sudah', 'daftar', 'susah', 'masuk']	negative
['serba', 'mudah', 'aplikasi']	positive
['batu', 'kerja', 'mudah']	positive
['registrasi', 'wondr', 'hp', 'direset', 'ulang', 'instal', 'ulang', 'kendala', 'guna', 'daftar', 'ulang', 'kantor', 'cabang', 'dekat', 'kamu', 'isi', 'listrik', 'via', 'bni', 'mobile', 'enggak', 'suruh', 'pakai', 'wondr', 'tolong', 'min', 'apk', 'update', 'tombol', 'login']	neutral
['kenapa', 'log', 'ini', 'pasword', 'log', 'ini', 'kenapa', 'otomatis', 'suruh', 'daftar', 'ulang', 'bagaimana', 'sihsedangkan', 'posisi', 'hongkong', 'bagaimana', 'solusi']	negative
['apk', 'verifikasi', 'akun', 'selesai', 'terus', 'apk', 'masuk', 'ngisi', 'data', 'memang']	neutral
['fitur', 'aplikasi', 'lengkap', 'cepat']	positive
['lengkap', 'cek', 'transaksi', 'masuk', 'saldo', 'download', 'semoga', 'bisa', 'timbang', 'bni']	neutral
['layan', 'maksimal', 'aplikasi', 'bni', 'wonder']	positive
['cepat', 'mudah', 'moga', 'menu', 'lengkap']	positive
['sadis', 'banget', 'apk', 'sistem', 'sibuk', 'terus', 'sudah', 'hari', 'buka', 'aplikasi', 'versi', 'baru', 'login']	negative
['puassangat', 'mudah', 'gampang']	positive
['kurang', 'boros', 'pulsa', 'ngambil', 'kartu', 'tari', 'mobile', 'tunai', 'kartu', 'bebas', 'pulsa', 'joss']	positive
['muas', 'cepat', 'mudah']	positive
['bagus', 'bni', 'lamayg', 'nyaman', 'kendala', 'wonder', 'bug', 'kadang', 'enggak', 'buka', 'contoh', 'inimending', 'pindah', 'bank', 'layan', 'kantor', 'cabang', 'bni', 'muas']	negative
['saldo', 'gua', 'mes', 'triliun']	negative
['buka', 'smartphone', 'ku', 'nge', 'bug', 'update']	neutral
['susah', 'buka', 'aplikasi', 'loading', 'terus', 'mentok', 'halaman', 'sinyal', 'bagus', 'memory', 'lega', 'pakai', 'fold', 'ken', 'cepat', 'pakai', 'apk', 'tensi']	negative
['transaksi', 'mudah']	positive
['verifikasi', 'wajah', 'suruh', 'kedip', 'habis', 'kagak', 'sensor']	negative
['reset', 'pasword', 'suruh', 'buka', 'rekening', 'wkwkwkwkwkwmakin', 'kacau', 'bni', 'reset', 'pasword', 'bankbuat', 'capek']	negative
['ganggu', 'verifikasi', 'wajah', 'kali', 'enggak', 'pandu', 'cepat', 'ganggu']	negative
['kak', 'mohon', 'aplikasi', 'menu', 'setor', 'tunai', 'tarik', 'tunai', 'kak']	neutral
['verifikasi', 'wajah', 'cepat', 'intruksinya', 'gagaltolong', 'program', 'ai', 'verifikasi', 'wajah', 'tingkat', 'mudah', 'lalu', 'verifikasi']	neutral
['transaksi', 'vistual', 'account', 'nomer', 'masuk', 'nama', 'muncul', 'gagal', 'coba', 'kali']	negative
['eror', 'fitur', 'akses', 'apl']	neutral
['super', 'ribetsalah', 'password', 'ulang', 'awalmana', 'verifikasi', 'wajah', 'susah', 'minta', 'ampunlabih', 'bagus', 'bni', 'mobile', 'banking', 'kenapa', 'ganti', 'apk', 'wondr', 'aplikasi', 'tahi']	negative
['sore', 'error', 'wondr', 'bagaimana', 'loggin', 'tau', 'sichko', 'butuh', 'saja', 'ganguanya', 'bantukapan', 'wondr']	negative
['mudah']	positive
['mudah', 'praktis', 'transaksi']	positive
['bayar', 'dadak', 'malam', 'transaksi', 'gagal', 'saldo', 'tersediagimana', 'sih']	negative
['kadang', 'lot']	neutral
['bagus', 'temu', 'bayar', 'didik', 'kampus', 'institut', 'teknologi', 'puluh', 'nopember', 'surabya', 'saat', 'update', 'susah', 'bayar', 'spp', 'kampus']	neutral
['fitur', 'lengkap', 'setortarik', 'online', 'mohon', 'fasilitas', 'fitur', 'terima', 'kasih']	negative
['kenapa', 'aplikasi', 'eror', 'system', 'masuk', 'susah', 'katanya', 'kendala', 'baik', 'kecewa', 'sudah', 'masuk', 'gagal', 'tzrus']	negative
['bantu', 'rutinitas', 'seharihari']	positive
['enggak', 'transfer', 'eror', 'mulu', 'alas', 'tim', 'baik']	neutral
['aplikasi', 'oke', 'keren', 'cuman', 'saran', 'tolong', 'min', 'adakan', 'tarik', 'tunai', 'kartu', 'atm', 'bank', 'keren', 'tolong', 'min', 'cepat']	positive
['kali', 'aplikasi', 'maintenanceserver', 'error', 'pakai', 'bni', 'mobile', 'pakai', 'tahun', 'server', 'masalah', 'tolong', 'tindaklanjuti', 'ganggu', 'masalah', 'butuhin', 'pilih', 'simpan', 'uang']	neutral
['bintang', 'logout', 'sampai', 'belum', 'login', 'akun', 'hapus', 'data', 'stack', 'logo', 'tolong', 'masuk', 'dapat', 'rubah', 'bintang']	negative
['simple', 'mudah']	positive
['sih', 'nge', 'bug', 'sat', 'bni', 'mobile', 'banking', 'sudah', 'pakai']	negative
['mudah', 'dalam', 'transaksi', 'online']	positive
['mohon', 'developer', 'fiturnya', 'perinci', 'riwayat', 'dana', 'masuk', 'dana', 'sharedownload', 'notif', 'masuk', 'dengan', 'nominal', 'nol', 'hingga', 'mohon', 'modern', 'simpel', 'followup', 'tks']	neutral
['aplikasi', 'bagus', 'mudah', 'sesuai', 'butuh', 'tolong', 'baik', 'kendala', 'susah', 'loginnyatks']	neutral
['keren', 'nyala', 'bni', 'ku', 'ayok', 'transaksi', 'pakai', 'wondr', 'bni', 'bannyak', 'untung']	positive
['downlod', 'susah', 'verifikasi', 'wajah', 'gagal', 'padhal', 'ikut', 'pandu', 'sampai', 'sekarang', 'masuk']	neutral
['wonder', 'by', 'bni', 'batu', 'moga', 'sukses']	positive
['kadang', 'suka', 'lambat', 'loadingnya']	positive
['tampil', 'bagus', 'tolong', 'fitur', 'screenshot']	neutral
['aplikasi', 'simpel', 'indak', 'ribetterima', 'kasih', 'wondr', 'bni']	positive
['mudah', 'praktis', 'mantap']	positive
['aplikasi', 'wondr', 'format', 'paswordnya', 'sama', 'aplikasi', 'bni', 'hafal', 'pasword', 'sudah', 'kali', 'ting', 'ulang', 'paswordnya', 'wondr', 'pakai', 'aplikasi', 'bni']	neutral
['bingung', 'banget', 'karena', 'kali', 'atm', 'download', 'apk', 'login', 'login', 'pemberitahuan', 'sesi', 'bagaimana', 'kak']	negative
['wondr', 'by', 'bni', 'tampil', 'asik', 'fiturfiturnya', 'lengkap', 'gampang', 'guna', 'pakai', 'wondr', 'transaksi', 'aplikasi', 'bank', 'sukses', 'bni', 'depan']	positive
['fitur', 'lengkap', 'transaksi', 'cepat']	positive
['pakai', 'jaring', 'telkomsel', 'buka', 'tolong', 'baik', 'jaring', 'terima', 'kasih']	neutral
['aplikasi', 'bagus', 'aplikasi', 'susah', 'buka', 'masuk', 'wifenya', 'bagus', 'menit', 'tunggu', 'aplikasi', 'enggak', 'buka', 'minggu', 'daftar', 'aplikasi', 'bagaimana']	neutral
['iklanya', 'gembor', 'aplikasi', 'ganggu']	negative
['ribet', 'deh', 'coba', 'wondr', 'bikin', 'fitur', 'masuk', 'no', 'wa', 'daftar', 'hp', 'kamera', 'hp', 'buram', 'ambil', 'foto', 'ktp', 'login', 'dengan', 'hp', 'dengan', 'no', 'wa', 'daftar', 'wondr', 'hasil', 'ambil', 'foto', 'ktp']	neutral
['bugerror', 'transfer', 'bni', 'atas', 'juta', 'bilang', 'lebih', 'limit', 'transfer', 'nomor', 'rekening', 'pt', 'mbanking', 'bni', 'tolong', 'baik', 'biar', 'maksimal']	negative
['aplikasi', 'bagus', 'bagus', 'tampil', 'mutasi', 'serta', 'saldo', 'aplikasi', 'bni', 'mobile', 'banking', 'langsung', 'saldo', 'uang', 'masuk', 'keluarkarena', 'kadang', 'saldo']	positive
['maaf', 'kasih', 'bintang', 'nelpon', 'bni', 'call', 'pagi', 'malam', 'operator', 'sibuk', 'tunggu', 'menit', 'kali', 'telepon', 'habis', 'pulsa', 'hasil']	negative
['parah', 'aplikasi', 'transaksi', 'ganggu', 'kayak', 'begini', 'woe', 'bni', 'bikin', 'rugi', 'castemer']	negative
['apk', 'guna', 'mantap', 'terimakasih', 'deploper', 'moga', 'sukses']	positive
['mentok', 'logo', 'tampil', 'login', 'hp', 'hp', 'jadul', 'memory', 'tolong', 'solusi']	neutral
['ah', 'parah', 'ini', 'memperibet', 'mobile', 'banking', 'login', 'masuk', 'apk', 'bni', 'mobile', 'sendiri', 'laku', 'transaksi', 'tolong', 'tindak', 'lanjut', 'biar', 'nyaman', 'penggunaa']	negative
['baguscepat', 'tranfer', 'bnktnpa', 'potong', 'admin']	positive
['belum', 'tarik', 'tunai', 'kartu', 'seperti', 'aplikasi']	positive
['tampil', 'menu', 'log', 'ini', 'aplikasi', 'menu', 'log', 'ini', 'aplikasi', 'hapus']	positive
['wonder', 'meni', 'login']	neutral
['masuk', 'kode', 'verifikasi', 'email', 'wondr', 'kode', 'salah', 'masuk', 'kode', 'email', 'wondr', 'plis', 'respon']	negative
['transaksi', 'transfer', 'bri', 'wonder', 'by', 'bnidan', 'taplus', 'bisnispas', 'cek', 'mutasi', 'bri', 'transaksi', 'hasil', 'kece', 'wonder', 'by', 'bni', 'kait', 'saldo', 'kosongdan', 'pergi', 'center', 'bni', 'transaksi', 'akun', 'sayaapakah', 'lapor', 'bri', 'bni', 'tolong', 'bantu', 'kak', 'uang', 'krisis', 'rantau', 'kakyang', 'mana', 'uang', 'gaji', 'uang', 'makan']	neutral
['verifikasi', 'muka', 'sulit', 'tengok', 'tengok', 'kanan', 'kiri', 'sesuai', 'perintah', 'tetap', 'suruh', 'coba']	negative
['ganggu', 'kali', 'transaksi', 'gagal', 'tolong', 'tingkat']	neutral
['aplikasi', 'bagus', 'banget', 'fitur', 'mudah', 'lengkapcs', 'fast', 'respon', 'kendalapastinya', 'bni', 'mobile']	positive
['wordr', 'bni', 'error', 'suaa', 'buka', 'danbnyk', 'kendalafalam', 'transaksi', 'top', 'up', 'dana', 'sudah', 'hasil', 'dana', 'potong', 'saldo', 'dana']	neutral
['aplikasi', 'wondr', 'by', 'bni', 'bagus', 'mudah', 'penggunaanya', 'cepat', 'transaksi', 'promo', 'wndr', 'banyak', 'the', 'best', 'wondr', 'by', 'bni']	positive
['aplikasi', 'banget', 'ter', 'buka']	neutral
['mudah', 'transaksi', 'ya', 'flexibel', 'banget', 'bantu']	positive
['kali', 'login', 'sudah', 'beli', 'token', 'listrik', 'bni', 'mobile', 'arah', 'wondr', 'login', 'app', 'publis']	neutral
['dalam', 'genggam']	positive
['daftar', 'hasil', 'login', 'coba', 'login', 'muncul', 'syarat', 'tentu', 'centang', 'login', 'berulangulang', 'coba']	negative
['tolong', 'baik', 'sistem', 'verifikasi', 'nyasudah', 'lepas', 'mata', 'kedip', 'dibiling', 'ter', 'bacasudah', 'ikut', 'prosedur', 'terbacaemang', 'sistem', 'bagus']	negative
['mudah']	positive
['aplikasi', 'bantu', 'tarik', 'tunai', 'kartu', 'free', 'biaya', 'admin', 'free', 'biaya', 'tarik', 'tunai', 'free', 'biaya', 'transfer']	positive
['simple', 'gampang', 'sukses', 'selalu']	positive
['bantu', 'bayar', 'bulan', 'pln']	positive
['close', 'daftar', 'ulang', 'baik', 'bug', 'min', 'tq']	neutral
['mending', 'pakai', 'bnimobile', 'wonder', 'alami', 'mundur', 'transaksi', 'lot', 'buka', 'aplikasi', 'enggak']	negative
['bang', 'ribet', 'ganggu', 'produktivitaswondr', 'kena', 'coba', 'karena', 'selvie', 'susah', 'sama', 'banking', 'otp', 'menu', 'input', 'otpnyacs', 'kcp', 'ribetmantap', 'deh', 'kerja', 'bni']	negative
['aplikasi', 'keren', 'bangettampilannya', 'seruoperasionalnya', 'user', 'friendly', 'benar', 'benar', 'wonderfull', 'app', 'depan', 'moga']	positive
['kecewa', 'lalap', 'error', 'error', 'juga', 'hp', 'restart', 'bisa', 'buka', 'aplikasnyaa']	neutral
['beli', 'pulsa', 'aplikasi', 'wondr', 'by', 'bni', 'potong', 'biaya', 'admin', 'status', 'transaksi', 'gagal', 'saldo', 'rekening', 'potong', 'pulsa', 'masuk', 'nomer', 'top', 'up', 'customer', 'service', 'dihubungin', 'sibuk', 'pulsa', 'habis', 'telepon']	negative
['mudah', 'gampangpokoknya', 'best']	positive
['proses', 'daftar', 'lancar', 'enggak', 'login', 'notif', 'sesi']	negative
['apk', 'bantu', 'tampil', 'keren', 'menu', 'ringkas', 'efisien', 'ribet', 'dipakai', 'kalang']	positive
['mudh', 'cepat', 'dalam', 'transaksi']	positive
['mengadakan', 'cardles', 'wonder', 'kalo', 'tolong', 'apk', 'tutup', 'menyusahkan', 'loh', 'sudah', 'atm', 'setor', 'enggak', 'bawa', 'atm', 'apk', 'enggak', 'cardless', 'bni', 'kesal', 'tolong', 'mutasi', 'rekening', 'serta', 'saldo', 'aplikasi', 'bni', 'mobile']	neutral
['bagus', 'enak', 'lihat']	positive
['kirim', 'uang', 'jepang', 'atm', 'japan', 'post', 'bank', 'gila', 'makan', 'makan', 'sampai', 'masuk', 'kirim', 'jepang', 'indonesia', 'pakai', 'sbi', 'remitance', 'sampai', 'jam', 'sudah', 'masuk', 'atm', 'indonesia']	negative
['sebel', 'banget', 'sempat', 'tibatiba', 'ganti', 'password', 'lupa', 'password', 'ganti', 'password', 'nomor', 'kartu', 'kartu', 'enggak', 'proses', 'aneh']	negative
['bagus', 'gampang', 'simpel', 'mudah', 'transaksi', 'tampil', 'tarik', 'ribet', 'verifikasi', 'daftar', 'mudah', 'ganti', 'email', 'email', 'aktif']	positive
['kadang', 'susah', 'akses']	neutral
['aplikasi', 'jelek', 'lengkap', 'menu', 'bni', 'mobile', 'banking', 'indak', 'pakai', 'menu', 'batas']	negative
['mantap', 'cepat', 'transaksi']	positive
['buka', 'apk', 'gila', 'sayang', 'buka', 'ml', 'saja', 'cepat', 'selam', 'hp', 'ram', 'rom', 'mah', 'fix', 'apk', 'salah', 'tolong', 'memperbaiki']	negative
['aplikasi', 'simpel', 'tolong', 'baru', 'tambah', 'fiturnya', 'fitur', 'tarik', 'tunai', 'wondr', 'masak', 'kalah', 'brimo', 'terimakasih']	negative
['aplikasi', 'gampang', 'satset', 'short', 'cut', 'mudah', 'mula']	positive
['suka', 'ngebug']	positive
['wondr', 'by', 'bni', 'transaksi', 'cepat', 'mudah', 'tampil', 'tarik', 'keren', 'banget']	positive
['jujur', 'bantu', 'hadir', 'aplk', 'wondr', 'by', 'bni', 'izin', 'saran', 'kepada', 'ahli', 'itu', 'bni', 'dapt', 'tingkat', 'forma', 'meminimalisir', 'ganggu', 'aplk', 'tanggal', 'nov', 'kecewa', 'aplk', 'pasal', 'pagi', 'malam', 'aplk', 'wondr', 'by', 'bni', 'alami', 'ganggu', 'mmbuat', 'laku', 'transaksi', 'tolong', 'bag', 'itu', 'gerak', 'cepat', 'ganggu', 'seperti', 'aplk', 'wodr', 'by', 'bni']	neutral
['ajar']	positive
['sumpah', 'aplikasi', 'menyesatkanbener', 'benar', 'sesal', 'menggapus', 'bni', 'mobiletolong', 'ready', 'aplikasi', 'gembar', 'gembor', 'suruh', 'pindah', 'layan', 'wonder', 'bnitiap', 'malam', 'ganggu', 'mulu']	negative
['transaksi', 'jajan', 'payment', 'qris', 'pakai', 'wondr', 'pakai', 'langsung', 'langkah', 'done', 'panik', 'wkwkwk', 'untung', 'wondr', 'bni', 'tap', 'tap', 'done', 'gaz']	positive
['wondr', 'gax', 'buka', 'kendala', 'tim', 'baik', 'coba', 'lagiitu', 'ganggu', 'bagaimana']	neutral
['tf', 'juta', 'sudah', 'limit', 'bedabanget']	negative
['suka', 'banget', 'pakai', 'bank', 'bni', 'mudah', 'erti', 'aplikasi', 'wondrnya', 'moga', 'bni', 'adakan', 'undi', 'hadiah', 'motor', 'menang', 'undi', 'motor', 'mahar', 'nikah']	positive
['enggak', 'fitur', 'card', 'less', 'bni', 'mobile', 'banking', 'cs', 'install', 'wonder', 'instead', 'of', 'bni', 'mobile', 'banking', 'langsung', 'un', 'install', 'menyesal']	negative
['isi', 'pulsa', 'gagal', 'kirim', 'saldo', 'potong', 'bagaimana', 'saldo', 'terimakasih']	positive
['jam', 'baik', 'tunda', 'kegiatanmau', 'transaksi', 'bisadari', 'tagih', 'orang', 'bayar', 'perbaikanmau']	negative
['lumayan', 'terkadang', 'jam', 'malam', 'susah', 'menarik']	neutral
['pakai', 'wonder', 'by', 'bni', 'hapus', 'kali', 'istri', 'download', 'sudah', 'enggak', 'masuk', 'katannya', 'kantor', 'cabang', 'bni', 'dekat', 'sudah', 'kesana', 'cek', 'data', 'enggak', 'data', 'enggak', 'aktivasi', 'wonder', 'by', 'bni', 'nnya', 'coba', 'baik', 'aplikasi', 'wonder', 'nnya']	negative
['efektif', 'efisien']	positive
['aplikasi', 'mudah', 'gunakansimpel', 'mudah', 'paham', 'semuga', 'bni', 'baik']	positive
['kasih', 'bintang', 'sudah', 'direpon', 'bank', 'bni', 'spek', 'hp', 'cukup', 'oppo', 'a', 'wondr', 'by', 'bni', 'naik', 'speknya', 'spek', 'os', 'osnya', 'bug', 'terima', 'kasih']	neutral
['transfer', 'bayar', 'akulaku', 'playlater']	neutral
['sumpah', 'bikin', 'kesel', 'tibatiba', 'password', 'enggak', 'masuk', 'bikin', 'password', 'verifikasi', 'wajah', 'berkalikali', 'enggak', 'asli', 'kesel', 'sumpah']	neutral
['minus', 'mata', 'atas', 'verifikasi', 'wajah', 'lepas', 'kacamata', 'gagal', 'baca', 'perintah', 'layar', 'buram', 'bos', 'tolong', 'pakai', 'bantu', 'perintah', 'voice', 'verifikasi', 'wajah', 'terimakasih']	negative
['saldo', 'transferpadahal', 'saldo']	negative
['tampil', 'tarik', 'mudah', 'digunakansudah', 'ringkas', 'pasu', 'keluar', 'pantau', 'uang']	positive
['bagus', 'sih', 'kendala', 'login', 'aplikasi', 'aman', 'bobol', 'mohon', 'tingkat', 'performa', 'aman']	positive
['aplikasi', 'bagus', 'lengkap', 'ringan', 'responsif', 'tingkat', 'verifikasi', 'wajah', 'daftar', 'kedip', 'mata', 'gagal', 'aplikasi', 'screenshot', 'mohon', 'lengkap', 'koneksi', 'ewallet', 'linkaja', 'terimakasih']	neutral
['kecewa', 'kemarin', 'tarik', 'tunai', 'internasional', 'enggak bisa', 'label', 'master', 'card', 'limit', 'saldo', 'pakai', 'minimum', 'endap', 'saldosangat', 'rugi', 'transaksi', 'saldo', 'ngepas', 'ubah', 'aplikasi', 'tingkat']	negative
['bagus', 'mudah', 'bantu', 'daftar', 'mudah', 'banget', 'mudah', 'pokok', 'cocok', 'kaum', 'mager', 'bank']	positive
['pindah', 'aplikasi', 'bni', 'mobile', 'wondr', 'mengira', 'upgrade', 'downgrade', 'enggak bisa', 'tarik', 'tunai', 'kartu', 'enggak bisa', 'blokir', 'saldo', 'tolong', 'baik']	negative
['aplikasi', 'eror', 'tambah', 'menu', 'setor', 'tarik', 'tunai']	neutral
['bagus', 'aflikasi', 'moga', 'sukses']	positive
['sayang', 'bayar', 'pbb', 'kota', 'kota', 'jawabaratseperti', 'kota', 'bandung', 'kab', 'bandungmohon', 'tambah', 'kotakabbandung']	neutral
['manamana', 'aplikasi', 'ngribetin', 'pakai', 'syarat', 'macemmacem', 'bni', 'ngrekomendasiin', 'mencari', 'untung', 'sama', 'bangking', 'upgrad', 'duit', 'paksa', 'download', 'uploat', 'ktp', 'memakai', 'poto', 'selfie', 'sistem', 'sih', 'andai', 'memilih', 'memakai', 'bank', 'mah', 'memilih', 'bang', 'negara', 'kalah', 'bank', 'negara', 'satpam', 'njomplang', 'jauh']	negative
['terimakasih', 'kakak', 'jawabannyaaplikasi', 'lengkap', 'mudah', 'enggak', 'ribetpendaftaran', 'gampangdisarankan', 'pakai', 'wifi', 'nice', 'job']	positive
['banyak', 'fitur', 'bni', 'mobile', 'adakan', 'cepat', 'pindahin', 'fitur']	neutral
['nayamul', 'loginnya', 'enggak', 'mudah', 'aplikasi']	neutral
['menu', 'tarik', 'tunai', 'setor', 'tunai', 'non', 'kartu', 'aplikasi', 'bni', 'mobil', 'non', 'aktif', 'release', 'kalo', 'final', 'langgan', 'susah', 'min']	positive
['mudah', 'transaksi']	positive
['update', 'baru', 'lot', 'banget', 'buka', 'aplikasi', 'sudah', 'update', 'ada', 'dimna', 'baik']	negative
['lebih', 'promo', 'sisa', 'minus', 'banding', 'bni', 'mobile', 'tarik', 'tunai', 'layoutnya', 'bingung', 'top', 'up', 'aneh', 'gara', 'gara', 'kelompokin', 'ewallet', 'sesuai', 'urut', 'alfabet', 'nama', 'simpan', 'segi', 'estetika', 'aneh', 'gue', 'fitur', 'jujur', 'peduli', 'fitur', 'mengatur', 'uang', 'tidak', 'nyaman', 'bni', 'tolong', 'improve', 'appnya', 'overall', 'aplikasi', 'bom', 'mateng', 'kalo', 'gin', 'mending', 'pakai']	negative
['rumit', 'login', 'verifikasi', 'wajah', 'verifikasi', 'kedip', 'mata', 'deteksi', 'wajah', 'sesuai', 'milik', 'sesal', 'pakai', 'aplikasi']	negative
['simpel', 'fitur', 'bni', 'mobile', 'hilang', 'mobile', 'tunai', 'transaksi', 'kartu', 'transaksi', 'rdn', 'sbn', 'retail']	negative
['top', 'up', 'ewalet', 'cuma', 'juta', 'hrbeda', 'mobilbanking', 'bni', 'bebas', 'limit', 'nyatolong', 'masih', 'banyak', 'kurang', 'wonder', 'inid', 'baik', 'lgbiar', 'transaksi', 'lebih', 'enak', 'gampang', 'bingungmenu', 'masih', 'eror']	negative
['tampil', 'fresh', 'mudah', 'paham', 'fitur', 'ewalet', 'kendala', 'kendala', 'sistem', 'tolong', 'baik']	neutral
['apk', 'kalau', 'komplain', 'emailsdgkn', 'email', 'proses', 'lamaklu', 'chat', 'wa', 'langsung', 'dengan', 'cs', 'cepat', 'direspon']	neutral
['bagus', 'mudah', 'guna']	positive
['kesini', 'susah', 'buka', 'apk', 'kadang', 'buka', 'enak', 'dulu', 'laut', 'buka', 'apk', 'ndk']	neutral
['apk', 'tarik', 'warna', 'lengkap', 'kayak', 'bni', 'mobile', 'ditambahin', 'kayak', 'fitur', 'menu', 'didik', 'bayar', 'spp', 'bingung', 'cari', 'menu', 'enggak', 'ketemu', 'bni', 'mobile', 'pisah', 'menu', 'menu', 'gabung', 'biar', 'bingunng', 'cari']	negative
['bagus', 'gangguantrobel', 'terusdisaat', 'butuh', 'apknya', 'ngeleg', 'mulu']	negative
['mohon', 'kerja', 'min', 'masuk', 'kadang', 'masuk', 'tunggu', 'masuk', 'bolak', 'masuk', 'mohon', 'bantu', 'min']	neutral
['aplikasi', 'bagus', 'buka', 'aplikasi', 'masalah', 'menginstal', 'ulang', 'aplikasi', 'hubung', 'baik', 'kendala']	negative
['pakai', 'wondr', 'bni', 'transaksi', 'lancar']	positive
['bintang', 'sih', 'selesai', 'registrasi', 'login', 'ulang', 'looping', 'syarat', 'tentu', 'guna', 'login', 'enggak', 'aplikasi', 'pakai', 'enggak usah', 'launching', 'siap', 'matang', 'diujicoba', 'aplikasi', 'pakai', 'kasihan', 'guna', 'paksa', 'migrasi', 'wondr', 'transaksi', 'kendala', 'mending', 'pakai', 'mbanking', 'suruh', 'clear', 'historycache']	negative
['aplikasi', 'bantu', 'syekalii']	positive
['beli', 'token', 'duit', 'ambil', 'token', 'masuk', 'struknya', 'muncul', 'korupsi', 'tolong', 'perhati', 'aplikasi', 'bni', 'mobile', 'tulis', 'uang', 'transaksi', 'sudah']	neutral
['alhamdulillah', 'aplikasi', 'wondr', 'by', 'bni', 'praktis', 'pantang', 'ribet', 'utama', 'menu', 'express', 'step', 'selesai', 'transaksi', 'qris', 'ewallet', 'tapcash', 'tampil', 'oke', 'warna', 'cerah', 'tular', 'semangat', 'antusias', 'jalan', 'aktifitas', 'hari', 'transaksi', 'perban', 'terima', 'kasih', 'bni', 'jaya', 'setia', 'baik', 'nasabah']	positive
['update', 'aplikasi', 'enggak', 'buka', 'terang', 'kendala', 'system', 'coba', 'bagaimana', 'solusi']	negative
['enggak jelas', 'banget', 'maba', 'terima', 'kipk', 'suruh', 'install', 'aplikasi', 'mengecek', 'saldo', 'hubung', 'rekening', 'bni', 'suruh', 'foto', 'ktp', 'suruh', 'memasuki', 'nomor', 'kartu', 'teman', 'teman', 'foto', 'ktp', 'langsung', 'verifikasi', 'wajah', 'suruh', 'memasuki', 'nomor', 'kartu', 'bagaimana', 'cerita', 'sudah', 'minggu', 'coba', 'tetap']	neutral
['uang', 'enggak', 'kirim', 'email', 'bni', 'call', 'sampai', 'sekarang', 'kabar', 'moga', 'cepat', 'baca', 'sudah', 'nyerah', 'banget', 'tolong', 'balikin', 'duit', 'kapok', 'pakai', 'bni', 'ckckck']	negative
['bagaimana', 'aplikasi', 'sudah', 'nyaman', 'banget', 'riwayat', 'transaksi', 'langsung', 'muncul', 'muncul', 'banget', 'sudah', 'transfer', 'eh', 'malah', 'bukti', 'transfer', 'enak', 'mbanking', 'bni', 'mobile', 'banyak', 'eror', 'kayak']	negative
['bagus', 'mudah', 'penggunaanya']	positive
['cepat', 'muas']	positive
['login', 'ngulang', 'foto', 'ktp', 'foto', 'wajah', 'ribet', 'banget', 'tolong', 'benerin', 'system', 'hp', 'memasuki', 'password', 'pin', 'ngulang', 'ktp', 'ribet', 'aplikasi', 'rusak']	negative
['install', 'daftar', 'beres', 'hasil', 'logout', 'aplikasi', 'coba', 'login', 'halaman', 'tuju', 'guna', 'aplikasi', 'daftar', 'dicentangin', 'notif', 'sesi', 'selesai', 'instruksi', 'login', 'aplikasi', 'halaman', 'login', 'halaman', 'daftar', 'mobile', 'banking', 'pakai', 'wondr', 'ribet']	neutral
['aplikasi', 'wodr', 'simpel', 'mudah', 'transaksi', 'mudah', 'monitor', 'keluar', 'pasu', 'uang']	positive
['wonder']	positive
['transaksi', 'bayar', 'pdamselalu', 'errorpdhal', 'bank']	neutral
['login', 'masuk', 'susah', 'vertigikasi', 'wajah', 'gagal', 'terus', 'aplikasi', 'enggak']	negative
['suruh', 'tengok', 'buka', 'mulut', 'kedip', 'mata', 'sampai', 'gel', 'pegang', 'lampu', 'terangakhirnya', 'suruh', 'besok']	negative
['pakai', 'sama', 'banking', 'lamakarena', 'wonder', 'bni', 'errornyakayaknya', 'pakai', 'nih', 'wondr', 'bni']	neutral
['mudah']	positive
['enak', 'aplikasi', 'lamawonder', 'ngelagloading', 'dibukafitur', 'lengkap']	negative
['transaksi', 'ewallet', 'batas', 'kalau', 'aplksi', 'batas', 'anehh', 'uang', 'batas', 'keluar']	negative
['ribet', 'kali', 'apk', 'sih', 'mbanking', 'transaksi', 'beli', 'token', 'listrik', 'pakai', 'wonder', 'by', 'bni', 'coba', 'pisah', 'fungsi', 'bagus', 'fungsi', 'dijadikan', 'apk', 'download', 'apk', 'error', 'itu']	negative
['aplikasi', 'kembang', 'hp', 'compatiblecocok', 'transfer', 'barcodepengganti', 'nomer', 'rekening', 'sedia', 'sedia', 'tarik', 'tunai', 'kartu', 'nama', 'rekening', 'listrik', 'susah', 'meter', 'isi', 'token', 'aplikasi', 'jelek', 'bni', 'mobile']	negative
['aplikasi', 'sudah', 'bagus', 'simpel', 'kini', 'interfacenya', 'sudah', 'keren', 'lengkap', 'fiturny', 'banding', 'mbanking', 'sudah', 'coba', 'kali', 'kali', 'aktifin', 'login', 'biometrik', 'gagal', 'sampai', 'halaman', 'tuju', 'enggak', 'susah', 'login', 'mesti', 'memasuki', 'password']	neutral
['alhamdulillah', 'bantu', 'mudah', 'transaksi']	positive
['beli', 'paket', 'data', 'transaksi', 'gagal', 'saldo', 'tetap', 'potong', 'enggak ada', 'opsi', 'cencel', 'lapor', 'enggak', 'respon', 'payah', 'buang', 'duit', 'orang']	negative
['cepat', 'percaya']	positive
['gagal', 'login', 'butuh', 'bayar', 'kendala', 'bug', 'aplikasi']	negative
['tampil', 'eye', 'catching', 'user', 'friendly', 'aplikasi', 'bantu']	positive
['apk', 'enggak bisa', 'buka', 'kayak', 'gin', 'sudah', 'refresh', 'sudah', 'uninstal', 'download', 'enggak bisa', 'buka', 'kayak', 'tahi', 'orang', 'urgen', 'gin']	neutral
['susah', 'verifikasi', 'bantu', 'payah', 'aplikasi']	negative
['sistem', 'sifat', 'prifasi']	neutral
['foto', 'ktp', 'terang', 'foto', 'sesuai', 'kamera', 'bagus', 'cahaya', 'bagus', 'bni', 'rilis', 'aplikasi', 'apk', 'buruk', 'belum', 'launcing', 'berani', 'publikasi', 'tolong', 'baik']	negative
['kalo', 'buka', 'tab', 'bni', 'gampang', 'banget', 'datang', 'cabang', 'aplikasi', 'ribet', 'sat', 'set', 'mantap', 'bni']	positive
['dikit', 'eror', 'dikit', 'baik', 'ajar', 'aplikasi', 'bni', 'malah']	neutral
['bantu', 'mudah', 'transaksi']	positive
['bantu', 'terima', 'kasih']	positive
['top', 'up', 'e', 'wallet', 'batas', 'hari', 'mending', 'batas', 'top', 'up']	neutral
['daftar', 'ribet', 'rek', 'bni', 'mudah', 'seperti', 'buka', 'rekening', 'bni', 'edit', 'tambah', 'saldo', 'bni', 'mobile', 'baca', 'wondr', 'by', 'bni', 'edit', 'kemarin', 'bni', 'kantor', 'cabang', 'dekat', 'ganti', 'kartu', 'debitatm', 'expired', 'bantu', 'cs', 'jam', 'uninstal', 'instal', 'ulang', 'muncul', 'tuh', 'saldo']	neutral
['mudah']	positive
['daftar', 'verifikasi', 'wajah']	neutral
['saran', 'baik', 'sistem', 'jam', 'salah', 'perbaikanpengoptimalan', 'jam', 'malam', 'ganggu', 'transaksi', 'nasabah', 'siang']	neutral
['aplikasi', 'rekomendedd', 'gampang', 'banget', 'dipakai', 'mengatur', 'duit', 'transfer', 'bayar', 'pakai', 'qris', 'isi', 'saldo', 'ewallet']	positive
['login', 'bikin', 'tabung', 'virtual', 'no', 'telepon', 'email', 'no', 'telepon', 'email', 'bni', 'mbangking', 'bagaimana', 'nih']	negative
['ayo', 'lengkap', 'fitur']	positive
['parah', 'aplikasi', 'sulit', 'banget', 'deteksi', 'wajah']	negative
['sudah', 'bulan', 'setia', 'kali', 'top', 'up', 'ganguan', 'fitur', 'sedia']	neutral
['login', 'pakai', 'wondr']	positive
['fiturfitur', 'aplikasi', 'sama', 'banking', 'bni', 'beda', 'posisipenempatan', 'jujur', 'paham', 'bni', 'aplikasi', 'dengan', 'isi']	neutral
['mudah']	positive
['lengkap', 'apk', 'bni', 'mobile', 'banking', 'bayar', 'cashless', 'pertamina', 'gas', 'lpg', 'kg', 'tolong', 'lengkap', 'apk', 'berat', 'ponsel']	neutral
['bantu', 'terima', 'kasih']	positive
['mudah', 'transaksi']	positive
['banyak', 'fitur', 'protec']	positive
['kenapa', 'baik', 'kadang', 'urgent', 'enggak', 'buka', 'karena', 'baik']	negative
['tolong', 'transaksi', 'muncul', 'berita', 'dongseperti', 'bni', 'mobile', 'kita', 'tau', 'terang', 'transaksi']	neutral
['benar', 'login', 'masuk', 'data', 'ulang', 'kali', 'bilang', 'masuk', 'data', 'masuk', 'besok', 'butuh', 'transaksi']	negative
['wondr', 'by', 'bni', 'tarik', 'tunai', 'kartu', 'tolong', 'baik', 'fasilitas']	neutral
['bni', 'satu', 'transaksi', 'hasil', 'saldo', 'potong', 'notif', 'customer']	negative
['tolong', 'baik', 'yadari', 'transfer', 'utbk', 'anak']	negative
['masuk', 'aplikasi', 'alias', 'lemoot']	neutral
['transfer', 'bni', 'mobile', 'catat', 'transaksi', 'masuk', 'wonder', 'saldo', 'tambah', 'tingkat', 'catat', 'masuk', 'transfer', 'biar', 'cepat', 'baca', 'wonder']	neutral
['muantap', 'cuman', 'notif', 'doang']	positive
['baik', 'bgian', 'mutasipilih', 'mingupilih', 'pengeluran', 'muncul', 'mutasi', 'dengan', 'norek']	positive
['tunggu', 'fitur', 'investasi', 'lengkap', 'bank', 'belah', 'sahamindo', 'us', 'sbn', 'reksa', 'tabung', 'emas', 'biar', 'install', 'aplikasi', 'moga', 'maju', 'wondr']	positive
['aplikasi', 'enggak', 'top', 'up', 'sudah', 'kali', 'kali', 'mencoba', 'tetap', 'enggak', 'tulis', 'aplikasi', 'baik', 'mulu', 'padahal', 'deh', 'hari']	neutral
['bagus', 'aplikasi', 'susah', 'login', 'loginnya', 'tolong', 'tim', 'itu', 'baik', 'program', 'lamban', 'enggak', 'buka', 'costumer', 'mesti', 'aplikasi', 'karena', 'cepat', 'tanggap', 'program']	neutral
['ribet', 'iniorng', 'tf', 'tebaca', 'apk', 'wondr', 'bni', 'mobile', 'banking', 'tebaca', 'ada', 'tf', 'sayagmna', 'ya', 'begitu', 'kadang', 'lelet', 'pemberitahuannya', 'ada', 'tf', 'apk', 'masuk']	negative
['maaf', 'halaman', 'riwayat', 'transaksi', 'tampil', 'rincian', 'keluarmasuk', 'saldo', 'lengkap', 'kredit', 'debit', 'total', 'saldo', 'guna', 'saldo', 'transaksi', 'aplikasi', 'bni', 'mobile', 'banking', 'tingkat', 'guna', 'nyaman', 'transaksi', 'aplikasi', 'bni', 'mobile', 'banking', 'terimakasih']	neutral
['aplikasi', 'upgrade', 'mobile', 'banking', 'cepat', 'komunikatif', 'user', 'friendly']	positive
['ditf', 'rekening', 'temenku', 'mutasi', 'wonder', 'ku', 'informasi', 'dana', 'masuk', 'sekian', 'mnurutku', 'transaksi', 'apa', 'lapor', 'lengkap', 'ku', 'pribadi', 'suka', 'bni', 'mobile', 'banking']	positive
['mantap', 'baik', 'lagih', 'sistem', 'karena', 'moga', 'cepat', 'lancar']	positive
['aplikasi', 'wondrselalu', 'dramaverifikasi', 'wajah', 'minggu', 'enggak', 'beres', 'beresselalu', 'ulang', 'gagal', 'ulang', 'lagisedangkn', 'darurat', 'tolong', 'baik', 'mudah']	neutral
['payah', 'upgrade', 'bni', 'mobile', 'banking', 'wondr', 'akan', 'siap', 'kurangingin', 'transaksi', 'pengembanganseharusnya', 'bni', 'luncur', 'aplikasi', 'matangkalo', 'aplikasi', 'wondr', 'down', 'grade']	negative
['fitur', 'aktivasi', 'rekening', 'pasif', 'rekening', 'nyataka', 'aktif', 'pakai', 'mohon', 'mudah', 'fitur', 'aktivasi', 'online', 'aktivasi', 'cabang', 'jarak', 'tempuh', 'rumah', 'kantor', 'cabang', 'bni']	positive
['tim', 'baik', 'sistem', 'login', 'alami', 'kendala', 'transaksi', 'aplikasi', 'download', 'solusi', 'data', 'terima', 'kasih']	neutral
['fitur', 'bni', 'mobile', 'sedia', 'wonder', 'aktivasi', 'kartu', 'begeri', 'menu', 'tarik', 'tunai', 'indomartalfa', 'history', 'transaksi', 'nilai', 'transaksi', 'cari', 'lokasi', 'menu', 'susah', 'menu', 'bantu', 'pakai', 'bni', 'mobile', 'wonder', 'aplikasi']	neutral
['baik', 'fitur', 'verifikasi', 'wajah', 'langkah', 'langkah', 'ikut', 'kedip', 'mata', 'banget', 'apk']	negative
['aplikasi', 'buruk', 'buruk', 'buruk', 'masak', 'verifikasi', 'wajah', 'coba', 'kali']	negative
['registrasi', 'wondr', 'hp', 'direset', 'ulang', 'instal', 'ulang', 'kendala', 'guna', 'daftar', 'ulang', 'kantor', 'cabang', 'dekat', 'kamu', 'isi', 'listrik', 'via', 'bni', 'mobile', 'enggak', 'suruh', 'pakai', 'wondr', 'tolong', 'min', 'apk', 'update', 'tombol', 'login']	neutral
['suka', 'pakai', 'wondr', 'bantu', 'terimakasih', 'wondr']	positive
['susah', 'loadingnyaaplikasi', 'payahbeda', 'aplikasi', 'kompetitor']	neutral
['parah', 'banget', 'cepat', 'banget', 'bingung', 'apa', 'cepat', 'transaksi', 'mencoba', 'transaksi', 'wondr', 'kaget', 'banget', 'enggak', 'sih', 'transaksi', 'pakai', 'wondry', 'nih', 'moga', 'bagus', 'wondr', 'biar', 'coba', 'transaksi', 'kaget', 'tarus']	positive
['cepat', 'efisien']	positive
['tampil', 'kini', 'warna', 'tarik', 'kaku', 'terima', 'kasih', 'menu', 'tarik', 'tunai', 'bni', 'mobile', 'e', 'statement', 'batas', 'transfer', 'dana', 'virtual', 'account', 'bayar', 'bulan', 'listrikair', 'belanja', 'butuh', 'rumah', 'tangga', 'olshop']	positive
['tunggu', 'aplikasi', 'wondr', 'bebas', 'bug', 'lag', 'menggangu', 'tambah', 'fitur', 'pakai', 'bni', 'mobile', 'banking']	negative
['aplikasi', 'wondrselalu', 'dramaverifikasi', 'wajah', 'minggu', 'enggak', 'beres', 'beresselalu', 'ulang', 'gagal', 'ulang', 'lagisedangkn', 'darurat', 'tolong', 'baik', 'mudah']	neutral
['halo', 'bank', 'bni', 'daftar', 'wondr', 'aplikasi', 'normal', 'akhirakhir', 'aplikasi', 'fungsi', 'tombol', 'login', 'aplikasi', 'muncul', 'menu', 'daftar', 'masuk', 'email', 'nomor', 'hp', 'daftar', 'data', 'tombol', 'login', 'sana', 'mohon', 'baik']	negative
['aplikasi', 'ganggu']	neutral
['aplikasi', 'ribet', 'favorit', 'transaksi']	negative
['aplikasi', 'maintenance', 'kalo', 'siang', 'transaksi', 'banking', 'repot', 'parah', 'mending', 'bni', 'mobile', 'banking', 'jarang', 'maintenance']	negative
['gagal', 'transfer', 'virtual', 'account', 'sisa', 'saldo', 'cukup']	negative
['bagus', 'lebih', 'mudah', 'transaksi']	positive
['verifikasi', 'wajah', 'susah', 'sih', 'kedip', 'sudah', 'kedip', 'sampai', 'gel', 'tetap', 'enggak']	neutral
['susah', 'buka', 'bayangkan', 'resto', 'bayar', 'mengantri', 'tb', 'tb', 'wondrnya', 'enggak bisa', 'buka', 'tolong', 'baik', 'jaring', 'lancar', 'lancar']	negative
['mudah', 'transaksi', 'offline', 'online', 'transfer', 'kesana', 'gampang', 'fitur', 'mudah', 'erti', 'qris', 'cepat', 'sat', 'set']	positive
['ganggu', 'aplikasi', 'buka', 'mutasi', 'rekening', 'detail', 'bni', 'mbanking', 'moga', 'atas']	negative
['app', 'wordr', 'ganggu', 'buka', 'pakai', 'wifi', 'buka', 'pakai', 'paket', 'internet', 'bagaimana', 'app']	neutral
['kece', 'history', 'transaksi', 'tingkat', 'biar', 'bni', 'mobile', 'mana', 'tau', 'biaya', 'tagih', 'bulan', 'rekening', 'kartu', 'sistem', 'tingkat', 'gua', 'transfer', 'enggak', 'pakai', 'wondr', 'karena', 'ganggu', 'eh', 'pakai', 'mobile', 'banking']	neutral
['apps', 'ajar', 'app', 'bni', 'mobile', 'sudah', 'enggak', 'pakai', 'apps', 'masalah', 'mau', 'sih', 'bni', 'nyuruh', 'pindah', 'bank', 'halus', 'bagaimana', 'nih']	negative
['bagus', 'login', 'bni', 'mobile', 'banking', 'login', 'pakai', 'sidik', 'jari', 'password', 'kalo', 'wondr', 'pakai', 'settingan', 'pakai', 'sidik', 'jari', 'non', 'aktifin']	neutral
['bagus', 'inggin', 'transfer', 'dana', 'limit', 'bni', 'mobile', 'bangking', 'tolong', 'baik', 'tingkat', 'nyaman', 'guna', 'wondr', 'by', 'bni']	neutral
['temu', 'halaman', 'login', 'halaman', 'kayak', 'daftar', 'guna', 'tolong', 'baik', 'masak', 'kantor', 'cabang']	negative
['baru', 'menginstal', 'aplikasi', 'nomor', 'kenal', 'muncul', 'atas', 'nama', 'bni', 'aplikasi', 'aman', 'dipakai', 'telpon', 'tau', 'berapa', 'pakai', 'produk', 'bni', 'dengn', 'iming', 'bonus', 'dll', 'pakai', 'bni', 'mobile', 'tolong', 'kembali', 'aplikasi']	negative
['harap', 'bni', 'launch', 'produk', 'mobile', 'baru', 'sayang', 'kecewa', 'jujur', 'mobil', 'banking', 'bni', 'buruk', 'login', 'ulang', 'lewat', 'verifikasi', 'masuk', 'ktp', 'verifikasi', 'wajah', 'lelah', 'nali', 'wajah', 'sangat', 'cepat', 'habis', 'error', 'tunggu', 'esok', 'orang', 'tua', 'sangat', 'lelah', 'lewat', 'proses', 'tersebut', 'contoh', 'apps', 'masuk', 'id', 'pas']	negative
['bagus', 'bantu']	positive
['aplikasi', 'bagus', 'menu', 'tarik', 'tunai', 'harap', 'bank', 'bni', 'hadir', 'menu', 'tambah', 'tarik', 'tunai', 'kartu', 'bni', 'moblie', 'aplikasi', 'wondr', 'by', 'bni']	neutral
['masih', 'aman', 'karena', 'masih', 'transaksi', 'ringan', 'lihat', 'lebih', 'banyak', 'fiturnya', 'bni', 'mobile', 'wondr', 'by', 'bni', 'masih', 'banyak', 'fitur', 'sampai', 'sekarang', 'dapat', 'mpn', 'bayar', 'terima', 'negara', 'pakai', 'pembayrn', 'daftar', 'panjang', 'pasport', 'kantor', 'imigrasi', 'dll', 'padahal', 'bni', 'mobile', 'lengkap', 'ribet', 'mhn', 'baik', 'wondr', 'by', 'bni', 'memang', 'depanx', 'alih', 'dari', 'bni', 'mobile', 'hrsx', 'aplikasi', 'lebih', 'mantap', 'dari', 'bni', 'mobile']	negative
['enggak', 'transfer', 'eror', 'mulu', 'alas', 'tim', 'baik']	neutral
['wondr', 'by', 'bni', 'mudah']	positive
['apk', 'enggak jelas', 'kemarin', 'top', 'up', 'gopay', 'top', 'up', 'status', 'gagal', 'saldo', 'tetap', 'potong', 'masuk', 'kalih', 'akun', 'gopay', 'coba', 'kali', 'hasil', 'uang', 'top', 'up', 'sudah', 'coba', 'hubung', 'cs', 'email', 'sampai', 'kok', 'lanjut', 'ya']	negative
['mudah', 'transaksi', 'daftar', 'enggak', 'ribet']	positive
['bintang', 'login', 'kadang', 'ganggu', 'apalagi', 'transfer', 'jaring', 'sinyal', 'bangus', 'untung', 'pakai', 'bni', 'mobile', 'bangking', 'transaksi', 'moga', 'dieprbaiki', 'aplikasi', 'trm']	neutral
['kali', 'masuk', 'aplikasi', 'payah', 'lambat']	negative
['suka', 'error', 'sempurna', 'app']	neutral
['bagus', 'banget', 'mudah']	positive
['kembali', 'fitur', 'history', 'transaksi', 'bos']	neutral
['verifikasi', 'download', 'dihp', 'verifikasi', 'ulang', 'langsung', 'login', 'tolong', 'fitur', 'langsung', 'login', 'verifikasi', 'ulang']	neutral
['aplikasi', 'optimal', 'ngelag', 'fitur', 'adaptasi', 'lengkap', 'mobile', 'banking', 'versi', 'tolong', 'optimal']	positive
['kalo', 'buka', 'fitur', 'baik', 'kendala', 'kalo', 'hapus', 'apk', 'download', 'ulang', 'uang', 'utuh']	negative
['sekarang', 'mental', 'masuk', 'aplikasi', 'masak', 'instal', 'unistal', 'kali', 'pakai', 'bni', 'update', 'enggak ada', 'perintah', 'playstore', 'auto', 'install', 'unistall', 'ros']	negative
['halo', 'admin', 'nih', 'maintanance', 'kah', 'mentok', 'logo', 'mulu', 'enggak bisa', 'login']	negative
['bni', 'aplikasi', 'inicukuplah', 'bni', 'mobile', 'bankingterlalu', 'diingattiap', 'kali', 'wonder', 'lupa', 'sandi', 'passwordnyadan', 'ulangapakah', 'pikir', 'aplikasi', 'bni', 'orang', 'sungguh', 'salah', 'langkahbukannya', 'mudah', 'sulit', 'nasabah']	negative
['aplikasi', 'tampil', 'bosan', 'respons', 'trx', 'qr', 'cepat', 'shortcut', 'trx', 'kartu', 'menu', 'proses', 'layak', 'tunggu', 'lengkap', 'aplikasi', 'wondr']	positive
['download', 'cepat', 'respon', 'pemakaianlemot', 'kali', 'coba', 'masuk', 'login', 'password', 'loading', 'kurang', 'niat', 'download', 'aplikasi', 'mohon', 'baik']	negative
['uninstall', 'download', 'mentok', 'logo', 'wondrada', 'solusi', 'kembang']	negative
['bingung', 'transfer', 'dana', 'batas', 'nominal']	neutral
['signal', 'bagus', 'cepat', 'bagus']	positive
['aplikasi', 'bingung', 'tadi', 'beli', 'token', 'listrik', 'nomor', 'tokennya', 'enggak', 'langsung', 'tampil', 'kesal', 'mohon', 'perhati', 'bni']	neutral
['layan', 'fasilitas', 'oke']	positive
['bagus', 'pakai', 'bni', 'mobile', 'banking', 'menu', 'wnder', 'bikin', 'bingung', 'beli', 'token', 'listrik', 'input', 'idpel', 'kalau', 'mob', 'banking', 'sudah', 'option', 'safe', 'favorit']	neutral
['saldo', 'sudah', 'potong', 'no', 'token', 'enggak', 'masuk', 'su']	negative
['enak', 'pakai', 'bni', 'mobile', 'banking', 'bendahara', 'giat', 'kantor', 'pakai', 'bni', 'mobile', 'banking', 'pegawai', 'tau', 'rincian', 'nama', 'giat', 'masuk', 'wondr', 'dari', 'rincoan', 'rekening', 'kirim', 'nominal', 'uang', 'teman', 'keluh', 'cek', 'aplikasi', 'uninstall', 'wondr', 'pakai', 'bni', 'mobile', 'error', 'login']	neutral
['buka', 'rek', 'bni', 'wonder', 'sekitar', 'bulan', 'belum', 'saldo', 'sekarang', 'buka', 'apak', 'padahal', 'isi', 'saldo']	negative
['bintang', 'kalah', 'dengan', 'bank', 'bumn', 'kelas', 'mandiri', 'dengan', 'livin', 'bri', 'brimo', 'bsi', 'byond', 'bank', 'digital', 'swasta', 'kayak', 'blu', 'by', 'baca', 'digital', 'fitur', 'tariksetor', 'tunai', 'cardlessnya', 'asli', 'downgrade', 'lho', 'dari', 'apps', 'kurang', 'otp', 'beban', 'guna', 'mengapai', 'pakai', 'otp', 'atm', 'mandiri', 'bri', 'bsi', 'baca', 'pakai', 'otp', 'cardless', 'lho', 'nomor', 'transaksi', 'atm', 'cardless', 'saja', 'loh', 'too', 'bad']	neutral
['susah', 'suruh', 'verifikasi', 'wajah', 'lurus', 'layar', 'enggak bisa', 'sudah', 'coba', 'kali', 'kali', 'suruh', 'besok', 'menunggu', 'jam']	negative
['install', 'aplikasi', 'langsung', 'asa', 'beda', 'butuh', 'transfer', 'cek', 'saldo', 'bayarbayar', 'tagih', 'selesai', 'aplikasi', 'fitur', 'tambah', 'bikin', 'alam', 'pakai', 'aplikasi', 'praktis', 'plus', 'csnya', 'responsif', 'banget', 'kendala', 'pokok', 'puas', 'banget', 'pakai', 'wondr', 'by', 'bni']	positive
['menginstal', 'aplikasi', 'alhamdulillah', 'lancar', 'mudah', 'aktivasinya', 'cepat', 'enggak', 'ribet', 'terima', 'kasih', 'wondr', 'by', 'bni']	positive
['kenapa', 'transfer', 'uang', 'sekolah', 'anak', 'bulan', 'ketik', 'manual', 'nomor', 'rekening', 'terus', 'buk', 'kenapa', 'ya', 'potong', 'admn', 'bulan', 'sampai', 'ribu', 'beda', 'bank', 'ribu']	positive
['transksi', 'saldo', 'tf', 'saldo']	negative
['devoleper', 'wonder', 'bni', 'saran', 'tolong', 'membuat', 'fitur', 'cardlessnya', 'menarik', 'uang', 'kartu', 'atm', 'membuat', 'fitur', 'mutasi', 'rekening', 'pasu', 'keluar', 'download', 'rekap', 'minggu', 'bulan', 'saran', 'fitur', 'bagus', 'fitur', 'sedia', 'mohon', 'isi', 'apps', 'wondernya', 'terimakasih']	positive
['fitur', 'tarik', 'tunai', 'kartu']	positive
['wondr', 'by', 'bni', 'tawar', 'fitur', 'bayar', 'pakai', 'qris', 'top', 'up', 'e', 'wallet', 'tampil', 'aplikasi', 'simpel', 'mudah', 'guna']	positive
['download', 'bni', 'mobile', 'banking', 'gaboleh', 'suruh', 'wondr', 'satpam', 'suruh', 'download', 'wondr', 'ku', 'cardless', 'daftar', 'mobile', 'banking', 'bank', 'registrasi', 'id', 'malas', 'suruh', 'migrasi', 'fitur', 'pada', 'apk', 'cardless', 'enggak bisa']	negative
['tolong', 'aplikasi', 'login', 'kecuali', 'sudah', 'keluar', 'login']	positive
['cepat', 'banget', 'tf']	positive
['mudah', 'cepat', 'praktis', 'mobile', 'banking']	positive
['pakai', 'transaksi', 'negeri']	neutral
['wow', 'aplikasi', 'wondr', 'bni', 'kerendan', 'mudah', 'dipahamitapi', 'tolong', 'tambah', 'fitur', 'lai', 'kak']	positive
['uang', 'masuk', 'terang', 'tulis', 'bayar', 'kirim', 'namainstansino', 'rekening', 'kirim', 'uang', 'terang', 'kirim', 'muncul', 'terang', 'kirim', 'serta', 'terang', 'kirim', 'bayar', 'beda', 'mobile', 'banking', 'bni']	neutral
['bagus', 'guna', 'lancar', 'mantap']	positive
['aplikasi', 'buka', 'pakai', 'wifi', 'pakai', 'paket', 'data', 'tolong', 'baik']	neutral
['tolong', 'bantu', 'jelas', 'nysaya', 'verifikasi', 'data', 'wajah', 'wonder', 'bni', 'sendiridan', 'ulang', 'kalidan', 'start', 'registrasi', 'lagisedangkan', 'wonder', 'aktif']	neutral
['saldo', 'transaksi', 'mohon', 'baru', 'bagus', 'bni', 'mobile', 'detail', 'perinci', 'transaksi']	positive
['manfaat']	positive
['baik', 'transfer', 'uang', 'enggak', 'nomor', 'rekening', 'baik', 'kalau', 'aplikasi', 'baik', 'wajar', 'keluarga', 'transfer', 'uang', 'kendala', 'nomor', 'rekening', 'baik', 'mohon', 'jelas']	neutral
['kadang', 'lot']	neutral
['parah', 'sampai', 'kayak', 'gin', 'sudah', 'fitur', 'ngebug', 'enggak', 'akses', 'sekaliasli', 'enggak', 'transaksi', 'bah']	neutral
['aplikasi', 'kerenmempermudah', 'transaksiaksesnya', 'cepat', 'simple']	positive
['mudah', 'transaksi']	positive
['versi', 'poco', 'f', 'proses', 'ttd', 'langsung', 'menu', 'utama', 'ulang', 'proses']	neutral
['bantu']	positive
['pakai', 'sudah', 'logout', 'login', 'enggak', 'rua', 'terang', 'sesi']	neutral
['permintaanrequest', 'kartu', 'debit', 'kirim', 'alamat', 'ktprumah', 'aplikasi', 'terang', 'maksimal', 'kartu', 'kerja', 'kartu', 'datangakhir', 'ambil', 'kartu', 'atm', 'cabang', 'sayang', 'meminta', 'penuh', 'memprihatikan', 'layan', 'buruk', 'layan', 'bank', 'milik', 'perintah', 'aplikasi', 'fitur', 'meminta', 'kartu', 'debit', 'kirim', 'rumah', 'hilang']	negative
['kenapa', 'aplikasi', 'buka']	neutral
['daftar', 'susah', 'banget', 'habis', 'memasuki', 'no', 'hp', 'crash', 'sistem', 'diperbaikigitu', 'aplikasi', 'bagus', 'ih']	negative
['aplikasi', 'wondr', 'by', 'bni', 'transaksi', 'apa', 'mudah', 'praktis', 'simpel', 'enggak', 'ribet', 'pokok', 'bantu', 'banget']	positive
['gua', 'hapus', 'gara', 'enggak', 'masuk', 'terus', 'gua', 'instal', 'ulang', 'eh', 'ngeleg', 'terus', 'sudah', 'mah', 'mahal', 'bulan', 'terus', 'aplikasi', 'kagak', 'coba', 'bni', 'bni']	negative
['bunyi', 'notifikasi']	positive
['praktis', 'mudah', 'transaksi']	positive
['kembali', 'fitur', 'history', 'transaksi', 'bos']	neutral
['aplikasi', 'bagus', 'lancar', 'transaksi']	positive
['maintenance', 'waktu', 'saat']	neutral
['repot', 'banget', 'sih', 'aplikasi', 'fiturnya', 'saja', 'mobile', 'banking', 'kenapa', 'sudah', 'daftar', 'salah', 'password', 'masuk', 'besok', 'kondisi', 'daruray', 'bagaimana', 'pikir']	negative
['mudah', 'transaksi', 'thanks']	positive
['kenapa', 'suka', 'apk', 'karena', 'mudah', 'apk', 'wondr', 'beberapa', 'menu', 'berbelitbelit']	neutral
['jujur', 'apps', 'simple', 'fun', 'desain', 'dalam', 'warna', 'warni', 'ala', 'anak', 'muda', 'mudah', 'begitu', 'dipakenya', 'istilah', 'satset', 'enggak', 'ribet']	positive
['beli', 'paket', 'data', 'tadi', 'pagi', 'bisa', 'info', 'maintenance']	neutral
['setor', 'tunai', 'kartu', 'kak', 'kalo', 'sudah', 'mantap']	positive
['sngat', 'bantu', 'selalu', 'eror', 'kalau', 'buka', 'aplikasi', 'slallu', 'kendala', 'fitur', 'kembang', 'hapus', 'bikin']	positive
['aplikasi', 'bagus', 'cuman', 'mudah', 'log', 'ini', 'verifikasi', 'wajah', 'ganggu', 'susah', 'mohon', 'log', 'ini', 'ribet', 'log', 'ini']	positive
['aplikasi', 'loding', 'buka']	neutral
['aplikasi', 'bni', 'sms', 'banking', 'menu', 'pinjam', 'bank', 'bni', 'aplikasi', 'wondr']	positive
['suka', 'hank', 'kadang', 'bikin', 'malu', 'ambil', 'promo', 'kasir', 'lola']	neutral
['aplikasi', 'verifikasi', 'sulit', 'erti', 'bni', 'bug', 'hadeh']	negative
['aplikasi', 'tambah', 'baik', 'buruk', 'belum', 'hilang', 'eror', 'rilis', 'iya', 'saldo', 'potong', 'transaksi', 'gagal', 'kelas', 'aplikasi', 'link', 'bank', 'bumn', 'begitu', 'puas', 'langgan', 'kecewa']	negative
['malam', 'suka', 'lot']	positive
['isi', 'salin', 'salin', 'bank', 'mobile']	neutral
['eror', 'baik', 'pepet', 'butuh', 'transaksi', 'enggak bisa', 'buka', 'aplikasi', 'tolong', 'benerin']	negative
['bayar', 'qris', 'wondr', 'cepat', 'banget', 'beda', 'bank', 'belah', 'tampil', 'bagus', 'jaring', 'cepat']	positive
['kali', 'aplikasi', 'maintenanceserver', 'error', 'pakai', 'bni', 'mobile', 'pakai', 'tahun', 'server', 'masalah', 'tolong', 'tindaklanjuti', 'ganggu', 'masalah', 'butuhin', 'pilih', 'simpan', 'uang']	neutral
['kesini', 'enggak', 'jelaskalo', 'transfer', 'gagal', 'coba', 'kali', 'kali', 'berhasilpadahal', 'jaring', 'bagusminta', 'tolong', 'bni', 'wondr', 'atas']	negative
['mantap', 'wondr', 'mudah', 'berteransaksibaik', 'isi', 'pulsa', 'hptoken', 'listrik', 'dlluntuk', 'masukanx', 'guna', 'jaring', 'kayak', 'jaring', 'wifi', 'misalyadirumah', 'pakai', 'wifi', 'buka', 'wondr', 'biasax', 'buka', 'terus', 'alih', 'jaring', 'data', 'hp', 'langsung', 'kebukamkasih']	positive
['kemarin', 'verifikasi', 'verifikasi', 'wajah', 'buka', 'aplikasi', 'edar', 'kayaknyatolong', 'benah', 'kualitas', 'kalo', 'kayak', 'gin', 'mending', 'pakai', 'bni', 'mobile', 'banking', 'masak', 'aplikasi', 'ganti', 'jelek', 'verifikasi', 'wajah', 'bisatolong', 'developer', 'baik', 'aplikasi']	negative
['notif', 'transaksi', 'masuksemoga', 'ada', 'ubah']	negative
['tau', 'knap', 'ini', 'ini', 'padahal', 'sudah', 'hapus', 'terus', 'instal', 'memang', 'ganti', 'aplikasi', 'mengerti', 'ini', 'tolong', 'knapa', 'keluar', 'terus', 'login']	neutral
['guna', 'mudah', 'sayang', 'fitur', 'mobile', 'banking', 'sedia', 'wondr']	positive
['mantap', 'cuy', 'transaksi', 'cepat']	positive
['aplikasi', 'bagus', 'desain', 'enak', 'cuman', 'bayar', 'bayar', 'didik', 'kali', 'tambah', 'bayar', 'didik', 'lengkap', 'aplikasi']	positive
['bug', 'force', 'close', 'smartphone', 'adoptable', 'storagetolong', 'fungsi', 'external', 'storagenya']	neutral
['history', 'terang', 'transaksi', 'bni', 'mbanking', 'terang', 'lebih', 'bagus', 'sih', 'moga', 'cepat', 'kembang', 'biar', 'mudah', 'riwayat', 'transaksi', 'ku', 'naik', 'bintang', 'terimakasih', 'merespon', 'detail', 'transaksi', 'ayo', 'jelas', 'bni', 'mobil', 'banking']	neutral
['sesal', 'pakai', 'uplikasi', 'nutup', 'nonaktif', 'fasilitas', 'aksesibilitas', 'hp', 'ku', 'pakai', 'fitur']	negative
['bagus', 'pakai', 'bni', 'mobile', 'banking', 'menu', 'wnder', 'bikin', 'bingung', 'beli', 'token', 'listrik', 'input', 'idpel', 'kalau', 'mob', 'banking', 'sudah', 'option', 'safe', 'favorit']	neutral
['apk', 'kalau', 'komplain', 'emailsdgkn', 'email', 'proses', 'lamaklu', 'chat', 'wa', 'langsung', 'dengan', 'cs', 'cepat', 'direspon']	neutral
['terima', 'kasih', 'platform', 'simpel']	positive
['kualitas', 'jeleek', 'enggak', 'login', 'gampang', 'ganggu', 'tarik', 'tunai', 'kartu', 'mending', 'aplikasi', 'buka', 'ringan', 'jelek', 'lelet']	neutral
['beli', 'token', 'apk', 'bni', 'mobile', 'banking', 'arah', 'wondr', 'bnijadi', 'apk', 'mobile', 'banking', 'guna', 'indak', 'apk', 'saja', 'semuaini', 'nama', 'kalo', 'susah', 'mengapai', 'pilih', 'mudah', 'hapus', 'aplikasi', 'mobile', 'banking']	negative
['mohon', 'fitur', 'order', 'kartu', 'debit', 'mobile', 'banking', 'legacy']	positive
['praktis', 'mudah', 'tolong', 'dong', 'kalau', 'tarik', 'tunai', 'kartu', 'pakai', 'pulsa']	positive
['mudah', 'simpel', 'mudah', 'guna']	positive
['wonder', 'bni', 'bagus']	positive
['terimakasih', 'wondr', 'by', 'bni', 'mudah', 'transaksi']	positive
['asik', 'tampil', 'menu', 'transaksi', 'sudah', 'tarik', 'tunai', 'atm', 'bni']	positive
['verifikasi', 'wajah', 'tolong', 'baik', 'sudah', 'ulang', 'kedip', 'mata', 'apa', 'sudah', 'lurus', 'mnghadap', 'kamera']	negative
['transaksi', 'mbanking', 'bni', 'buka', 'aplikasi', 'bisa', 'transaksi', 'arah', 'instal', 'wonder', 'sudah', 'instal', 'buka', 'menunggu', 'kode', 'otp', 'masuk', 'email', 'beli', 'token', 'listrik', 'deh', 'bunyi', 'kalo', 'inovasi', 'benar', 'kenapa', 'bukan', 'ruwet', 'gin', 'begini', 'bikin', 'nasabah', 'pindah', 'bank']	neutral
['bagus', 'banget', 'app', 'nyamembantu', 'banget', 'mager', 'atmterus', 'buat', 'mudah', 'bingitthank', 'you', 'bni', 'sudah', 'app', 'top', 'markotop', 'top']	positive
['buka', 'wondr', 'by', 'bni', 'nge', 'stuck', 'halaman', 'tolong', 'dongtetap', 'nge', 'stuck', 'sjahp', 'orisinal', 'enggak', 'jail']	negative
['ampun', 'aplikasi', 'sampah', 'grafis', 'antarmuka', 'bagus', 'aplikasi', 'bni', 'mobile', 'bangking', 'lengkap', 'mudah', 'guna']	negative
['aplikasi', 'bagus', 'lapor', 'keuanganya', 'kadang', 'kendala', 'jaring', 'susah', 'log', 'ini', 'ganggu', 'atau', 'bagaiman', 'aplikasi', 'bagus']	positive
['aplikasi', 'kenapa', 'buru', 'launchingkan', 'mohon', 'baik', 'enak', 'pakai', 'bni', 'mobile']	negative
['tingkat', 'performa']	positive
['aplikasi', 'keren', 'banget', 'sihbisa', 'lengkap', 'banget', 'fitur', 'nyadari', 'mengatur', 'keuanganpesan', 'tiket', 'libur', 'investasi', 'daftar', 'mudah']	positive
['aplikasi', 'urus', 'lancar']	positive
['baik', 'bni', 'mobile', 'gagal', 'apk', 'sudah', 'dftr', 'termasuk', 'sidik', 'jari', 'ket', 'sidik', 'jari', 'belum', 'terdftrberulang', 'aktif']	negative
['muas']	positive
['aplikasi', 'wondr', 'by', 'bni', 'mudah', 'transaksi', 'aplikasi', 'picture', 'mudah', 'aplikasi']	positive
['transfer', 'masuk', 'kadang', 'enggak', 'deteksi']	negative
['wonderful', 'dekat', 'pilih', 'investasi', 'kelola', 'keuanganpraktis', 'mudah', 'profesional', 'mantap', 'poll']	positive
['masuk', 'sudah', 'memasuki', 'nomer', 'hp', 'otp', 'masuk', 'sampai', 'kali', 'coba', 'menunggu', 'besok', 'besok', 'coba', 'tetap', 'masuk', 'sms', 'otp']	negative
['aplikasi', 'jelekselalu', 'bug', 'verifikasi', 'kalo', 'masuk', 'work', 'itu', 'bagus', 'aplikasi', 'bni', 'mobilega', 'simple', 'kayak', 'bni', 'mobile']	negative
['aplikasi', 'transaksi', 'manfaatmantap', 'wondr', 'by', 'bni']	positive
['verifikasi', 'wajah', 'baca', 'coba', 'berulangulang', 'kali', 'gagal', 'sampai', 'pusing', 'tengok', 'kanan', 'kiri', 'uninstall', 'bni', 'mobile']	negative
['aplikasi', 'low', 'respon', 'kalo', 'login']	neutral
['mudah', 'praktis', 'pakai', 'wonder', 'transaksi', 'gampang', 'cepat', 'proses']	positive
['eror', 'gagal', 'transaksi']	negative
['bintang', 'lewat', 'verifikasi', 'email', 'eror', 'memasuki', 'kode', 'otp', 'akun', 'lewat', 'verifikasi', 'email']	neutral
['aplikasi', 'membantudan', 'mudah', 'guna']	positive
['susah', 'buka', 'aplikasinyatolong', 'baik', 'cepat']	neutral
['aplikasi', 'error', 'masuk', 'mbanking', 'menggantikan', 'bni', 'mobile', 'guna', 'jasa', 'mbanking', 'ganggu']	negative
['buka', 'ngeloadnya', 'sampai', 'menit', 'bikin', 'malu', 'kalo', 'pakai', 'qris', 'pakai', 'wifi', 'lancar', 'pakai', 'data', 'enggak', 'tolong', 'wondr', 'baik']	negative
['tolong', 'baik', 'tf', 'dana', 'gagal']	negative
['bagus', 'tampil', 'doang', 'fitur', 'fungsional', 'histori', 'transaksi', 'didownload', 'basic', 'banget', 'diilangin']	negative
['mudah', 'cepat']	positive
['bintang', 'kasih', 'bintang', 'email', 'verifikasi', 'kirim', 'kirim', 'menit', 'dikit', 'biar', 'layar', 'enggak', 'tungguin', 'isi', 'angka', 'hapus', 'hape', 'awas', 'email', 'masuk', 'wondr', 'tips']	positive
['transaksi', 'va', 'salah', 'marketplace', 'pemberitahuan', 'notif', 'wondr', 'bukti', 'transaksi', 'gagal', 'uang', 'potong']	neutral
['tampil', 'bagus', 'sih', 'mudah', 'paham', 'fiturnya', 'mudah', 'transaksi', 'mana', 'pasti']	positive
['cepat', 'mudah']	positive
['bintang', 'hari', 'maintenance', 'pakai', 'bni', 'force', 'close', 'beres', 'aplikasi', 'bni', 'sih']	negative
['muas', 'trimakasih', 'wonder', 'penuh']	positive
['daftar', 'wondr', 'log', 'out', 'log', 'ini', 'enggak', 'bisamalah', 'daftarterus', 'sesi', 'terang', 'sampi', 'skrag', 'enggak']	neutral
['mudah', 'transaksi']	positive
['selamat', 'pagi', 'tampil', 'aplikasi', 'keren', 'sayang', 'fitur', 'kadang', 'login', 'masuk', 'aplikasi', 'susah', 'enggak', 'buruburu']	neutral
['login', 'susah', 'kali', 'sinyal', 'bagus']	neutral
['wondr', 'ganggu', 'kah', 'buka', 'kartu', 'kredit', 'muat', 'ulang', 'muat', 'ulang', 'enggak', 'muncul', 'kakak']	positive
['tampil', 'fresh', 'mudah', 'paham', 'fitur', 'ewalet', 'kendala', 'kendala', 'sistem', 'tolong', 'baik']	neutral
['banding', 'mbanking', 'bank', 'wondr', 'apps', 'super', 'menu', 'lengkap', 'tampil', 'tarik', 'simpel', 'lelet']	positive
['password', 'sudah', 'memasuki', 'aneh', 'login', 'terang', 'password', 'salah', 'aneh', 'padahal', 'password', 'pakai', 'login']	neutral
['sudah', 'lancar', 'kadang', 'login', 'mencoba', 'login', 'mbanking', 'lancar', 'mbanking', 'loginny', 'sinyal', 'bagus']	negative
['aplkiasi', 'aneh', 'dikit', 'ktp', 'dikit', 'log', 'out', 'lihat', 'gabawa', 'ktp', 'rumah', 'logout', 'jadi', 'enggak bisa', 'transfer', 'uang', 'logout', 'sial']	negative
['aplikasi', 'wondr', 'by', 'bni', 'baik']	positive
['bagaimana', 'verif', 'ulang', 'sudah', 'turutin', 'foto', 'wajah', 'tetap', 'enggak bisa', 'mulu', 'bagaimana', 'tolong', 'kerja', 'dana', 'enggak bisa', 'ambil', 'sampai', 'sekarang']	negative
['ceria', 'colourful', 'transaksi', 'tinggal', 'ketik', 'pin', 'enggak', 'pakai', 'password', 'transaksi', 'kacamata', 'lebar', 'lepas', 'verifikasi', 'biar', 'lancar', 'jaya', 'jaya', 'jaya']	positive
['halo', 'bni', 'kasih', 'saran', 'tampil', 'history', 'transaksi', 'samain', 'app', 'mbanking', 'sisa', 'saldo', 'transaksi', 'debet', 'kredit', 'kanan', 'nominal', 'debet', 'kredit', 'tampil', 'notifikasi', 'transaksi', 'sisa', 'saldo', 'transaksi', 'history', 'terima', 'kasih']	neutral
['wonder', 'enggak', 'e', 'wallet', 'masuk', 'ganggu', 'mengapai', 'suruh', 'pakai', 'wonder', 'kalo', 'pelayananya', 'enggak', 'muas']	negative
['mudah', 'transaksi']	positive
['kadang', 'lot']	neutral
['ewallet', 'minggu', 'error', 'mulu', 'kirim', 'saldo', 'apk', 'dana', 'mohon', 'baik', 'admin', 'konfirmasi', 'pindah', 'apk', 'kendala', 'kecewa', 'admin', 'merespon', 'tunggu', 'baik', 'terima', 'kasih']	positive
['mencoba', 'masuk', 'salah', 'data', 'kantor', 'bni', 'langsung', 'salah', 'lengkap', 'data', 'atas']	positive
['banget', 'error']	neutral
['paraktis', 'mudah']	neutral
['aplikasi', 'guna', 'sangkin', 'byknya', 'tentu', 'koneksi', 'menu', 'banyak', 'ribet', 'bagus', 'baca', 'tentu', 'serasa', 'paksa', 'terima', 'jengkel', 'dadak', 'aplikasi', 'guna']	negative
['aplikasi', 'praktis', 'mudah', 'guna', 'transaksi', 'tabung', 'investasi', 'gampang']	positive
['lengkap', 'estatment']	positive
['suka', 'banget', 'aplikasi', 'promo', 'belanja', 'pakai', 'aplikasi', 'enggak', 'kendala', 'depan', 'moga', 'promo', 'shopping']	positive
['pagi', 'apk', 'baik', 'enggak', 'selesai', 'selesai', 'update', 'aplikasi', 'baru', 'ubah']	negative
['mohon', 'limit', 'transfer', 'kembang', 'juta', 'jthari', 'jadimalah', 'tunggu', 'jam', 'kalo', 'transfer', 'overall', 'bagus', 'sih', 'apknya', 'llebih', 'simple', 'ribet']	positive
['aplikasi', 'error', 'tekan', 'apa', 'layar', 'buka']	negative
['lambat', 'lot', 'ganggu', 'nyaman', 'transaksi']	negative
['scan']	neutral
['sayang', 'gagal', 'penggiriman', 'mulu', 'tolong', 'benah']	negative
['aplikasi', 'sungguh', 'bantu', 'terimakasih', 'wondr']	neutral
['ribet', 'mudah']	positive
['praktis', 'akurat', 'mantap']	positive
['mudah', 'gampang', 'bantu', 'transaksi', 'bayar']	positive
['wondr', 'nyaman', 'lengkap', 'menu']	positive
['wondr', 'by', 'bni', 'depan', 'tambah', 'fitur', 'tarik', 'tunai', 'biar', 'mudah', 'alih', 'fitur', 'bni', 'mobile', 'sedia', 'app']	positive
['proses', 'alih', 'versi', 'wonder', 'cepat', 'butuh', 'menit', 'langsung', 'transaksi', 'beli', 'token', 'beres', 'terima kasih', 'bni']	positive
['baiksedikit', 'masuk', 'layan', 'kece', 'pdam', 'tingkat', 'lagiterimakasihsalam', 'hormat']	positive
['mudah', 'bantu', 'pasti']	positive
['tolong', 'baik', 'sistem', 'jam', 'kerja', 'ganggu', 'maka', 'aplikasi', 'mobile', 'banking', 'asa', 'baik', 'jam', 'malam', 'atas']	negative
['saran', 'tolong', 'aktifin', 'kartu', 'debit', 'fisik', 'aplikasi', 'kantor', 'cabang', 'orang', 'sibuk', 'bank', 'sudah', 'aktifin', 'kartu', 'aplikasi', 'tolong', 'baik', 'bank', 'bni', 'terimakasih']	neutral
['bagus', 'top', 'up', 'ewallet', 'nominal', 'batas', 'menu', 'tarik', 'tunai', 'kartu']	neutral
['bayar', 'asuransi', 'teliti', 'dulu', 'orang', 'sudah', 'lunas', 'asuransi', 'tagih']	neutral
['serius', 'wondr', 'akses', 'memakai', 'bni', 'mobil', 'banking', 'mah', 'login', 'sudah', 'pakai', 'jaring', 'wifi', 'jaring', 'seluler', 'sama', 'uninstal', 'apknya']	neutral
['mantap', 'mudah']	positive
['wondr', 'sih', 'bikin', 'urus', 'finansial', 'gampang', 'bayarbayar', 'transfer', 'tinggal', 'tap', 'interfacenya', 'userfriendly', 'banget', 'enggak', 'bingung']	positive
['kok', 'wonder', 'terus', 'diupdate', 'ya', 'pakai', 'mbanking', 'tuh', 'update', 'susah', 'kalo', 'gin', 'memori', 'stabil', 'penuh', 'truss', 'kalo', 'nus', 'otomatis', 'bis', 'update', 'karn', 'ruang', 'tolong', 'improve']	positive
['layan', 'cepat']	positive
['aplikasi', 'bagus', 'sayang', 'cloning', 'susah', 'rekening', 'nama', 'beda', 'pakai', 'hp']	neutral
['tolong', 'baik', 'kode', 'qr', 'kadaluarsa', 'laku', 'sesuai', 'instruksi', 'clear', 'cache', 'sudah', 'muncul', 'qr', 'code']	positive
['verifikasi', 'email', 'coba', 'topup', 'ewallet', 'transaksi', 'notifikasi', 'cepat', 'banget', 'rasa', 'layan', 'bagus', 'bintang', 'tambah']	neutral
['kesini', 'susah', 'log', 'ini', 'yatransaksi']	neutral
['kendala', 'kecuali', 'system', 'error', 'butuh', 'kemarin', 'tambahkan', 'call', 'customer', 'service', 'aplikasi', 'samain', 'kayak', 'aplikasi', 'bank', 'belah', 'dong', 'gin', 'suruh', 'tlpon', 'pakai', 'pulsayok', 'yuk']	positive
['kecewa', 'banget', 'pending', 'enggak tau', 'eror', 'bayar', 'bisaketetangan', 'saldo', 'ana', 'saldo', 'nyagatau', 'pokok', 'kecewa']	negative
['ribet', 'banget', 'login', 'susah', 'tulis', 'kendala', 'muncul', 'tolong', 'baik', 'biar', 'ulang', 'transaksi', 'sulit']	negative
['bagus', 'bantu', 'butuh', 'dengan', 'cepat']	positive
['mudah', 'praktis', 'tampil', 'tarik', 'user', 'friendly']	positive
['mohon', 'baik', 'sistemnyamau', 'login', 'bangetgiliran', 'login', 'fiturnya', 'enggak', 'buka']	neutral
['tolong', 'baik', 'terkadang', 'loading']	positive
['donwload', 'aplikasi', 'juara', 'mudah', 'transaksi', 'bisa', 'sat', 'set']	positive
['transaksi', 'mudah', 'rumah']	positive
['mantap', 'bantu', 'promonya']	positive
['tolong', 'aplikasi', 'baik', 'bug', 'daftar', 'kokmasih', 'suruh', 'daftar', 'lagikalau', 'aplikasi', 'belum', 'bagus', 'dulutolong', 'baik', 'transfer', 'uang', 'enggak']	negative
['aplikasi', 'uang', 'masuk', 'riwayat', 'wonder', 'enggak', 'terus', 'riwayat', 'tera', 'saldo', 'transaksi', 'wonder', 'nominal', 'transaksi', 'tulis', 'saldo']	negative
['enggak bisa', 'beli', 'pulsa', 'tulis', 'eror', 'data', 'sudah', 'isi']	negative
['bagus', 'mudah']	positive
['banget', 'suruh', 'hubung', 'cabang', 'dekat', 'cuman', 'ngeriset', 'hapus', 'aplikasi', 'transaksi', 'tolong', 'fitur', 'begini', 'biar', 'ngeribettin']	negative
['keren', 'mudah']	positive
['mau', 'sih', 'wonder', 'gagal', 'verifikasi', 'wajah', 'terang', 'verifikasi', 'habis', 'sesuai', 'intruksi', 'gagl', 'sudah', 'mencoba', 'minggu', 'gagal', 'tolong', 'benah', 'kait', 'verifikasi', 'wajah', 'belas']	negative
['nasabah', 'kecewa', 'ulas', 'aplikasi', 'jelas', 'pada', 'kait', 'guna', 'aplikasi', 'bni', 'mobile', 'error', 'fitur', 'bni', 'mobile', 'indonesia', 'hebat', 'langgan', 'aktif', 'produsen', 'diam', 'alas', 'tahap', 'kembang', 'uji', 'konsumen', 'uji']	negative
['top', 'up', 'dana', 'maksimal', 'juta', 'aplikasi', 'juta', 'aplikasi', 'downgrade', 'upgrade']	negative
['haloo', 'memang', 'ganggu', 'pusat', 'kah', 'enggak mau', 'buka', 'memang', 'dulu', 'apk', 'benah', 'gunain', 'kendala', 'buka', 'hadeeh']	negative
['update', 'enggak', 'buka', 'why']	neutral
['sudah', 'coba', 'ganti', 'slot', 'sim', 'tetap', 'susah', 'memasuki', 'nomor', 'daftar', 'bolak', 'beli', 'pulsatolong', 'saran', 'kak']	neutral
['bagus', 'simpel']	positive
['aplikasi', 'benarbenar', 'mudah', 'bayar', 'tagih', 'platform', 'ribet']	positive
['sulit', 'guna', 'sulit', 'login']	negative
['pakai', 'wonder', 'bagus', 'sudah', 'minggu', 'apk', 'error']	negative
['bagus', 'login', 'bni', 'mobile', 'banking', 'login', 'pakai', 'sidik', 'jari', 'password', 'kalo', 'wondr', 'pakai', 'settingan', 'pakai', 'sidik', 'jari', 'non', 'aktifin']	neutral
['wondr', 'by', 'bni', 'efisien', 'ringkas']	positive
['aplikasi', 'aneh', 'saldo', 'tf', 'enggak', 'saldo', 'mengaco', 'teman', 'tf', 'wonder', 'enggak', 'masuk', 'nyangkut', 'enggak']	negative
['aplikasi', 'sampah', 'bagus', 'face', 'recognitionnya', 'deteksi', 'kedip', 'mata', 'situ', 'stuck', 'masuk', 'verifikasi', 'memasuki', 'data', 'batas', 'suruh', 'coba', 'besok', 'besok', 'ulang']	negative
['aplikasi', 'sudah', 'launching', 'sempurna', 'kurang', 'menu', 'menu', 'banding', 'bni', 'mobile', 'transaksi', 'ribet', 'tau', 'proses', 'sempurna', 'launching']	negative
['tolong', 'baik', 'transaksi', 'transaksi', 'gagal']	negative
['fitur', 'aplikasi', 'bagus', 'aplikasi', 'konsekwen', 'karwna', 'update', 'makan', 'paket', 'data', 'untu', 'menginstalnya']	neutral
['tolong', 'maintenance', 'memasuki', 'verfikasi', 'email', 'sesuai', 'masuk', 'email', 'kali', 'gagal', 'anggap', 'capai', 'limit', 'layak']	negative
['saran', 'tolong', 'aktifin', 'kartu', 'debit', 'fisik', 'aplikasi', 'kantor', 'cabang', 'orang', 'sibuk', 'bank', 'sudah', 'aktifin', 'kartu', 'aplikasi', 'tolong', 'baik', 'bank', 'bni', 'terimakasih']	neutral
['moga', 'update', 'layan', 'baik', 'masyarakat', 'guna', 'jasa', 'wondr', 'bni']	positive
['selamat', 'siang', 'aplikasi', 'bisa', 'verifikasi', 'data', 'kendala', 'coba', 'isi', 'data', 'mohon', 'bantu', 'terimakasih']	negative
['senang', 'wondr', 'transaksi', 'mudah', 'cepat', 'transaksi', 'bayar', 'qris', 'langaung', 'scan', 'login', 'cek', 'sehat', 'uang', 'mudah']	positive
['kali', 'pakai', 'wondr', 'lancar', 'semoga']	positive
['gunain', 'aplikasi', 'gampang', 'banget', 'fitur', 'gunain', 'sat', 'set', 'banget', 'aplikasi', 'mula', 'gampang', 'aktivasinya', 'baik', 'wondr', 'by', 'bni']	positive
['aplikasi', 'enggak', 'login', 'sinyal', 'lancartolong', 'bni', 'mau', 'enggak', 'buka', 'aplikasi', 'bagaimana', 'nih']	negative
['login', 'sulit', 'bngetkamu', 'usia', 'terus', 'begitu', 'masukpdhl', 'usia', 'sudah', 'begitu', 'bagaimana', 'susah', 'login', 'coba', 'kali']	negative
['cocok']	positive
['buka', 'kartu', 'blokir', 'mengaco']	neutral
['manfaat', 'tambah', 'menu', 'tarik', 'tunai', 'kartu', 'kayak', 'bni', 'mobile']	positive
['siap', 'menu', 'setor', 'tarik', 'tunai']	negative
['praktis', 'mudah']	positive
['misi', 'kak', 'daftar', 'wondr', 'bni', 'enggak bisa', 'tinggal', 'wali', 'mohon', 'kak']	negative
['byr', 'tagih', 'listrik', 'mbanking', 'bni', 'sekarang', 'alih', 'aplikasi', 'aktifasi', 'sgl', 'macam', 'bisa', 'setor', 'tagih', 'listrik', 'menuhin', 'memory', 'hp', 'langsung', 'uninstall', 'saja', 'pindah', 'apk', 'bank', 'praktis']	negative
['mudah', 'cepat']	positive
['oke']	positive
['fitur', 'lengkap', 'salah', 'satu', 'enggak', 'fitur', 'tarik', 'tunai', 'kartu', 'dada', 'enggak', 'bawa', 'atm', 'ribet', 'overall', 'bagus', 'tingkat', 'dari', 'bni', 'mobile', 'cuman', 'bni', 'mobile', 'fitur', 'tarik', 'tunai', 'kartu']	positive
['bantu', 'transaksi']	positive
['mudah', 'wondr', 'lihat', 'mutasi', 'transfer', 'virtual', 'muter', 'enggak', 'ketemu', 'tetap', 'pakai', 'terinstal', 'hp', 'gambarsymbol', 'icont', 'tarik', 'banding', 'livin', 'mandiri', 'coba', 'biar', 'keren', 'gambar', 'menu', 'beda', 'gerak', 'biar', 'saing']	neutral
['ribett', 'kena', 'blokir', 'cabang', 'untuk', 'benerin', 'padahal', 'salah', 'memasuki', 'pin', 'apamakin', 'anehh', 'balikin', 'aplikasi']	negative
['riwayat', 'saldo', 'muncul', 'mbanking', 'sebelumnyasusah', 'banget', 'hitung', 'ulang', 'saldo', 'berapahufft']	neutral
['verifikasi', 'wajah', 'sulit', 'coba', 'coba', 'kendala', 'sistem', 'eh', 'tau', 'mengasih', 'pemberitahuan', 'verifikasi', 'wajah', 'coba', 'besok', 'rusak', 'sistem', 'konsumen', 'repot', 'rusak', 'rusak']	neutral
['jam', 'malam', 'mesti', 'enggak', 'tranfer', 'top', 'up', 'ewalet']	negative
['error', 'bug', 'masuk', 'app', 'syarat', 'tentu', 'ceklis', 'sesi', 'coba', 'masuk', 'samajd', 'masuk', 'menu', 'mending', 'mbanking']	negative
['bagus', 'aman']	positive
['bagus', 'percaya']	positive
['sih', 'bagus', 'pakai', 'aplikasi', 'tampilanya', 'tarik', 'moga', 'depan', 'fitur', 'menu', 'lengkap', 'pakai', 'tingkat', 'jarang', 'bawa', 'uang', 'cash', 'memang', 'pakai', 'aplikasi']	positive
['aplikasi', 'bagus', 'transaksi', 'mudah']	positive
['bagus', 'cuman', 'pasword', 'save']	neutral
['aplikasi', 'bagus', 'mudah', 'guna', 'transaksi', 'butuh', 'lancar', 'saldo', 'terupdate', 'transaksi', 'fiturnya', 'tarik', 'tampil', 'interface', 'simpel', 'mudah', 'paham']	positive
['mudah']	positive
['registrasi', 'ribet', 'banget', 'otp', 'lot', 'masuk', 'tolong', 'perhati', 'masyarakat', 'sekarang', 'simple', 'ribet']	negative
['aplikasi', 'bagus', 'daftar', 'enggak', 'ribet', 'daftar', 'menu', 'contoh', 'bayar', 'biaya', 'didik']	neutral
['menu', 'bayar', 'biaya', 'didik', 'kagak', 'kalo', 'dah', 'bni', 'mobile', 'menu', 'didik', 'sudah', 'lucu', 'pilih', 'guru', 'tinggi', 'adahanya', 'ui', 'doang']	neutral
['aplikasi', 'tampil', 'kekinianuiux', 'mudah', 'paham', 'simpel']	positive
['aplikasi', 'loading', 'ken', 'isi', 'token', 'listrik', 'fiturnya', 'pakai', 'plis', 'token', 'listrik', 'deh', 'habis', 'kemarin']	neutral
['siang', 'kak', 'transfer', 'bank', 'gagal', 'sudah', 'dari', 'smlm', 'coba', 'transfer', 'gagal', 'tolong', 'kak', 'baik']	neutral
['coba', 'baik', 'kirim', 'va', 'diarahin', 'ewallet', 'bagaimana', 'sih']	neutral
['asli', 'simple', 'sayang', 'menu', 'info', 'transaksi', 'sisa', 'jumlh', 'saldo', 'akumulasi', 'bni', 'mobile', 'banking', 'wondr', 'cuma', 'rp', 'sekian', 'truss', 'rp', 'sklian', 'bni', 'mobile', 'detail', 'moga', 'wondr', 'bisa', 'update']	neutral
['apl', 'sistem', 'kendala', 'sudah', 'minggu', 'buka', 'manfaat', 'banget', 'apl']	neutral
['mantablancar', 'jaya', 'tolong', 'kirim', 'kartu', 'fisik', 'virtual', 'cepetin', 'terus', 'kasih', 'resi', 'biar', 'enak', 'menunggu', 'makasihselalu', 'setia', 'pakai', 'bni']	positive
['transaksi', 'mudah', 'cepat']	positive
['bagus', 'simple']	positive
['parah', 'aplikasi', 'suka', 'eror', 'enggak', 'transfer']	negative
['baru', 'downloadbgtu', 'sudah', 'didownload', 'bisa', 'buka', 'ysuka', 'klr', 'sendiri']	negative
['cepat', 'simpel']	positive
['performa', 'tampil', 'keren', 'mudah', 'betransaksi', 'histori', 'transaksi', 'mudah', 'menu', 'insight', 'tarik', 'pasu', 'keluar', 'pokok', 'mantap']	positive
['wonder', 'mudah', 'sahabat', 'transaksi', 'cepat', 'bahasa', 'mudah', 'paham', 'atas', 'masalah', 'transaksi']	positive
['aplikasi', 'wondr', 'baik', 'mudah', 'eyecatching', 'pokok', 'mantap', 'banget', 'pakai', 'wondr', 'by', 'bni']	positive
['aplikasi', 'loading', 'aktivasi', 'masuk', 'muter', 'halaman', 'syarat', 'tentu']	neutral
['fitunya', 'enggak', 'kartu', 'debit', 'virtual', 'ambil', 'uang', 'kartu', 'bni', 'mobile', 'saran', 'tambahkan', 'fitur', 'vital', 'migrate', 'saran', 'tambah', 'fitur', 'bayar', 'tagih', 'otomatis', 'dark', 'mode', 'biar', 'bagus', 'enak', 'aplikasi']	negative
['transfer', 'rekening', 'btn', 'status', 'nya', 'gagal', 'tapi', 'saldo', 'potong', 'bagaimana', 'atas', 'nya']	positive
['instal', 'hasil', 'login', 'tulis', 'sesion', 'aplikasi']	negative
['mantap', 'guna', 'sekalidan', 'transaksi', 'mudah']	positive
['kembang', 'aplikasi', 'paksa', 'nasabah', 'aplikasi', 'menu', 'bni', 'mobile', 'banking', 'pilih', 'menu', 'pindah', 'aplikasi', 'mobile', 'banking', 'hapus', 'mudah', 'nasabah', 'melainkam', 'tambah', 'beban', 'karena', 'tambah', 'aplikasi', 'sandi', 'transaksi', 'moga', 'baca', 'sdm', 'kembang', 'bni']	neutral
['keren', 'lengkap', 'wondr', 'by', 'bni']	positive
['bagus', 'beli', 'kuota', 'jaring', 'smartfren', 'moga', 'baharu', 'mudah', 'transaksi', 'beli', 'kuota']	positive
['nayamul', 'loginnya', 'enggak', 'mudah', 'aplikasi']	neutral
['tingkat', 'fitur', 'setor', 'tunai', 'handphone']	positive
['layan', 'kembali', 'saldo', 'kluarin', 'saldo', 'juta', 'hasil', 'enggak', 'ujung', 'ujung', 'juta', 'enggak', 'kembali']	negative
['sagat', 'batu', 'mudah']	positive
['fiturnya', 'lengkap', 'beda', 'apk', 'biru', 'launching', 'sudah', 'lengkap', 'next', 'fiturnya', 'mudah', 'cust', 'terima kasih']	neutral
['aplikasi', 'berat', 'saran', 'hapus', 'otomatis', 'bug']	positive
['bank', 'digital', 'jago', 'hanaline', 'bank', 'buat', 'rekening', 'kartu', 'atm', 'wondr', 'suruh', 'menunggu', 'kerja', 'suruh', 'ambil', 'kantor', 'cabang', 'pilih', 'rumah', 'kerja', 'kirim', 'suruh', 'ambil', 'kantor', 'kota', 'jauh', 'ratus', 'kilometer', 'rumah', 'hapus', 'rekening', 'saia']	negative
['malam', 'jam', 'ganggu']	negative
['menu', 'tranfer', 'top', 'up', 'tabung', 'tapenas', 'tersediamasih', 'mending', 'pakai', 'mobile', 'bangking', 'menu', 'lengkap']	negative
['bagus', 'sih', 'qr', 'terima', 'transfer', 'biar', 'enak', 'menyebutkan', 'nomer', 'rekening']	positive
['bantu']	positive
['alngkah', 'tarik', 'pinjam', 'tunai', 'bunga', 'rendah']	positive
['bantu', 'urus', 'perban', 'transaksi']	positive
['fitur', 'mudah', 'paham', 'transaksi', 'cepat']	positive
['nyamanpakr', 'wondrmantap', 'pokok']	positive
['cepat', 'tutup', 'fitur', 'apk', 'wondr', 'kembang', 'fitur', 'butuh', 'belum']	negative
['terima', 'kode', 'verifikasi', 'kode', 'otp', 'email']	positive
['suka', 'pakai', 'app', 'susah', 'buka', 'terupdate', 'akh', 'pakai', 'app', 'bni', 'mobile', 'karena', 'cepat']	neutral
['update']	negative
['tahan']	positive
['new', 'aplikasi', 'mudah', 'cepat', 'transaksi', 'qris', 'warna', 'bagus', 'menu', 'mudah', 'trimakasih', 'bni']	positive
['fitur', 'lengkap', 'cepat']	positive
['bantu', 'transaksi', 'hari', 'cepat', 'mudah']	positive
['bagus', 'transaksi', 'lancar']	positive
['parah', 'banget', 'sekarangmau', 'masuk', 'banget', 'stuck', 'main', 'screen', 'sudah', 'update', 'versi', 'baru']	negative
['ketat', 'ketat', 'ketat', 'hacker', 'resah', 'trimakasi']	positive
['wonder', 'kecewa', 'pagi', 'sore', 'perlu', 'desak', 'maintenance', 'pagi', 'sore', 'enggak', 'selsai']	negative
['prepikasi', 'wajah', 'register', 'susah', 'sudah', 'ikut', 'tunjuk', 'enggak']	negative
['masak', 'log', 'ini', 'sudah', 'selesai', 'coba', 'masuk', 'suruh', 'ngulang', 'sperty', 'lgiribet', 'bisa', 'pakai', 'kalo', 'memang', 'belum', 'sempurna', 'jangan', 'terbitkn', 'aplikasi']	negative
['aplikasi', 'cacat', 'rekening', 'bni', 'deh', 'payrol', 'gaji', 'daftar', 'online', 'wondr', 'tolak', 'note', 'penuh', 'syarat']	negative
['aplikasi', 'wondr', 'keren', 'mudah', 'transaksi', 'tampil', 'freshkeren', 'bni', 'maaf', 'aplikasi', 'kasih', 'bintang']	positive
['moga', 'bikin', 'nyaman', 'percaya']	positive
['deskripsi', 'transaksi', 'minim']	neutral
['transaksi', 'mudah', 'enggak', 'ribet', 'percaya']	positive
['alih', 'mobile', 'banking', 'wondr', 'fiturnya', 'sudah', 'lengkap', 'mudah', 'proses', 'klik', 'klik', 'fitur', 'mobile', 'tunai', 'enggak']	neutral
['terimakasih', 'bantu']	positive
['bukaada', 'terang', 'kendala', 'sistem', 'yagak', 'hari', 'lohsudah', 'coba', 'clear', 'data', 'hapus', 'aplikasi', 'download', 'tetap', 'hasil', 'samabisa', 'masuk', 'terang', 'suruh', 'refresh', 'fyi', 'seminggumungkin', 'kantor', 'cabang', 'selesai']	neutral
['aplikasi', 'buka', 'pakai', 'wifi', 'pakai', 'paket', 'data', 'tolong', 'baik']	neutral
['mudah', 'mudah', 'mengirim', 'notifikasi', 'sms', 'upgrade', 'whatsapp']	neutral
['lancar', 'nyaman', 'bni']	positive
['tolong', 'banget', 'kalo', 'pemberitahuan', 'update', 'kasih', 'opsi', 'pilih', 'tekan', 'update', 'buka', 'pikirin', 'ruang', 'simpan']	neutral
['limit', 'transaksi', 'menunggu', 'jam', 'limit', 'transaksi', 'enak', 'jam', 'transaksi']	negative
['maaf', 'sudah', 'aju', 'bni', 'sudah', 'begitu', 'buka', 'aplikasi', 'wondr', 'by', 'bni']	negative
['kece', 'history', 'transaksi', 'tingkat', 'biar', 'bni', 'mobile', 'mana', 'tau', 'biaya', 'tagih', 'bulan', 'rekening', 'kartu', 'sistem', 'tingkat', 'gua', 'transfer', 'enggak', 'pakai', 'wondr', 'karena', 'ganggu', 'eh', 'pakai', 'mobile', 'banking']	neutral
['aplikasi', 'wondrselalu', 'dramaverifikasi', 'wajah', 'minggu', 'enggak', 'beres', 'beresselalu', 'ulang', 'gagal', 'ulang', 'lagisedangkn', 'darurat', 'tolong', 'baik', 'mudah']	neutral
['bantu', 'efisien', 'multifungsi']	positive
['lumayan', 'bagus', 'aplikasi', 'tinggal', 'menunggu', 'baru', 'cek', 'mutasi', 'rekening', 'cek', 'bukti', 'transaksi', 'transfer', 'bni', 'mobile']	positive
['dengan', 'banding', 'bni', 'mobile', 'banking', 'suka', 'pakai', 'bni', 'mobile', 'banking', 'wondr', 'by', 'bni', 'lengkap', 'transaksi', 'muncul', 'terang', 'notecatatan', 'transaksi', 'transaksi', 'sebab', 'sulit', 'lacak', 'transaksi', 'catat', 'bayar', 'pasir', 'dam', 'beli', 'batako', 'lunas', 'pcs', 'dst', 'terang', 'transaksi', 'serta', 'saldo', 'rurut', 'sesuai', 'masuk', 'dana', 'saldo']	neutral
['fitur', 'kalo', 'tambah', 'fitur']	positive
['kalo', 'tf', 'gagal', 'saldo', 'nyangkut', 'menunggu', 'genting', 'dibutuhin']	negative
['mudah', 'bantu']	positive
['aplikasi', 'sistem', 'masalah', 'akses', 'masuk', 'tolong', 'baik', 'nyaman', 'maka']	positive
['menu', 'lengkap', 'versi', 'install', 'versi', 'sana', 'lengkap', 'loadingnya', 'cepat', 'tolong', 'tingkat']	negative
['bagus', 'aplikasi', 'layan', 'ndk', 'pakai', 'deposito', 'lancar', 'ndk', 'dipakaimending']	neutral
['tolong', 'admin', 'aplikasi', 'masuk', 'aplikasi', 'cuman', 'login', 'suruh', 'relog', 'relog', 'eh', 'suruh', 'menunggu', 'besok', 'tolong', 'admin', 'aplikasi', 'uang', 'nasabah', 'pakai', 'aplikasi', 'kecewa', 'akibat', 'bug', 'terima', 'kasih']	negative
['install', 'transfer', 'nomor', 'rekening', 'bayar', 'tiket', 'pesawat', 'ada', 'tips', 'trik', 'belum', 'tau', 'mohon', 'baik', 'transaksi', 'uang', 'krusial', 'tantang', 'developer', 'aplikasi', 'wondr']	neutral
['mereset', 'password', 'aplikasi', 'wondr', 'by', 'bni', 'fitur', 'reset', 'password', 'alami', 'ganggu', 'sedia', 'guna', 'lapor', 'proses', 'reset', 'arah', 'aktivasi', 'ulang', 'akun']	positive
['suka', 'apk', 'wondr', 'bni', 'karena', 'fiturnya', 'lengkap', 'bantu', 'nabung', 'rutin', 'mi', 'dana']	positive
['buka', 'rekening', 'bank', 'bni', 'mudah', 'penuh', 'pitur', 'canggih']	positive
['alhamdulillah', 'proses', 'buka', 'rekening', 'satset', 'hitungan', 'menit', 'beres', 'csnya', 'super', 'ramah', 'bni', 'gatot', 'subroto', 'denpasar', 'utara', 'keren']	positive
['aplikasi', 'ganggu', 'mulu', 'transaksi', 'enggak', 'bisagak', 'recommended']	negative
['kenapa', 'pin', 'bni', 'salah', 'ganti', 'pin', 'kemarin', 'kantor', 'bank', 'bni', 'pin', 'catat', 'coba', 'kantor', 'bni', 'transaksi', 'salah', 'pin', 'mulu', 'bagaimana', 'min', 'mohon', 'bantu']	neutral
['apk', 'uninstall', 'login', 'tampil', 'menu', 'arah', 'daftar']	neutral
['upgrade', 'biar', 'mutasi', 'pasu', 'no', 'rek', 'nama']	positive
['bayar', 'qris', 'wondr', 'cepat', 'banget', 'step', 'selesai', 'tampil', 'aplikasi', 'lucu', 'banget', 'warna', 'super', 'fun', 'wondr', 'by', 'bni', 'the', 'best', 'jadikan', 'mau']	positive
['nge', 'bug', 'hasil', 'daftar', 'akunlalu', 'log', 'out', 'login', 'ulang', 'masuk', 'menu', 'bijak', 'syarat', 'daftar', 'hmm', 'hmmaplikasi', 'kelas', 'bumn']	neutral
['interfacenya', 'mudah', 'bingung', 'good', 'job', 'team', 'kembang', 'aplikasi']	positive
['aplikasi', 'low', 'respon', 'kalo', 'login']	neutral
['banget', 'sudah', 'pakai', 'sinya', 'kartupake', 'wifi', 'tetap', 'erortf', 'dana', 'sudah', 'lebih', 'saldo', 'minimum', 'tetap', 'bisakalo', 'begitu', 'tulis', 'dana', 'kendala', 'tfgajelas']	negative
['tampil', 'bagus', 'mudah', 'erti', 'mudah', 'layan', 'fitur', 'temu', 'wondr', 'bni', 'mobile', 'banking', 'salah', 'satu', 'layan', 'bayar', 'gas', 'pengin', 'guna', 'menu', 'layan', 'wondr']	positive
['verifikasi', 'wajah', 'jelek', 'kali', 'gagal', 'sudah', 'terang', 'suruh', 'ngedipin', 'mata', 'sampai', 'mata', 'rusak', 'kecewa']	negative
['bos', 'masak', 'pagi', 'tadi', 'smpk', 'sekarang', 'masih', 'perbaikansya', 'karena', 'gaji', 'malas', 'pakai', 'bni', 'sama', 'wondrsmpai', 'sekarang', 'masih', 'baik', 'bisa', 'dipakaiapp']	negative
['informasi', 'lengkaptidak', 'keterangancontoh', 'gaji', 'masuk', 'terang', 'gaji']	neutral
['ku', 'lebih', 'sreg', 'aplikasi', 'sih', 'min', 'karena', 'disana', 'terang', 'sumber', 'pasu', 'keluar', 'lebih', 'detail', 'ku', 'invest', 'orisinal', 'sr', 'st', 'seri', 'berapa', 'tera', 'terang', 'wondr', 'biar', 'catat', 'uang', 'sumber', 'uang', 'mana', 'makas']	neutral
['login', 'susah', 'kirim', 'kode', 'otp', 'pencet', 'kirim', 'kode', 'kali', 'masuk', 'kode', 'otp', 'kode', 'otp', 'hasil', 'input', 'error', 'karena', 'sesuai']	negative
['aplikasi', 'menu', 'lengkap', 'kayak', 'rekening', 'pinjam', 'adakan', 'nasabah', 'mengecek', 'sisa', 'pokok', 'pinjam']	neutral
['transaksi', 'cepat', 'banget', 'aplikasi', 'ringan', 'tampil', 'keren', 'kesan', 'enerjik', 'mudah']	positive
['troublesedikit', 'kecewa']	negative
['deskripsi', 'transaksi', 'minim']	neutral
['topup', 'ewallet', 'ribet', 'bingung', 'kelompok', 'tolong', 'baik', 'meni', 'tf', 'va', 'bagus', 'pakai', 'mbanking', 'bni']	neutral
['wondr', 'baik', 'bingung', 'bayar', 'trans', 'padang', 'pakai', 'qr', 'baik', 'pemberitahuan', 'kalo', 'baik', 'diberitahu', 'pemberitahuannya', 'prepare', 'bawa', 'kartu', 'bagaimana']	neutral
['kadang', 'suka', 'ngelag', 'tibatiba', 'maintenance', 'aplikasi', 'kembang', 'semangat', 'dev']	positive
['keren', 'mudah', 'ribet', 'bertransaksiserba', 'mudah', 'cepat', 'pokok', 'nyamanttaabb', 'bni', 'sukses']	positive
['aplikasi', 'wond', 'bni', 'trabel', 'transaksi', 'sering', 'pending', 'notif', 'email', 'hasil', 'saldo', 'potong', 'hubung', 'cs', 'lapor', 'suruh', 'tunggu', 'xjam']	neutral
['akun']	negative
['gagal', 'verifikasi', 'wajah', 'asesoris', 'backlight', 'pencahayaab', 'device', 'samsung', 'saja', 'flip', 'notabene', 'kamera', 'bagus', 'sulit']	negative
['mudah', 'pakai']	positive
['mudah', 'daripada', 'aplikasi']	positive
['bantu', 'simpan', 'saldo', 'hand', 'phone']	positive
['impossible', 'aplikasi', 'rating']	negative
['wondr', 'lancar', 'cepatmantap']	positive
['bagus', 'sama', 'banking', 'wondr', 'orang', 'alih', 'apk', 'bagus', 'bni', 'mundur', 'lihatmau', 'login', 'susah', 'baik', 'kasih', 'bintang', 'karena', 'mundur', 'bni', 'maju', 'apk']	negative
['aplikasi', 'mudah', 'nasabah']	positive
['info', 'ganti', 'aplikasi', 'bni', 'mobile', 'banking', 'mohon', 'tambah', 'fitur', 'tarik', 'tunai', 'cardless', 'detail', 'mutasi', 'detail', 'aplikasi', 'biar', 'banyak', 'aplikasi', 'mbanking', 'baru', 'fitur', 'mampir', 'kesini', 'bintang']	neutral
['proses', 'transaksi', 'praktis', 'buat', 'rekening', 'mudah']	positive
['fiturnya', 'deploy', 'fitur', 'tarik', 'tunai', 'beli', 'reksadana', 'lengkap', 'update', 'periksa', 'transaksi', 'belijual', 'grafik', 'mending', 'pakai', 'aplikasi']	neutral
['tampil', 'cantik', 'tarik', 'mohon', 'maaf', 'fiturnya', 'lengkap', 'tampil', 'informasi', 'terang', 'mutasi', 'transaksi', 'masuk', 'terang', 'catat', 'terang', 'transfer', 'aplikasi', 'bni']	neutral
['alhamdulillah', 'pakai', 'word', 'by', 'bni', 'lancar', 'enggak', 'kendala', 'fitur', 'fiturnya', 'ribet', 'tingkat', 'aplikasi', 'word', 'biar', 'bagus', 'depan']	positive
['bagus', 'banget', 'dengan', 'mudah', 'transaksi', 'wondr', 'bni']	positive
['parah', 'bni', 'topup', 'ewallet', 'gagal', 'shoppepay', 'dana', 'notif', 'saldo', 'rang', 'capai', 'minimal', 'saldo', 'sisahkan', 'ribu', 'aneh', 'nih', 'apk']	negative
['aplikasi', 'susahverifikasi', 'rumit', 'bikin', 'muakmau', 'poto', 'muka', 'susahssh', 'selesai', 'poto', 'muka', 'pakai', 'video', 'call', 'adminpertanyaannyapun', 'masuk', 'akalmacet', 'dikit', 'suruh', 'video', 'call', 'ulang', 'muakmenururku', 'aplikasi', 'buruk']	negative
['aplikasi', 'inisudah', 'benar', 'datanyakenapa', 'kantor', 'cbng', 'dekat']	negative
['layan', 'bagus']	positive
['aplikasi', 'bagus', 'simpel']	positive
['makasihsangat', 'bantu']	positive
['bantu', 'transaksi']	positive
['aplikasi', 'bagus', 'mudah', 'sesuai', 'butuh', 'tolong', 'baik', 'kendala', 'susah', 'loginnyatks']	neutral
['loading', 'masuk', 'aplikasi', 'lambat']	neutral
['ganggu', 'yas']	neutral
['fitur', 'pinjam', 'fitur', 'tap', 'tapi', 'pay', 'nih', 'biar', 'lengkap', 'fiturnya']	neutral
['suka', 'banget', 'aplikasi', 'mudah', 'praktis', 'mudah', 'banget', 'jaman', 'gen', 'saja', 'milenial', 'download', 'aplikasi', 'mudah', 'hidup']	positive
['tampilannya', 'bagus', 'tolong', 'banyak', 'fitur', 'contoh', 'bayar', 'didik', 'tolong', 'tambah', 'pilih', 'tabung', 'taplus', 'muda', 'nasabah']	neutral
['feature', 'mobil', 'tunai', 'mohon', 'lengkap', 'setor', 'tunai', 'tarik', 'tunai']	positive
['bobrok', 'aplikasi', 'kalo', 'sudah', 'jam', 'saja', 'offline', 'sampai', 'pagi', 'sudah', 'tf', 'kerja', 'pulang', 'malm', 'setor', 'malam', 'tolong', 'orang', 'memakai', 'aplikasi', 'itu', 'simpel', 'riebet', 'kasih', 'bintang']	negative
['loading', 'banget', 'allah', 'mohon', 'baik', 'aplikasi', 'pindah', 'page', 'page', 'benar', 'bagus', 'ujung', 'buka']	negative
['halo', 'pakai', 'aplikasi', 'muas', 'opsi', 'bayar', 'beli', 'kategori', 'didik', 'mudah', 'pelajarmahasiswa', 'bayar', 'uang', 'kuliah', 'lebih', 'bagus', 'moga', 'depan']	positive
['wondr', 'bayar', 'utbk', 'pakai', 'sudah', 'coba', 'kali', 'mohon', 'baik']	neutral
['aplikasi', 'bagus', 'banget', 'mudah', 'praktis']	positive
['menu', 'transaksi', 'setor', 'tunai', 'kartu', 'menu', 'terimakasih']	neutral
['februari', 'usia', 'wondr', 'by', 'bni', 'tanya', 'menu', 'kalah', 'bni', 'mobile', 'banking', 'fitur', 'kembang', 'wondr', 'by', 'bni', 'mana', 'sd', 'fitur', 'ganti', 'pin', 'kakak', 'tambah', 'fitur', 'layan', 'ib', 'bni', 'fungsi', 'ib', 'bni', 'bni', 'mobile', 'banking', 'suntik', 'mati', 'menu', 'layan', 'wondr', 'by', 'bni', 'maksimal', 'minimal', 'sama', 'bni', 'mobile', 'banking']	neutral
['bagus', 'muda', 'banget', 'transaksi']	positive
['puas', 'banget', 'aplikasi', 'suka', 'wondr', 'tampil', 'aplikasi', 'bagus', 'ramah', 'guna', 'tampil', 'simpel', 'modern', 'mudah', 'banget', 'paham', 'biasa', 'aplikasi', 'perban', 'digital', 'fiturfitur', 'lengkap', 'transfer', 'bayar', 'tagih', 'topup', 'ewallet', 'tap', 'pokok', 'sangatsangat', 'bantu']	positive
['mudah', 'transaksi', 'wondr', 'by', 'bni', 'keren']	positive
['ribet', 'transfer', 'transfer', 'orang', 'juga', 'buka', 'blokir', 'kartu', 'aplikasi', 'banggan', 'bantu']	positive
['susah', 'banget', 'nyetor', 'muka', 'hasil', 'aplikasi', 'masuk', 'akun', 'susah', 'banget', 'masuk', 'harud', 'baik', 'setor', 'muka']	negative
['transfer', 'masuk', 'bank', 'belah', 'tera', 'bukti', 'transfer', 'hasil', 'tapisaldo', 'tambah', 'bagaimana']	neutral
['mantap', 'ringan', 'aplikasi']	positive
['kasih', 'bintang', 'update', 'kasih', 'bintang', 'temu', 'pilih', 'menu', 'tarik', 'tunai', 'kartu', 'menu', 'beda', 'bni', 'mobile', 'banking', 'fitur', 'menu', 'lengkap']	neutral
['setor', 'tunai', 'gampang', 'kayak', 'bni', 'mobile', 'ribet', 'bawa', 'kartu', 'tinggal', 'aplikasi', 'sudah', 'setor', 'tunai', 'takut', 'atm', 'ketel', 'tolong', 'baru']	negative
['tolong', 'registrasi', 'pilih', 'cabang', 'enggak', 'apa', 'enggak', 'dilanjutin']	negative
['kendala', 'bayar', 'qris', 'ambil', 'gambar', 'galeri', 'bayar', 'qris', 'samsung', 'a', 'sisa', 'memori', 'gb', 'operator', 'telkomsel', 'lokasi', 'diri', 'kota', 'jaring', 'versi', 'aplikasi', 'baru', 'tolong', 'baik', 'kendala', 'mudah', 'bayar', 'qriss']	neutral
['verifikasi', 'wajah', 'susah', 'gagal', 'jenius', 'by', 'btpn', 'launcing', 'apk', 'benah', 'bug', 'sectornya', 'bug', 'aplikasi']	negative
['bulan', 'mencoba', 'aplikasi', 'kendala', 'verifikasi', 'mukaklo', 'hp', 'amantapi', 'hp', 'sudah', 'tuaspy', 'susah', 'masuk', 'nyamungkin', 'jodoh', 'fitur', 'iniby']	negative
['mudah', 'cepat', 'proses']	positive
['mas', 'cek', 'tagih', 'cicil', 'lihat', 'cicil', 'rumah', 'wonder', 'lihat', 'tabung', 'kartu', 'kredit']	negative
['baik', 'jaring']	neutral
['gapaham', 'banget', 'aplikasi', 'beda', 'tarik', 'tunai', 'kartu', 'enggak bisa', 'wondr', 'sedih', 'banget', 'harus', 'aplikasi', 'bni', 'mobile', 'daftar']	negative
['sayang', 'fiturnya', 'lengkap', 'aplikasi', 'bni', 'mobile', 'banking', 'kasih', 'bintang', 'lengkap']	negative
['iklan', 'mu', 'ganggu', 'buka', 'aplikasi', 'bni', 'mobile', 'halaman', 'aplikasi', 'bni', 'mobile', 'penuh', 'tutup', 'iklan', 'aplikasi', 'wondr', 'paksa', 'download', 'aplikasi', 'tutup', 'halaman', 'aplikasi', 'bni', 'mobile', 'silah', 'pasang', 'iklan', 'ganggu', 'nyaman', 'guna', 'aplikasi', 'bni', 'mobile']	negative
['bukti', 'transaksi', 'muncul', 'halaman', 'bukti', 'transaksi', 'lambat', 'min', 'enggak', 'langsung', 'didownload', 'butuh', 'lupa', 'langsung', 'download']	positive
['enggak', 'transaksi', 'punya', 'rekening', 'sendirisetiap', 'transaksi', 'arah', 'taplus', 'muda']	neutral
['downlod', 'susah', 'verifikasi', 'wajah', 'gagal', 'padhal', 'ikut', 'pandu', 'sampai', 'sekarang', 'masuk']	neutral
['transaksi', 'tarik', 'tunai', 'mbanking']	neutral
['kali', 'bni', 'kalah', 'saing', 'aplikasi', 'perban', 'wondr', 'by', 'bni', 'akses', 'aplikasi', 'mudah', 'lancar', 'simple', 'update', 'tolong', 'fitur', 'bni', 'debit', 'online', 'bni', 'mobile', 'terima', 'kasih', 'orang']	positive
['bintang', 'lot', 'notif', 'transaksi', 'masuk', 'enggak', 'lambat']	neutral
['proses', 'registrasi', 'mudah', 'cepat', 'aplikasi', 'mudah']	positive
['transfer', 'ikon', 'transfer', 'enggak', 'pencet', 'tolong', 'bagaimana', 'sudah', 'restart', 'hp', 'ganti', 'jringn', 'fitur', 'ada']	neutral
['aplikasi', 'bagus', 'tarik', 'transaksi', 'wondr', 'cepat', 'mudah']	positive
['aplikasi', 'bagus', 'tampil', 'okeyg', 'tarik', 'tunai', 'kartu', 'susah', 'ampun', 'verifikasi', 'muka', 'tolong', 'maintenance', 'server', 'baik', 'kasih', 'tau', 'notif', 'begitu', 'biar', 'tau', 'perbaikanngga', 'butuhin', 'langsung', 'perbaikankan', 'susah', 'orang', 'maka', 'terima', 'kasih', 'wonder', 'by', 'bni', 'kembang', 'aplikasi', 'orang', 'orang', 'maka', 'apk', 'wonder', 'betah']	positive
['mohon', 'bantu', 'aplikasi', 'susah', 'buka']	negative
['maksud', 'ya', 'memang', 'sana', 'bagaimana', 'saldo', 'bulan', 'potong', 'terang', 'denda', 'denda', 'ya', 'limit', 'ragu', 'gua']	negative
['nayamul', 'loginnya', 'enggak', 'mudah', 'aplikasi']	neutral
['simpel', 'transaksi', 'pakai', 'pindata', 'transaksi', 'jelassangat', 'tarik', 'segi', 'tampilnnya']	positive
['transaksi', 'mudah', 'sat', 'set']	positive
['fitur', 'bni', 'banking', 'contoh', 'fitur', 'tarik', 'tunai', 'setor', 'tunai', 'fitur', 'bantu', 'karena', 'jarang', 'bawa', 'kartu', 'atm', 'fitur']	negative
['batas', 'limit', 'kocak']	negative
['lengkap', 'bni', 'mobile', 'terima', 'kasih']	positive
['buku', 'tabung', 'muncul', 'wondr', 'info', 'bni', 'dekat', 'data', 'ktp', 'email', 'no', 'hp', 'buku', 'tabung', 'sampai', 'solusi', 'cs', 'sudah', 'bolak', 'tlpn', 'call', 'center', 'solusi', 'aplikasi', 'bni', 'mobile', 'banking', 'lot', 'sengaja', 'bikin', 'biar', 'pindah', 'wondr', 'wondr', 'sekarang', 'pakai', 'wonder', 'mohon', 'solusi']	negative
['maret', 'aplikasi', 'suka', 'error', 'enggak']	neutral
['puas', 'aplikasi']	positive
['banguss', 'mudah']	positive
['cepat', 'aplikasi']	positive
['transaksi', 'mudah', 'cepat']	positive
['aplikasi', 'uy', 'mengirim', 'otp', 'email', 'masuk', 'email', 'sudah', 'kosong', 'sudah', 'sesuai', 'email', 'bni', 'jaring', 'sudah', 'uninstal', 'instal', 'masuk', 'tuh', 'otp', 'email', 'otp', 'wa', 'mah', 'masuk', 'otp', 'email', 'masuk']	negative
['gangguanpayahdan', 'fitur', 'tersediacoba', 'tulis', 'nyawoii', 'baik', 'segeraknp', 'ganggu', 'sekarangmana', 'nih', 'bni']	negative
['mantap', 'pokoknyasemua', 'cepat', 'mudah']	positive
['buruk', 'enggak', 'aplikasi', 'sama', 'dikit', 'ganguan', 'terus']	neutral
['bagus', 'bni', 'mobile', 'sih', 'turut', 'aplikasi', 'kali', 'baru', 'bni', 'mobile']	negative
['menu', 'aplikasi', 'bni', 'mobile', 'banking', 'bni', 'credit', 'card', 'lengkap', 'masuk', 'wondr', 'contoh', 'naik', 'limit', 'kartu', 'kredit', 'bni', 'simponi', 'wondr', 'sukses', 'berkah', 'bni']	positive
['guna', 'bank', 'bni', 'kayak', 'wonder', 'ganti', 'peran', 'mbangking', 'bni', 'wonder', 'cepat', 'bayar', 'casslesh', 'fitur', 'fress', 'kelemkapan', 'mutasi', 'bukti', 'tranferfitur', 'dukung', 'bayar', 'mbangking', 'bni', 'migrasi', 'aplikasi', 'sempurna', 'mbanking', 'user', 'frendly']	neutral
['sudah', 'akun', 'cc', 'lupa', 'password', 'kali', 'memasuki', 'suruh', 'kayak', 'gilir', 'memasuki', 'email', 'email', 'daftar', 'pakai', 'email', 'suruh', 'bikin', 'rekening', 'tabung', 'ah', 'deh']	negative
['eror', 'daftar', 'akun', 'wondr', 'log', 'out', 'aplikasi', 'menu', 'daftar', 'sudah', 'begitu', 'daftar', 'ulang', 'tolong', 'kembali', 'mbanking', 'nyaman', 'guna', 'bni']	negative
['download', 'akun', 'suruh', 'daftar', 'ulang']	negative
['cepat', 'perinci']	positive
['susah', 'banget', 'verifikasi', 'wajah', 'hasil', 'suruh', 'tengok', 'tunduk', 'bilang', 'batas', 'ulang', 'bilang', 'coba', 'ulang', 'besok']	neutral
['apk', 'selesai', 'sudah', 'rilis']	negative
['transfer', 'masuk', 'bank', 'belah', 'tera', 'bukti', 'transfer', 'hasil', 'tapisaldo', 'tambah', 'bagaimana']	neutral
['aplikasi', 'mudah']	positive
['terima', 'kasih', 'baik']	positive
['aplikasi', 'wondr', 'aplikasi', 'canggih', 'bikin', 'transaksi', 'mudah', 'juga', 'simple', 'salah', 'aplikasi', 'perban', 'keren']	positive
['ribet', 'pakai', 'kenal', 'wajahsaya', 'cacat', 'mata', 'suruh', 'buka', 'mataaneh', 'aplikasi', 'maksamau', 'bayar', 'listrik', 'ribetwoii', 'aplikasi', 'inilebih', 'pakai', 'mbanking', 'susah', 'orangaku', 'hapus', 'mbanking', 'bni', 'susah', 'mudahganti', 'bank', 'transaksikecewa', 'bni', 'mudah', 'mempersulitlebih', 'aplikasi', 'guna', 'transaksi', 'aplikasibni', 'kalah', 'aplikasi', 'dana']	negative
['akses', 'aplikasinyakatanya', 'tingkat', 'sistem', 'tunggu', 'jam', 'bisasedangkan', 'milik', 'transaksi']	negative
['bantu']	positive
['transaksi', 'mudah', 'cepat']	neutral
['halo', 'wonder', 'bni', 'aplikasi', 'lot', 'tibaa', 'akses', 'tlong', 'jelas', 'bagaimana', 'pakai', 'transaksi', 'jam', 'akses', 'bagaimana', 'rugi', 'tlong', 'baik', 'servernya', 'ya', 'penggunaa', 'wonderbni', 'banyak', 'loh', 'padahal', 'kenpa', 'servernya', 'murah']	neutral
['bikin', 'ubah', 'salah', 'pin', 'atau', 'lupa', 'pin', 'ulang', 'kadang', 'pin', 'login', 'muncul', 'pin', 'wondr', 'indak', 'muncul', 'atau', 'gagal', 'transaksi', 'ulang', 'bikin', 'akun']	negative
['bantu']	neutral
['bni', 'mbanking', 'coba', 'kalo', 'ning', 'update', 'bni', 'mobile', 'ui', 'fitur', 'apps', 'bni', 'mbanking', 'lengkap', 'nyaman', 'guna', 'kompetitor', 'bank', 'merger', 'fitur', 'wondr', 'bni', 'mobile', 'biar', 'nasabah', 'enggak', 'bingung']	negative
['transaksi', 'transfer', 'saldo', 'masuk', 'tuju', 'kali', 'login', 'ganggu', 'saldo', 'transfer', 'apk', 'baik', 'makan', 'pagi', 'malam', 'kelar', 'live', 'chat', 'wa', 'respon', 'suruh', 'tunggu', 'direspon']	negative
['data', 'gagal', 'buka', 'rek', 'loding', 'apa', 'daftar', 'ulang', 'tolong', 'baik', 'aplikasi', 'data', 'ada', 'situ', 'data', 'salah']	negative
['sudah', 'sudah', 'uninstall', 'mobile', 'banking', 'enggak', 'download', 'mutasi', 'komplit', 'hilang', 'fitur', 'aneh']	negative
['bantu', 'mudah', 'nasabah', 'bni']	positive
['tolong', 'update', 'aplikasi', 'verifikasi', 'data', 'coba', 'ulang', 'kali', 'daftar', 'wonder', 'tolak', 'dengan', 'silah', 'update', 'identitas', 'ktp', 'pakai', 'daftar', 'wonder', 'tolak', 'tolong', 'baik', 'aplikasi']	negative
['daftar', 'kendala', 'verifikasi', 'wajah', 'vidio', 'call', 'agen', 'internet', 'stabiltolong', 'baik', 'lah']	negative
['ganggu', 'yas']	neutral
['aplikasi', 'keren', 'mudah', 'simpel', 'cepat', 'tampil', 'segar', 'warna', 'segar', 'oke', 'promonya', 'banyak', 'well', 'done', 'bni']	positive
['aplikasi', 'bangak', 'bug', 'orang', 'scan', 'sudah', 'memakai', 'muk', 'tetap', 'bisaga', 'gunasebelum', 'updet', 'pakai', 'sudah', 'update', 'suruh', 'isi', 'ulang', 'aneh']	negative
['tolong', 'aplikasi', 'wondr', 'tarik', 'tunai', 'kartu', 'septi', 'bni', 'mobile']	neutral
['keren', 'wondr', 'bantu']	positive
['kalo', 'tarik', 'tunai', 'pakai', 'wondr', 'otp', 'kirim', 'wa', 'pakai', 'sms', 'jarang', 'ngisi', 'pulsa', 'paket', 'tolong', 'admin', 'mudah', 'biar', 'kayak', 'belah', 'lewat', 'wa', 'gmail']	neutral
['mohon', 'developer', 'fiturnya', 'perinci', 'riwayat', 'dana', 'masuk', 'dana', 'sharedownload', 'notif', 'masuk', 'dengan', 'nominal', 'nol', 'hingga', 'mohon', 'modern', 'simpel', 'followup', 'tks']	neutral
['aplikasi', 'bikin', 'ribet', 'bikin', 'pindah', 'bni', 'baca', 'kecewa', 'banyak', 'aplikasi', 'mbanking', 'bni', 'lengkap', 'fiturnya', 'bye', 'bni']	negative
['sulit', 'log', 'ini', 'karena', 'verifikasi', 'wajah']	negative
['lamban', 'banding', 'bni', 'mobile', 'banking', 'terima', 'kode', 'otp', 'mobile', 'tunai', 'ribet']	negative
['aplikasi', 'sampah', 'kali', 'error', 'read', 'saldo', 'salah', 'update', 'mutasi', 'lambat', 'mending', 'aplikasi', 'wondr', 'sampah', 'kalah', 'sama', 'aplikasi', 'tetangga']	negative
['aplikasi', 'bikin', 'ribetkalau', 'kantor', 'cabang', 'mulu']	negative
['donwload', 'aplikasi', 'jalan', 'lancar', 'hari', 'buka', 'aplikasi', 'harus', 'daftar', 'daftar', 'sudah', 'pakai', 'verifikasi', 'wajah', 'ulang', 'kali', 'gagal', 'alih', 'mbanking', 'bni', 'wondr', 'bni', 'seperti', 'wondr', 'belum', 'kecewa', 'mohon', 'tingkat']	negative
['aplikasi', 'buruk', 'close', 'app', 'instal', 'ulang', 'programmernya', 'didik', 'silah', 'hubung', 'ajarkan', 'develop', 'aplikasi']	negative
['verifikasi', 'gagal', 'terus', 'intruksinya', 'trllu', 'cepat', 'bgtblm', 'lakuinsemisal', 'scan', 'wajah', 'dilakuin', 'intruksi', 'scan', 'wajah', 'sudah', 'ganti', 'intruksi', 'laindan', 'yang', 'sbgainya', 'yang', 'scan', 'banyak', 'sudah', 'ngikuti', 'scanakhirny', 'ggal', 'terus', 'pakai', 'transaksi', 'mlhn', 'ribet', 'pkirku', 'mudah', 'mlhan', 'prsaan', 'kemarin', 'baru', 'update', 'buka', 'mlhn', 'berubah']	negative
['kasih', 'bintang', 'dulu', 'daftar', 'memasuki', 'data', 'tahap', 'memasuki', 'email', 'stlah', 'aplikasi', 'minta', 'video', 'call', 'dengan', 'agen', 'tidak', 'diback', 'aneh', 'ulang', 'daftar', 'cuman', 'dengan', 'verifikasi', 'wajah', 'sekarang', 'kasih', 'bintang', 'diperbaikitrimkasih', 'fitur', 'verifikasi', 'wajah', 'muncul', 'error', 'dialog', 'kendala', 'sistem']	negative
['biaya', 'bulan', 'saldo', 'bisa', 'limit', 'trx', 'cuma', 'juta']	positive
['apk', 'jos', 'delay']	neutral
['mudah', 'simpel', 'bantu']	positive
['apk', 'bagus', 'bantu', 'mudah', 'anehin', 'kesel', 'sampai', 'bbrapa', 'kali', 'verivikasi', 'ulang', 'sampai', 'bosan', 'masalah', 'pin', 'wondr', 'sudah', 'ganti', 'bbrapa', 'kali', 'sudah', 'verifikasi', 'login', 'memasuki', 'password', 'eh', 'enggak', 'sesuai', 'password', 'verifikasi', 'kali', 'menyebalkan', 'sudah', 'bbrapa', 'kali', 'verifikasi', 'hasil', 'verifikasi', 'hasil', 'pakai', 'transaksi']	neutral
['alami', 'ganguan', 'transaksi', 'ggk', 'tau', 'dikit', 'dikit', 'transaksi', 'hasil', 'mohon', 'baik']	positive
['simpel', 'sih', 'menu', 'fx', 'mobile', 'hilang', 'lengkap', 'menumenunya', 'tolong', 'lengkap', 'terimakasih']	neutral
['mudah', 'transaksi']	positive
['halah', 'sudah', 'enak', 'pakai', 'bni', 'mobile', 'ganyi', 'aplikasi', 'bapuk', 'inibentar', 'ganggu', 'enak', 'bni', 'mobilebukannya', 'pindah', 'yamg', 'bagus', 'bapuk']	negative
['hai', 'kak', 'terimakasih', 'aplikasi', 'update', 'bilang', 'nyaman', 'pakai', 'mudah', 'transaksi', 'ada', 'saran', 'diperrimbangkan', 'data', 'potong', 'biaya', 'admin', 'tampil', 'aplikasi', 'tera', 'potong', 'biaya', 'adminnya', 'ya', 'saran', 'moga', 'kakak', 'timbang', 'terima kasih']	neutral
['riwayat', 'transaksi', 'kayak', 'bni', 'mbanking', 'pilih', 'opsi', 'bingung', 'jdinya', 'klik', 'riwayat', 'transaksi', 'langsung', 'bukti', 'transaksi']	positive
['duh', 'parah', 'aplikasi', 'lelet', 'kayak', 'pentium', 'enggak', 'masuk', 'parah', 'deh', 'enggak', 'kayak', 'aplikasi', 'lvn', 'belah', 'wush', 'wush', 'enggak', 'error', 'masuk', 'login', 'ulang', 'ulang', 'enggak', 'masuk', 'masuk', 'enggak', 'baik', 'mending', 'kabur', 'deh', 'setia', 'belah', 'enak', 'banget', 'edit', 'terima', 'kasih', 'direspon', 'bintang', 'menambah']	neutral
['kali', 'login', 'gagal', 'verifikasi', 'wajah', 'enggak', 'mulu', 'sudah', 'mengikuti', 'suruh']	neutral
['tolong', 'hadir', 'fitur', 'aktivasi', 'rekening', 'akibat', 'jarang', 'transaksi']	positive
['tolong', 'bni', 'kalo', 'asuransi', 'telponin', 'ngeganggu', 'banget', 'kerja', 'bertanya', 'sibuk', 'mendengarkan', 'omong', 'asuransi', 'dora', 'tolong', 'bni', 'erti', 'kalo', 'gaji', 'juta', 'enggak apa-apa', 'nabung', 'doang', 'bni', 'tolong', 'erti']	negative
['wonder', 'enggak bisa', 'buka', 'jaring', 'sudah', 'hp', 'sudah', 'refresh', 'download', 'ulang', 'tetap', 'enggak bisa', 'buka']	negative
['aplikasi', 'sudah', 'daftar', 'pakai', 'ktp', 'sudah', 'selfie', 'menengok', 'kiri', 'sudah', 'password', 'bisa', 'harus', 'call', 'cs', 'bni', 'harus', 'kantorga', 'pantesan', 'langgan', 'pada', 'komen', 'jelek', 'play', 'store', 'karena', 'aplikasi', 'gagal']	negative
['knapa', 'no', 'rekening', 'wondr', 'aktif', 'balas', 'bni', 'tabung', 'saya', 'taplus', 'semua', 'serba', 'praktis', 'modern', 'serba', 'digital', 'begini', 'outlet', 'bni', 'deh', 'uninstall', 'wondr', 'tutup', 'rekening', 'status', 'rekening', 'aktif', 'gaji', 'bni', 'call', 'sudah', 'whatsapp', 'sudah', 'suruh', 'outlet', 'kerja', 'offshore', 'suruh', 'cabang']	negative
['susah', 'askes', 'masuk', 'aplikasi', 'gagal', 'urgent', 'bayar', 'aplikasi', 'tidka', 'buka', 'mohon', 'baik', 'lancar']	positive
['kualitas', 'bawah', 'bni', 'mobile', 'banking', 'topup', 'ewallet', 'dana', 'nominal', 'maksimal', 'jthari']	neutral
['riwayat', 'transaksi', 'terupdate', 'tolong', 'baik']	neutral
['menu', 'tarik', 'tunai', 'solusi', 'genggam']	neutral
['beli', 'pulsa', 'saldo', 'kepotongpulsa', 'masukbni', 'tipu']	negative
['aplikasi', 'bagus', 'depan', 'menu', 'setor', 'tunai', 'kartu', 'biar', 'enggak', 'ribet', 'bawa', 'kartu', 'debit']	positive
['apliaksinya', 'log', 'ini', 'kadang', 'buka', 'tolong', 'benah', 'kadang', 'kalo', 'butuh', 'cepat', 'bikin']	positive
['menu', 'pinjam', 'kpr', 'jalan', 'cek', 'aplikasi', 'moga', 'depan', 'tambah', 'aplikasi']	neutral
['bantu', 'oke']	positive
['kenapa', 'login', 'finger']	positive
['daftar', 'bikin', 'akun', 'terus', 'kemarin', 'uninstal', 'log', 'ini', 'enggak', 'enggak', 'menu', 'log', 'ini', 'terus', 'ngulang', 'daftar', 'masuk', 'email', 'email', 'daftar', 'enggak', 'banget']	negative
['aplikasi', 'bagus', 'mudah', 'bertransaksifitur', 'lengkaprekomend']	positive
['kok', 'wondr', 'by', 'bni', 'buka', 'ya', 'doang', 'transaksi', 'kemarin', 'buka', 'min', 'aplikasi', 'kenapa', 'uninstall', 'dulu', 'aduh', 'bingung', 'jelasinnya', 'bagaimana', 'ya', 'klik', 'aplikasi', 'wondr', 'stuck', 'gambar', 'kayak', 'min', 'gambar', 'kayak', 'playstore', 'stuck', 'saja']	neutral
['sumpah', 'ribet', 'buka', 'rekening', 'efisien', 'online', 'mesin', 'biaya', 'buka', 'kantor', 'cabang', 'tajur', 'bogor', 'mesin', 'eror', 'juanda', 'juanda', 'antri', 'ribet']	negative
['fitur', 'wondr', 'guna', 'enak', 'ribet', 'berat', 'hp', 'nyaman', 'suka', 'bayar', 'pakai', 'qris']	positive
['knapa', 'sih', 'cek', 'saldo', 'login', 'susah', 'banget']	negative
['transaksi', 'gagal', 'saldo', 'kurang', 'hubung', 'cs', 'jelek']	negative
['maaf', 'login', 'baru', 'masuk', 'bulan', 'sudah', 'baru', 'error', 'tibatiba', 'sinyal', 'bagus']	negative
['buka', 'ribet', 'sudah', 'benar', 'pakai', 'bni', 'mobile', 'banking', 'ribet', 'ganggu', 'bayar', 'listrik', 'alih', 'wonder', 'wondernya', 'sulit', 'masuk', 'no', 'ipl', 'kali', 'bayar', 'sudah', 'bni', 'mobile', 'banking', 'neko']	negative
['suka', 'banget', 'pakai', 'qris', 'ewallet', 'tapcashnya', 'instan', 'klikgak', 'tahap', 'pakenya']	positive
['lumayan', 'ribet', 'maklum', 'hp', 'jadul']	neutral
['aplikasi', 'sulit', 'bayar', 'listrik', 'input', 'no', 'idpl', 'simpan', 'otomatis', 'transaksi', 'rutin', 'bulan']	negative
['kecewa', 'model', 'riwayat', 'transaksi', 'lengkap', 'aplikasi', 'bni', 'mobile', 'bni', 'mobile', 'lengkap', 'saldo', 'tarik', 'mudah', 'ngehitung', 'saldo']	neutral
['daftarin', 'kartu', 'atm', 'bansos', 'bank', 'bnitp', 'transferdengan', 'alas', 'kartu', 'aktifmemang', 'bank', 'bni', 'ya', 'itupedahal', 'saldo']	neutral
['puas', 'manfaat']	positive
['keluar', 'sendiri', 'aplikasi', 'suruh', 'regjstrasi', 'ulang', 'parah', 'sih', 'sudah', 'begitu', 'bikin', 'bni', 'salah', 'orang', 'enggak bisa', 'bikin', 'atm', 'bni', 'mbanking', 'bni', 'lupa', 'email', 'password', 'wondr', 'ternatifnya', 'twrsebut', 'susah', 'langsung', 'cabang', 'aneh']	neutral
['aplikasi', 'buruk', 'banget', 'eror', 'baik', 'bikin', 'susah', 'tf', 'mobil', 'banking']	negative
['transaksi', 'woder', 'by', 'bni']	positive
['bantu', 'mudah', 'pakai', 'wonder', 'bni', 'depa', 'moga', 'dapat', 'hadiah', 'bni']	positive
['beli', 'paket', 'data', 'enggak', 'ya']	positive
['aplikasi', 'buka', 'halaman', 'user', 'login', 'tampil']	negative
['kali', 'ganggu']	negative
['siang', 'kak', 'transfer', 'bank', 'gagal', 'sudah', 'dari', 'smlm', 'coba', 'transfer', 'gagal', 'tolong', 'kak', 'baik']	neutral
['kecewa', 'bni', 'wonder', 'buka', 'bantu', 'kantor', 'dekat', 'transaksi', 'katornya', 'buang', 'buang']	neutral
['verifikasi', 'download', 'dihp', 'verifikasi', 'ulang', 'langsung', 'login', 'tolong', 'fitur', 'langsung', 'login', 'verifikasi', 'ulang']	neutral
['bagus', 'mudah']	positive
['update', 'jalan', 'lancar', 'tanpa', 'kendalaok', 'cantum', 'aset', 'pnyahy', 'history', 'transaksi', 'puas', 'detail', 'situ', 'hai', 'terang', 'terima', 'keluar', 'tanpa', 'tulis', 'saldo', 'sisa', 'keluar', 'cantum', 'potong', 'adminnya', 'berapaaku', 'suka', 'aplikasi', 'mbanking', 'bni', 'depan', 'wondr', 'bni', 'dilengkapin', 'kekurangannyadan', 'semoga']	negative
['fitur', 'ui', 'ux', 'tarik', 'praktis', 'meribetkan', 'guna', 'transaksi', 'mudah', 'guna', 'transfer', 'kemanamana', 'e', 'commerce', 'e', 'wallet', 'tau', 'kalo', 'saldo', 'mbanking', 'bni', 'masuk', 'saldo', 'wondr', 'by', 'bni', 'saran', 'download', 'aplikasi', 'wondr', 'by', 'bni']	positive
['apk', 'bagus', 'daftar', 'ulang', 'baik', 'apk']	neutral
['sayang', 'fitur', 'point', 'aplikasi', 'bni', 'fitur', 'point', 'lebih', 'tukar', 'pulsa', 'ewalet']	neutral
['berat', 'hpku', 'iniberselancarny', 'lag', 'teu', 'enakeunitu', 'kendala']	positive
['ribet', 'aplikasi', 'wonder', 'by', 'bni', 'masuk', 'verifikasi', 'no', 'handphone', 'foto', 'ktp', 'wajah', 'macamm', 'ribet', 'aplikasi', 'bagus', 'mobile', 'bangking', 'wonder', 'by', 'bni', 'kasihan', 'bikin', 'ribett', 'guna']	negative
['bagus', 'layan']	neutral
['sudah', 'selesai', 'verifikasi', 'eh', 'login', 'suruh', 'daftar', 'kayak', 'mencoba', 'notif', 'sesi', 'login', 'ujung', 'login', 'terus', 'suruh', 'daftar', 'mulu']	negative
['depan', 'mohon', 'metode', 'transaksi', 'cardless', 'bni', 'mobile', 'history', 'transaksi', 'tampil', 'transaksi', 'bayarbeli', 'fitur', 'bni', 'mobile', 'aktif', 'aplikasi', 'ganti', 'apk', 'tingkat', 'apk', 'bni', 'mobile', 'masih', 'thanks']	negative
['mudah', 'bantu']	positive
['keren', 'banget', 'wonder', 'simple', 'lancar']	positive
['bagus', 'layan']	positive
['tolong', 'kembali', 'aplikasi', 'bni', 'app', 'jelek', 'tampil', 'enggak bisa', 'lihat', 'cashflow', 'bulan', 'tampil', 'rame', 'inti', 'dapat']	negative
['aplikasi', 'mobile', 'banking', 'bantu', 'senang', 'mudah', 'aman', 'praktis', 'userfriendly', 'transaksi', 'cepat', 'mudah', 'fiturfitur', 'baru', 'manfaat']	positive
['maka', 'apk', 'sih', 'enak', 'mudah', 'banget', 'promo', 'aplikasi', 'senang', 'banget']	positive
['transaksi', 'tarik', 'tunai', 'mbanking']	neutral
['kenapa', 'kadang', 'login', 'begitu', 'kemarin', 'login', 'sudah', 'update']	positive
['aplikasi', 'banget', 'ter', 'buka']	neutral
['aplikasi', 'transfer', 'transaksi', 'gagal', 'transfer']	negative
['tampil', 'lebih', 'kini', 'menu', 'insight', 'rekap', 'uang', 'menu', 'cek', 'aset', 'tab', 'investasi', 'dplk', 'bancassurance', 'ganti', 'pin', 'kartu', 'debit', 'wondr', 'mutasibukti', 'trx', 'simpan', 'tahun', 'kalo', 'cek', 'tinggal', 'swipe', 'kiri', 'kanan', 'enggak', 'input', 'tanggal', 'banyak']	positive
['error', 'padahal', 'transaksi', 'tf', 'qriss', 'coba', 'download', 'ulang', 'menyushkan', 'aplikasi', 'riba', 'eror', 'padahal', 'sudah', 'transaksi', 'mohon', 'bantu', 'upgrade', 'biar', 'nyaman', 'dengan', 'aplikasi', 'nyaterima', 'kasih']	neutral
['wonder', 'meni', 'login']	neutral
['assalamualaikum', 'saldo', 'kirim', 'baca', 'hasil', 'saldo', 'bagaimana', 'nih', 'tanggap', 'wonder', 'aman', 'begitu', 'kirim', 'masuk', 'mohon', 'bantu']	negative
['transfer', 'gagal', 'teruspadahal', 'saldo', 'tolong', 'jelasin']	neutral
['minkenapa', 'transaksi', 'tf', 'bayar', 'tagih', 'prabayar', 'enggak', 'eakalau', 'limit', 'pakai', 'wifi', 'kenapakoko', 'buka', 'pakai', 'data', 'stak', 'logo', 'ngebag', 'tolong', 'min', 'baik', 'enak', 'pakai', 'bni', 'mobil', 'wonder']	negative
['pakai', 'sama', 'banking', 'lamakarena', 'wonder', 'bni', 'errornyakayaknya', 'pakai', 'nih', 'wondr', 'bni']	neutral
['akhirakhir', 'apknya', 'hp', 'enggak', 'buka']	neutral
['simple', 'mudah', 'transaksi']	positive
['baik', 'apk', 'makan', 'siang', 'malam', 'proses', 'transfer', 'dana', 'kunjung', 'masuk', 'saldo', 'rekening', 'via', 'wonder']	neutral
['tarik', 'tunai', 'kartu', 'ganti', 'aplikasi', 'mbanking', 'bni', 'paksa', 'enggak', 'buka', 'mbanking']	neutral
['verifikasi', 'wajah', 'pollpoll', 'an', 'menumenu', 'new', 'bni', 'mobil', 'banking', 'menu', 'bayar', 'beli', 'lpg', 'pertamina', 'pangkal', 'agen', 'luncur', 'off', 'tenggat', 'off', 'bayar', 'lpg', 'pertamina', 'mana', 'tolong', 'banyak', 'menumenunya']	neutral
['buka', 'deh']	neutral
['gilir', 'jam', 'gin', 'susah', 'butuh', 'enggak', 'kayak', 'baca', 'transaksi', 'gagal', 'terus']	negative
['transfer', 'uang', 'cepat', 'kilat', 'mantap', 'wonder']	positive
['bantu', 'muas', 'mantap']	positive
['coba', 'aplikasi', 'wondr', 'bikin', 'transaksi', 'simple', 'praktis', 'fiturnya', 'sudah', 'mantap', 'bangetsukses', 'bni']	positive
['tolong', 'bni', 'aplikasi', 'error']	positive
['aplikasi', 'akurat', 'bukti', 'bagus']	positive
['sukses', 'jaya', 'bni']	positive
['mantappelayanan', 'cepat']	positive
['guna', 'setia', 'bni', 'qris', 'atm', 'seringkali', 'masalah', 'mhn', 'baik']	neutral
['fitur', 'lengkap', 'mudah', 'paham', 'tampil', 'fresh', 'keren', 'maju', 'bni']	positive
['aplikasi', 'ribet', 'swapoto', 'gagal', 'gambar', 'zaman', 'sudah', 'modern', 'ribet', 'aplikasi', 'sampah']	negative
['error', 'mulu', 'urgent', 'pakai', 'buka', 'baharu', 'dll', 'benar', 'sh', 'dftrnya', 'mudah', 'perlu', 'antri', 'cs', 'aplikasi', 'error', 'mulu']	neutral
['aplikasi', 'srek', 'jaring', 'glte', 'lot', 'banget', 'enggak', 'sat', 'set']	neutral
['wow', 'keren', 'mudah', 'transaksi', 'thanx', 'bni']	positive
['verifikasi', 'wajah', 'mohon', 'kedip', 'mata', 'sipit', 'susah', 'verifikasi']	positive
['sudah', 'regis', 'login', 'ulang', 'muncul', 'page', 'ceklis', 'suka', 'sudah', 'kali', 'ulang', 'tetap', 'ngebug', 'situ', 'enggak bisa', 'login']	negative
['pakai', 'biaya', 'bulan', 'gratis', 'bank', 'digital', 'seabank', 'dll', 'full', 'digital', 'full', 'gratis']	negative
['nomor', 'rekening', 'wondr', 'bni', 'mobile', 'bangking', 'beda', 'bni', 'mbangking', 'wondr', 'enggak', 'contoh', 'wondr', 'bni', 'mbangking', 'kirim', 'screenshot', 'nomor', 'rekening', 'pakai', 'wondr', 'reimburstment', 'gagal', 'karena', 'nomor', 'salah', 'alhasil', 'reimburstment', 'kena', 'charge', 'biaya', 'admin', 'nominal', 'enggak', 'cuman', 'jengkel', 'kena', 'charge', 'gara', 'apk', 'enggak', 'sinkron', 'nomor', 'rekening', 'sama', 'biar', 'enggak', 'bikin', 'salah', 'paham']	negative
['ganguan', 'nyaman', 'mengunakannya', 'lambattolong', 'tingkat', 'sistem']	negative
['bintang', 'deskripsi', 'transaksi', 'minim', 'mundur', 'versi', 'bni', 'mobile', 'banking', 'rincian', 'transaksi', 'masuk', 'mohon', 'developer', 'ubah', 'feature', 'rincian', 'transaksi', 'enggak', 'sumber', 'kas', 'masuk', 'uang', 'masuk', 'deskripsi', 'perlu', 'sumber', 'repot', 'bertanya', 'transfer', 'uang', 'uang', 'transaksi']	neutral
['puas', 'layan']	positive
['pakai', 'trx', 'masih', 'sangat', 'lancartanpa', 'kendala', 'aapun']	positive
['top', 'up', 'e', 'wallet', 'batas', 'hari', 'mending', 'batas', 'top', 'up']	neutral
['aplikasi', 'simple', 'mudah', 'kontrol', 'uang', 'fitur', 'lengkap', 'mantap']	positive
['muas', 'banget', 'aplikasi', 'komplit', 'top', 'up', 'tap', 'cash', 'isi', 'pulsa', 'bayar', 'pln', 'sampai', 'beli', 'tiket', 'woosh', 'ringan', 'buka', 'lot', 'tampil', 'mudah', 'paham', 'oke', 'banget', 'pokok']	positive
['maksud', 'bagaimana', 'aplikasi', 'bni', 'mobil', 'ganti', 'aktif', 'semuakok', 'aplikasibukannya', 'simple', 'pindah', 'aplikasi']	neutral
['kadang', 'suka', 'lot', 'buka', 'apk', 'tolong', 'baik']	negative
['aplikasi', 'lancar', 'jaya', 'suka', 'tampil', 'wondr', 'sayang', 'aplikasi', 'berat', 'hp', 'android', 'terkadang', 'suka', 'lot']	positive
['wonder', 'by', 'bni', 'mudah', 'transaksi']	positive
['aktifasi', 'deteksi', 'wajah', 'suruh', 'kedip', 'sudah', 'kali', 'tetap', 'gagal']	neutral
['super', 'aplikasi', 'mudah', 'nyaman', 'transaksi']	positive
['transaksi', 'simpel', 'mudah', 'cepat']	positive
['login', 'restart', 'mengira', 'update', 'lancar', 'masih', 'lot', 'moga']	neutral
['sih', 'mudah', 'aplikasi', 'potong', 'adminnya']	neutral
['aplikasi', 'tipu', 'sayang', 'transaksi', 'tulis', 'terang', 'transaksi', 'hasil', 'saldo', 'potong', 'no', 'rekening', 'terima', 'dana', 'masuk', 'hilang', 'mana', 'ungang', 'kejadianya', 'kali']	negative
['kenapa', 'lambat', 'ya', 'transaksi', 'cepat', 'kah', 'baik', 'sistem', 'terima kasih']	positive
['aplikasi', 'susah', 'banget', 'log', 'jaring', 'lancar', 'aman', 'login', 'susah']	neutral
['alam', 'tf', 'beli', 'emas', 'gadai', 'detik', 'masuk', 'trimakasih', 'bni', 'wondr', 'keren']	positive
['praktis', 'membanti']	positive
['bagus', 'aplikasi']	positive
['coba', 'enggak bisa', 'log', 'ini', 'aplikasi', 'pakai', 'wifi', 'pakai', 'kartu', 'sim', 'hubung', 'bni', 'hasil', 'gbisa', 'log', 'ini']	negative
['mohon', 'maaf', 'ketidaknyamannya', 'wondr', 'bni', 'deteksi', 'baik', 'sistem', 'transaksi']	negative
['mudah', 'segalahal', 'transaksi', 'metode', 'transaksi', 'transaksi', 'bayar', 'bpjs']	positive
['waste', 'time', 'coba', 'daftar', 'pakai', 'bni', 'mobile', 'enggak bisa', 'sistem', 'eror', 'ulang', 'langkah', 'ulang', 'kali', 'enggak bisa', 'oke', 'sabar', 'cabang', 'bni', 'daftar', 'offline', 'kenapa', 'ktp', 'sidik', 'jari', 'ulang', 'enggak mau', 'sedih', 'coba', 'pakai', 'wonder', 'bni', 'offline', 'buka', 'rekening', 'gagal', 'hasil', 'nihil', 'mengerti', 'salah', 'ktp', 'sidik', 'jari', 'padahal', 'bank', 'aman', 'staff', 'bilang', 'ktp', 'salah', 'seriously', 'kecewa']	negative
['kasih', 'bintang', 'masuk', 'aplikasi', 'erti', 'gagal', 'verifikasi', 'wajah', 'ikut', 'instruksi', 'hadap', 'kanan', 'hadap', 'kiri', 'kedip', 'mata', 'angkat', 'wajah', 'laku', 'gagal', 'gagal', 'gagal', 'sekali', 'hasil', 'selesai', 'video', 'call', 'masuk', 'karena', 'salah', 'uninstall', 'menginstalnya', 'ulang', 'gagal']	negative
['aplikasi', 'ribet', 'tolong', 'biar', 'simpan', 'data', 'bayar', 'listrik', 'mengecek', 'no', 'meter', 'mengecek', 'no', 'tagih', 'haah', 'aplikasi', 'ora', 'mutu', 'bagus', 'simpel', 'data', 'enggak', 'hapus', 'bikin', 'ribet', 'pdam', 'enggak', 'lengkap', 'internet', 'data', 'simpan', 'enggak', 'listrik', 'kalo', 'maksimal', 'bikin', 'ribet', 'aplikasi', 'bayar', 'bayar', 'hah', 'enggak', 'wondrnot', 'simpel']	negative
['aplikasi', 'manfaat', 'bantu', 'kelola', 'finansial', 'aman', 'aman', 'kendala', 'tahan']	positive
['mudah', 'transaksi', 'transfer', 'bayar', 'tagih', 'beli', 'pulsa', 'listrik', 'dll', 'promonya', 'hitung', 'total', 'debit', 'kredit', 'bulan', 'terima', 'kasih', 'bni']	positive
['bni', 'mbanking', 'beli', 'token', 'listrik', 'langsung', 'arah', 'wondr', 'by', 'bni', 'beli', 'token', 'listrik', 'bayar', 'hasil', 'notifikasi', 'gagal', 'saldo', 'potong', 'sesuai', 'biaya', 'transaksi', 'nomor', 'isi', 'token', 'listrik', 'sayamohon', 'bantu']	negative
['bni', 'sulit', 'pinjam', 'nasabah', 'nasabah', 'pinjam', 'bank']	positive
['transaksi', 'dengan', 'aplikasi', 'wondr', 'by', 'bni', 'mudah', 'cepat']	positive
['urgent', 'transaksi', 'baik', 'aplikasi', 'pakai', 'rilis']	negative
['menu', 'wondr', 'pilih', 'tarik', 'tunai', 'kartu', 'setor', 'tunai', 'kartu', 'suka', 'tarik', 'tunai', 'kartu', 'setor', 'tunai', 'kartu', 'mbanking', 'bni', 'kembang', 'sudahsudah']	neutral
['aplikasi', 'mudah', 'cepat']	positive
['aplikasi', 'bni', 'alam', 'transaksi', 'praktis', 'simpel', 'downloadnya', 'cepat', 'moga', 'manfaat']	positive
['aplikasi', 'bagus', 'mbanking', 'mudah', 'dalam', 'operasionalnyasaat', 'verifkasi', 'wajah', 'harus', 'ulang', 'ulang', 'padahal', 'terang', 'cahaya', 'kirim', 'kode', 'otp', 'begitu', 'terima', 'masuk', 'sudah', 'laku', 'hadeh']	neutral
['mudah', 'bantu']	positive
['aplikasi', 'loading', 'aktivasi', 'masuk', 'muter', 'halaman', 'syarat', 'tentu']	neutral
['kembali', 'bni', 'mobile', 'banking', 'bayar', 'listrik', 'pakai', 'aplikasi', 'fitur', 'bni', 'mobile', 'banking', 'simpel', 'repot']	negative
['bantu', 'fasilitas', 'mudah', 'transaksi']	positive
['bantu', 'terimakasih']	positive
['wonder', 'istal', 'layan', 'parah']	negative
['maksud', 'bagaimana', 'suruh', 'masuk', 'kode', 'verifikasi', 'email', 'kode', 'sudah', 'masuk', 'email', 'kolom', 'meminta', 'isi', 'kode', 'verifikasi', 'salah', 'bagaimana']	negative
['bagus', 'suka']	positive
['pakai', 'wondr', 'beberapa', 'error', 'muncul', 'pesan', 'kendala', 'tim', 'baik', 'sila', 'coba', 'coba', 'beberapa', 'kali', 'baik', 'kembang', 'ganggu', 'nyaman', 'nasabah', 'download', 'versi', 'orange', 'tempat', 'menu', 'cepatapa']	neutral
['aplikasi', 'wondr', 'by', 'bni', 'eror', 'enggak', 'buka', 'kakini', 'bagaimana', 'solusi']	neutral
['aplikasi', 'bank', 'buruk', 'error', 'verifikasi', 'wajah', 'sensor', 'wajah', 'aplikasi', 'buruk', 'verifikasi', 'wajah', 'gagal', 'ulang', 'esok', 'hari', 'tampil', 'menu', 'dalam', 'ribet', 'rumit', 'alam', 'buruk', 'aplikasi', 'bank', 'bni']	negative
['sudah', 'daftar', 'gagal', 'pin', 'login', 'tolong', 'gan', 'solusi']	neutral
['buruk', 'kirim', 'duit', 'gagal', 'ngurusnya', 'burik', 'beda', 'apk', 'mbanking', 'duit', 'transfer', 'gagal', 'cepat', 'dibalikin', 'mengurus', 'lapor', 'download', 'apk', 'bayar', 'guna', 'bayar', 'jadi', 'kemarin', 'bul', 'kemarin']	negative
['enak', 'pakai', 'bni', 'mobile', 'banking', 'bendahara', 'giat', 'kantor', 'pakai', 'bni', 'mobile', 'banking', 'pegawai', 'tau', 'rincian', 'nama', 'giat', 'masuk', 'wondr', 'dari', 'rincoan', 'rekening', 'kirim', 'nominal', 'uang', 'teman', 'keluh', 'cek', 'aplikasi', 'uninstall', 'wondr', 'pakai', 'bni', 'mobile', 'error', 'login']	neutral
['uang', 'masuk', 'terang', 'tulis', 'bayar', 'kirim', 'namainstansino', 'rekening', 'kirim', 'uang', 'terang', 'kirim', 'muncul', 'terang', 'kirim', 'serta', 'terang', 'kirim', 'bayar', 'beda', 'mobile', 'banking', 'bni']	neutral
['login', 'isi', 'syarat', 'tentu', 'sesi', 'enggak', 'loginaplikasi', 'mantap']	neutral
['enggak bisa', 'tarik', 'uang', 'atm']	positive
['moga', 'lancar', 'aplikasi', 'lot']	positive
['download', 'sudah', 'error', 'bad', 'experiences']	neutral
['bagus', 'aplikasi', 'transaksi', 'mudah']	positive
['aplikasi', 'sampah', 'gaguna', 'tf', 'pin', 'salah', 'sudah', 'sesuai', 'paksa', 'reset', 'sudah', 'reset', 'mau', 'login', 'password', 'tbtb', 'salah', 'padahal', 'benar', 'benar', 'menit', 'passwordnya', 'bisa', 'passwordnya', 'sudah', 'bisa', 'pin', 'enggak bisa', 'duit', 'enggak bisa', 'kepake', 'serba', 'salah', 'benar', 'benar', 'sudah', 'sesuai', 'banget', 'sudah', 'sampai', 'reset', 'enggak ada', 'typo', 'salah', 'password', 'login', 'pin', 'salah', 'sampai', 'enggak bisa', 'login', 'karena', 'sering', 'verif', 'uang', 'enggak bisa', 'apa', 'apai', 'nih', 'sampah']	negative
['tingkat', 'min', 'appnya', 'tanks', 'sudah', 'bantu']	positive
['bantu', 'proses', 'bagus', 'lancar']	positive
['muas']	positive
['keren', 'cepat', 'cermat']	positive
['user', 'bni', 'mobile', 'dengar', 'kabar', 'bni', 'mobile', 'hapus', 'ganti', 'wonder', 'masalah', 'guna', 'bni', 'mobile', 'pindah', 'wonderuntuk', 'verifikasi', 'wajah', 'gagal', 'gagal', 'hari', 'iya', 'kelas', 'bni', 'fitur', 'aplikasi', 'pinjol', 'gagal', 'karena', 'data', 'sesuai', 'aplikasi', 'wonder', 'merespon', 'verifikasi', 'sanggup', 'baik', 'hapus', 'aplikasi']	negative
['aplikasi', 'simpel', 'pin', 'tempat', 'fiturfiturnya', 'mudah', 'bingung']	positive
['transaksi', 'mudah', 'cepat']	positive
['deteksi', 'wajah', 'jelek', 'coba', 'berkalikali', 'please', 'tolong', 'baik']	negative
['ringkas', 'cepat', 'sayang', 'transfer', 'bang', 'mode', 'bifast', 'aplikasi', 'bantu', 'terima', 'kasih']	neutral
['mudah', 'bagi', 'transaksi', 'aplikasi']	positive
['tambahkan', 'fitur', 'mengisimenarik', 'saldo', 'kartu', 'debit', 'atm', 'baik', 'fitur', 'top', 'up', 'ewallet', 'dana', 'nomor', 'akses', 'wondr', 'tambahkan', 'fitur', 'terima', 'saldo', 'negara', 'eropa']	neutral
['heran', 'aplikasi', 'inimasak', 'buka', 'aplikasi', 'daftar', 'masak', 'iklan', 'mana', 'imbang', 'baik', 'sistem', 'kecewa']	negative
['aplikasi', 'bagus', 'mudah', 'tampil', 'tarik', 'lucu', 'bangetz', 'warna', 'fun', 'benar', 'easy', 'tapi', 'use', 'beda', 'bank', 'belah']	positive
['deskripsi', 'transaksi', 'minim']	neutral
['aplikasi', 'bagus']	positive
['wondr', 'hidup', 'mudah']	positive
['apk', 'jos', 'delay']	neutral
['aplikasi', 'loding', 'buka']	neutral
['transaksi', 'cepat', 'bantu']	positive
['top', 'up', 'tapcash', 'jam', 'belum', 'masuk', 'saldo', 'padahal', 'status', 'hasil']	neutral
['layan']	positive
['aplikasi', 'mobile', 'banking', 'wondr', 'simpel', 'bagus', 'aktivasi', 'mudah', 'bayar', 'qris', 'cepat', 'mudah']	positive
['daftar', 'wondr', 'pakai', 'transaksi', 'eh', 'daftar', 'ulang', 'pakai', 'akun', 'daftar', 'kecewa', 'saran', 'selesai', 'instalbegitu', 'masuk', 'aplikasi', 'pilih', 'login', 'registasi', 'akun']	negative
['bagus']	positive
['layan', 'cepat']	positive
['aplikasi', 'bank', 'plat', 'merah', 'siang', 'bolong', 'ngadat', 'mulu', 'baik', 'maintenance', 'jam', 'sibuk', 'kerja', 'butuh', 'urgent', 'baik', 'pakai', 'bagus', 'bni']	negative
['bagus', 'cepat']	positive
['mudah', 'cepat']	positive
['loading', 'masuk', 'aplikasi', 'lambat']	neutral
['cepat', 'praktis']	positive
['tingkat']	positive
['sumpah', 'pakai', 'wonder', 'by', 'bni', 'tf', 'bayar', 'enggak', 'lot', 'uiux', 'enak', 'banget', 'pandang', 'tahan', 'kualitas', 'keren']	positive
['mudahpraktisetis', 'and', 'aman', 'nyaman']	positive
['mantap', 'pokok', 'bikin', 'simple', 'bni', 'wondr']	positive
['setor', 'tunai', 'aplikasi', 'launching', 'ngerepotin', 'nasabah', 'ux', 'payah', 'kembang', 'gajadi', 'tetap', 'gaji']	negative
['lumayan', 'bagus', 'sih', 'sayang', 'fitur', 'bayar', 'zakat', 'sedekah', 'mohon', 'biar', 'mudah', 'langgan']	positive
['informasi', 'lengkaptidak', 'keterangancontoh', 'gaji', 'masuk', 'terang', 'gaji']	neutral
['guna', 'sekalisimple', 'enggak', 'macam', 'macam']	positive
['ganggu', 'yas']	neutral
['mudah', 'cepat']	positive
['aplikasi', 'wondr', 'simpel', 'gampang', 'register', 'ui', 'tarik', 'guys', 'moga', 'fiturnya']	positive
['mudah', 'program', 'promosi']	positive
['wonder', 'by', 'bni', 'bantu', 'transaksi', 'terimakasih', 'wonder', 'bni']	positive
['kasih', 'bintang', 'aplikasi', 'muter', 'inimau', 'transfer', 'susahmau', 'ambil', 'atm', 'kartu', 'blokir', 'tolong', 'perhati', 'wondr', 'tulis', 'sistem', 'baik']	negative
['banyak', 'maintanance', 'transaksi', 'malam', 'kali', 'alami', 'kendala', 'gagal', 'tf']	neutral
['verifikasi', 'email', 'kode', 'enggak', 'kirim']	neutral
['mantap', 'solusi', 'layan', 'transaksi', 'cepat']	positive
['aplikasi', 'eror', 'urgent', 'eror', 'terang', 'kendala', 'mending', 'mobile', 'bangking', 'enggak', 'banget', 'baik', 'mbangking', 'atm', 'enggak', 'kayak', 'gin', 'lancar', 'bni', 'doang', 'semenjak', 'ganti', 'wondr', 'baik']	negative
['aplikasi', 'manfaat', 'banget']	positive
['aplikasi', 'nye', 'kacau', 'nih', 'erorr', 'melulu', 'kalo', 'malam', 'bagaimana', 'urgent', 'kalo', 'transfer', 'mulu', 'tolong', 'baik', 'lah', 'sudah', 'alih', 'wondr', 'bagus', 'gampang', 'menyusahkan', 'gin']	negative
['mudah', 'praktis', 'mlakukan', 'transaksi']	positive
['amazing', 'transaksi', 'mudah']	positive
['tampil', 'bagus', 'tolong', 'fitur', 'screenshot']	neutral
['layan', 'nyaman']	positive
['eror', 'jam', 'malam']	neutral
['halo', 'log', 'ini', 'verifikasi', 'kode', 'otp', 'email', 'kirim', 'kirim', 'kode', 'otp', 'valid', 'padahal', 'kode', 'kirim', 'milik', 'batas', 'valid', 'menit', 'kode', 'masuk', 'wondr', 'log', 'ini', 'ulang', 'besok', 'mohon', 'cerah', 'terimakasih']	neutral
['aplikasi', 'suka', 'error', 'buka', 'aplikasi', 'wondr', 'transaksi', 'bisa', 'buka', 'setelah', 'hp', 'restart', 'baru', 'aplikasix', 'jalan', 'transaksi']	negative
['enggak', 'pakai', 'suruh', 'centang', 'tulis', 'sesi']	negative
['bagus', 'saldo', 'tarik']	negative
['bagus', 'aplikasi', 'login', 'hapus', 'data', 'instal', 'ulang', 'aplikasi', 'wondr', 'login', 'upload', 'foto', 'ktp', 'tampil', 'begitu']	negative
['fitur', 'lengkap', 'kalah', 'bni', 'mobile', 'banking']	neutral
['susah', 'login', 'apk', 'kenapa', 'susah', 'login', 'tanggal', 'baik', 'nih']	positive
['mudah', 'pakai', 'login', 'susah', 'bnersekalinya', 'masuk', 'kendala', 'teknis', 'hadeh']	neutral
['pakai', 'apk', 'bni', 'mobile', 'qris', 'sayang', 'benah', 'apk', 'wondr', 'update', 'saldo', 'beli', 'token', 'listrik', 'tau', 'kurang', 'saldo', 'adm', 'bulananlalu', 'tf', 'rekening', 'halaman', 'utama', 'ulang', 'trx', 'beli', 'token', 'masuk', 'apk', 'open', 'apk', 'tuju', 'privasi', 'informasi', 'promosi', 'bni', 'notif', 'bni', 'mobile', 'informasi', 'promo', 'beli', 'token']	neutral
['mohon', 'baik', 'aplikasi', 'hambat', 'aktifitas', 'transaksi', 'penggunanyamohon', 'tanggapanya', 'masak', 'hari', 'pakai', 'terima', 'kasih', 'mohon', 'maaf', 'masuk', 'kenan']	negative
['alhamdulillah', 'terimakasih', 'bni']	positive
['bagus', 'e', 'banking', 'bni', 'transaksi', 'cepat', 'batas', 'kirim', 'ewalet', 'ganggu', 'cepat', 'atas', 'balik']	negative
['buka', 'menunggu', 'buka', 'rasuk']	negative
['aplikasi', 'bagus', 'bantu', 'transaksi', 'tingkat', 'terus', 'aman', 'nyaman', 'nasabah', 'maju', 'yrus', 'bni']	positive
['aplikasi', 'error', 'transaksi', 'terang', 'transaksi', 'lebih', 'limit']	neutral
['tolong', 'perhati', 'mbanking', 'bni', 'anjur', 'unduh', 'wondr', 'by', 'bni', 'download', 'selesai', 'login', 'syarat', 'tentu', 'bilang', 'sesi', 'login', 'habis', 'bagaimana']	negative
['terima', 'kasih', 'sudah', 'apk', 'percaya', 'menyimpan', 'uangg', 'good', 'job']	positive
['akhirakhir', 'apknya', 'hp', 'enggak', 'buka']	neutral
['app', 'wonder', 'bni', 'saya', 'buka']	neutral
['ribet', 'verifikasi', 'wajah', 'suruh', 'buka', 'mulut', 'suruh', 'tengok', 'kiri', 'kanan', 'coba', 'kali', 'tetap', 'coba', 'besok', 'karena', 'salah', 'perhati', 'karena', 'dampak', 'depan']	neutral
['terimakasih', 'responnya', 'cepat', 'min', 'masalah', 'device', 'device', 'masuk', 'data', 'ktp', 'langsung', 'password', 'no', 'rek', 'begitu', 'kayak', 'daftar', 'ulang', 'wondrnya', 'tanggap', 'ktp', 'baru']	neutral
['mohon', 'limit', 'ewalet', 'kak', 'dinaikki']	negative
['tampil', 'cantik', 'tarik', 'mohon', 'maaf', 'fiturnya', 'lengkap', 'tampil', 'informasi', 'terang', 'mutasi', 'transaksi', 'masuk', 'terang', 'catat', 'terang', 'transfer', 'aplikasi', 'bni']	neutral
['jujur', 'sebenarnya', 'suka', 'simpel', 'cuman', 'plis', 'kalo', 'baru', 'apa', 'plis', 'jam', 'kerja', 'kalo', 'transaksi', 'suka', 'enggak']	neutral
['wondr', 'by', 'bni', 'bikin', 'mengatur', 'uang', 'gampang', 'fitur', 'life', 'goals', 'bantu', 'rencanain', 'nabung', 'libur', 'investasi', 'investasi', 'reksa', 'dana', 'rp', 'ribu', 'jangkau', 'transaksi', 'hari', 'mudah', 'fitur', 'bayar', 'beli', 'isi', 'saldo', 'tapcash', 'cepat', 'banget', 'pakai', 'express', 'topup', 'jalan', 'tiket', 'whoosh', 'super', 'praktis', 'pokok', 'wondr', 'bikin', 'urus', 'uang', 'simpel', 'praktis']	positive
['kak', 'veryvikasi', 'ktp', 'pakai', 'ikd', 'error', 'masuk', 'apk', 'ikd', 'tampil', 'layar', 'blank', 'putih']	negative
['sumpah', 'kali', 'regist', 'akun', 'susah', 'banget', 'kendala', 'data', 'data', 'sudah', 'benar', 'kayak', 'kantor', 'cabang', 'bni', 'dukcapil', 'memasuki', 'data', 'coba', 'sudah', 'capek', 'tau', 'bolak', 'kantor', 'cabang', 'sampai', 'dapat', 'solusi', 'eh', 'bikin', 'ribet', 'sih', 'iya']	negative
['aneh', 'habis', 'ganggu', 'masuk', 'password', 'ketik', 'sesuai', 'catat', 'catat', 'hp', 'kartu', 'blokir', 'bagaimana', 'cerita']	negative
['aplikasi', 'ganggu', 'tranfer', 'dana', 'nomer', 'temu', 'sudah', 'nomor', 'transfer', 'gagal', 'ganggu', 'systemmohon', 'tingkat', 'kerja', 'apk', 'minat']	neutral
['easy', 'banget', 'sat', 'set', 'pecet', 'dahcuman', 'save', 'no', 'id', 'token', 'pln', 'listrik', 'no', 'pdam', 'cc', 'history', 'transaksi']	positive
['duluuntuk', 'bayar', 'virtual', 'acaunt', 'selalu', 'gagalpadahal', 'pakai', 'data', 'iyapake', 'wifi', 'iyaslalu', 'gagal']	neutral
['tolong', 'baik', 'alami', 'kendala', 'terus', 'transaksi', 'masuk', 'enggak', 'signal', 'kendala']	neutral
['aktif', 'fitur', 'biometrik', 'error', 'trsmohon', 'baik', 'guna', 'nasabah', 'nyaman', 'apps', 'mondr', 'by', 'bni']	neutral
['aplikasi', 'sudah', 'bagus', 'cuman', 'sayang', 'transaksi', 'listrik', 'dll', 'enggak', 'dpat', 'fee', 'deh', 'enggak', 'cetak', 'setruk', 'bayar']	positive
['kenapa', 'transaksi', 'pulsa', 'potong']	neutral
['cepat', 'proses', 'transfer', 'tampil', 'menu', 'familier', 'maaf', 'rada', 'susah', 'dikit']	positive
['isi', 'salin', 'salin', 'bank', 'mobile']	neutral
['aplikasi', 'wondr', 'mudah', 'bertansaksi', 'simple', 'praktis', 'proses', 'transfer', 'bayar', 'mudah', 'aman']	positive
['puas', 'banget', 'bantu', 'pasti', 'gesit']	positive
['transaksi', 'mudah', 'cepat']	positive
['apk', 'verifikasi', 'akun', 'selesai', 'terus', 'apk', 'masuk', 'ngisi', 'data', 'memang']	neutral
['jelek', 'sudah', 'jam', 'dinihari', 'enggak', 'transaksi', 'butuh', 'cepat', 'bayar', 'barang', 'karena', 'barang', 'cepat', 'cepatan']	negative
['kenapa', 'login', 'sudah', 'kali', 'beginikan', 'kayak', 'daftar']	negative
['wonder', 'banyak', 'baik', 'ngefek', 'sekali', 'kagak', 'benar', 'apk', 'busuk', 'banget', 'kendala', 'mulu', 'buka', 'apk']	negative
['tolong', 'baik', 'daftar', 'didik', 'sih', 'baru', 'versi', 'baru', 'sudah', 'pakai', 'fiturlama', 'baru', 'untung', 'masih', 'jangka', 'bayar', 'atm', 'besok']	positive
['kesini', 'susah', 'buka', 'apk', 'kadang', 'buka', 'enak', 'dulu', 'laut', 'buka', 'apk', 'ndk']	neutral
['kalo', 'aplnya', 'prematur', 'kayak', 'gin', 'launching', 'paksa', 'pakai', 'apl', 'internet', 'enggak', 'lancar', 'kalo', 'enggak', 'lancar', 'internet', 'menonton', 'youtube', 'lancar', 'lancar', 'buka', 'apl', 'enggak', 'ngotak']	negative
['bantu']	positive
['bingung', 'sudah', 'daftar', 'sudah', 'daftar', 'ulang']	negative
['app', 'wonder', 'bni', 'saya', 'buka']	neutral
['limit', 'ewalletnya', 'banget']	neutral
['aplikasi', 'cepat', 'banget', 'display', 'menu', 'atraktif', 'transaksi', 'mudah']	positive
['seimplemudahbisa', 'login', 'pakai', 'sidik', 'jaribisa', 'buka', 'blokir', 'ganti', 'pin', 'atmbisa', 'blokir', 'kartu', 'atm', 'kartu', 'atm', 'hilanguntuk', 'fitur', 'setor', 'tarik', 'kartu', 'depan', 'wajib', 'baik', 'pokok']	positive
['februari', 'usia', 'wondr', 'by', 'bni', 'tanya', 'menu', 'kalah', 'bni', 'mobile', 'banking', 'fitur', 'kembang', 'wondr', 'by', 'bni', 'mana', 'sd', 'fitur', 'ganti', 'pin', 'kakak', 'tambah', 'fitur', 'layan', 'ib', 'bni', 'fungsi', 'ib', 'bni', 'bni', 'mobile', 'banking', 'suntik', 'mati', 'menu', 'layan', 'wondr', 'by', 'bni', 'maksimal', 'minimal', 'sama', 'bni', 'mobile', 'banking']	neutral
['mudah', 'cepat']	positive
['bagus', 'bantu', 'pasti', 'gampang']	positive
['bintang', 'ganggu', 'butuh', 'transaksi', 'sistem', 'baik', 'enggak', 'kali', 'masalah', 'mending', 'bni', 'mobile', 'enggak', 'trouble']	neutral
['mudah', 'nyaman']	positive
['transaksi', 'mbanking', 'bni', 'buka', 'aplikasi', 'bisa', 'transaksi', 'arah', 'instal', 'wonder', 'sudah', 'instal', 'buka', 'menunggu', 'kode', 'otp', 'masuk', 'email', 'beli', 'token', 'listrik', 'deh', 'bunyi', 'kalo', 'inovasi', 'benar', 'kenapa', 'bukan', 'ruwet', 'gin', 'begini', 'bikin', 'nasabah', 'pindah', 'bank']	neutral
['kendala', 'bayar', 'saldo', 'dari', 'kenapa', 'tulis', 'saldo']	negative
['kecewa', 'lalap', 'error', 'error', 'juga', 'hp', 'restart', 'bisa', 'buka', 'aplikasnyaa']	neutral
['kasih', 'bintang', 'sudah', 'direpon', 'bank', 'bni', 'spek', 'hp', 'cukup', 'oppo', 'a', 'wondr', 'by', 'bni', 'naik', 'speknya', 'spek', 'os', 'osnya', 'bug', 'terima', 'kasih']	neutral
['cepat', 'proses']	positive
['sudah', 'coba', 'ganti', 'slot', 'sim', 'tetap', 'susah', 'memasuki', 'nomor', 'daftar', 'bolak', 'beli', 'pulsatolong', 'saran', 'kak']	neutral
['mengesalkan', 'masuk', 'suruh', 'memasuki', 'pasword', 'pasword', 'salah', 'sudah', 'dipastiin', 'pasword', 'memasuki', 'benar', 'muncul', 'notif', 'pasword', 'salah', 'hadeh']	negative
['kalo', 'tarik', 'tunai', 'pakai', 'wondr', 'otp', 'kirim', 'wa', 'pakai', 'sms', 'jarang', 'ngisi', 'pulsa', 'paket', 'tolong', 'admin', 'mudah', 'biar', 'kayak', 'belah', 'lewat', 'wa', 'gmail']	neutral
['lumayan', 'terkadang', 'jam', 'malam', 'susah', 'menarik']	neutral
['uang', 'hilang', 'susah', 'tolong', 'bni', 'tingkat', 'aman']	negative
['aplikasi', 'banget', 'ter', 'buka']	neutral
['suka', 'bank', 'bni', 'karena', 'saldo', 'tf', 'tolong', 'kalau', 'saldo', 'kena', 'potong', 'admin', 'lihat']	negative
['kartu', 'kredit', 'status', 'jalan', 'nelpon', 'bni', 'bayar', 'pulsa', 'tarik', 'tunai', 'virtual', 'pakai', 'pulsa']	negative
['transfer', 'bayar', 'akulaku', 'playlater']	neutral
['kayak', 'mbankingnya', 'otp', 'enggak', 'masuk', 'no', 'enggak', 'tau', 'no', 'ngarepnya', 'sistem', 'otp', 'app', 'biar', 'tarik', 'tunai', 'kartu']	neutral
['suka', 'banget', 'mudah', 'transaksi', 'hari']	positive
['muka', 'bagus', 'kelompok', 'bagus', 'masih', 'fiturfitur', 'bni', 'mobile', 'hilang', 'contoh', 'aset', 'obligasi', 'negara', 'detail', 'untung', 'aplikasi', 'masih', 'tahan', 'sebagai', 'wondr', 'masih', 'bisa', 'buka', 'fokus', 'baik', 'acara', 'lari', 'tutup', 'banyak', 'ruas', 'jalan', 'guna', 'bni', 'masih', 'sekolah', 'mogamoga', 'masih', 'setia', 'depan', 'diam', 'saudara', 'bni', 'bank', 'logo', 'dominasi', 'warna', 'biru', 'emas', 'baru', 'fitur', 'aku', 'bagus', 'user', 'friendly']	neutral
['bantu', 'butuh']	positive
['benar', 'aplikasiperbaikan', 'bangeut', 'katanyasebentar', 'yatim', 'perbaikanperbaikan', 'sampai', 'minggu', 'enggak', 'benar', 'beneruang', 'potong', 'bagaimana', 'appkmohon', 'kerja', 'sama', 'main', 'potong', 'appk']	negative
['daftar', 'cepatdan', 'mudah', 'dipahamimembantu', 'transaksi', 'butuh', 'mana', 'punso', 'mencoba', 'yuk', 'awas', 'ojk', 'loh']	positive
['kali', 'masukskli', 'masuk', 'besok', 'lgiaplikasinya', 'muas', 'bantu', 'sama', 'skalimsak', 'harus', 'masuk', 'terus', 'kode', 'brbeda']	negative
['praktis', 'transaksi']	positive
['aplikasi', 'jelek', 'top', 'up', 'e', 'wallet', 'batas', 'hari', 'juta', 'doang']	negative
['kesel', 'aplikasi', 'daftar', 'nelpon', 'agen', 'wonder', 'aplikasi', 'selesai', 'masuk', 'aplikasi', 'eehh', 'aplikasi', 'buka', 'kok', 'daftar', 'keyak', 'daftar', 'coba', 'daftar', 'bagaimana', 'daftar', 'tolong', 'baik']	neutral
['detail', 'kartu', 'segitu', 'doang', 'sisa', 'tanggung', 'tampil', 'kayak', 'app', 'bni', 'sebelumya']	neutral
['registrasigak', 'login', 'sampai', 'loading', 'tmpilan', 'wondr', 'hlman', 'login', 'saja', 'enggak', 'bagus', 'aplikasi', 'bni', 'mobile']	negative
['history', 'terang', 'transaksi', 'bni', 'mbanking', 'terang', 'lebih', 'bagus', 'sih', 'moga', 'cepat', 'kembang', 'biar', 'mudah', 'riwayat', 'transaksi', 'ku', 'naik', 'bintang', 'terimakasih', 'merespon', 'detail', 'transaksi', 'ayo', 'jelas', 'bni', 'mobil', 'banking']	neutral
['puas', 'puas', 'aplikasi', 'mudah', 'transaksi', 'cek', 'masuk']	positive
['wondr', 'bni', 'tarik', 'oke']	positive
['enak', 'bni', 'mobile', 'transaksi', 'tera', 'saldo', 'belah', 'terus', 'byr', 'pakai', 'virtual', 'accaount', 'gagal', 'kali', 'mohon', 'aplikasi', 'baik', 'tera', 'saldo', 'setelah', 'transaksi']	neutral
['no', 'kendala', 'lancar', 'jaya']	positive
['rating', 'aplikasi', 'benarbenar', 'login', 'daftar', 'ulang', 'ganti', 'sim', 'card', 'ganti', 'hp', 'masuk', 'daftar', 'ulang', 'biometric', 'login', 'daftar', 'ulang', 'kadang', 'kadang', 'daftar', 'ulang', 'daftar', 'ulang']	negative
['bantu', 'mudah', 'kece', 'transaksi', 'masuk', 'rekening', 'wondr', 'mudah', 'usia', 'muda', 'tua']	positive
['bintang', 'terang', 'transaksi', 'muncul', 'history', 'transaksi', 'aplikasi', 'muncul', 'ganti', 'bintang']	neutral
['tampil', 'keren', 'mudah', 'sayang', 'fiturnya', 'lengkap', 'lengkap', 'bni', 'mobile']	neutral
['aplikasi', 'susah', 'masyarakat', 'bengkulu', 'wilayah', 'mohon', 'hapus', 'aplikasi', 'tolong', 'kembali', 'antri', 'aplikasi', 'susah', 'masyarakat', 'paham', 'sulit', 'orang', 'moga', 'sulit', 'akhirat']	negative
['manfaat', 'wo', 'by', 'bni']	positive
['mudah', 'cepat']	positive
['stuck', 'sudah', 'update']	negative
['instal', 'sistem', 'maintenance', 'teman', 'mendownload', 'bareng', 'solusi']	neutral
['nge', 'lag', 'bagaimana', 'urgent', 'mohon', 'perfomanya', 'tingkat', 'bagus', 'aplikaai', 'bni', 'mobile', 'banking']	neutral
['kembang', 'aplikasi', 'paksa', 'nasabah', 'aplikasi', 'menu', 'bni', 'mobile', 'banking', 'pilih', 'menu', 'pindah', 'aplikasi', 'mobile', 'banking', 'hapus', 'mudah', 'nasabah', 'melainkam', 'tambah', 'beban', 'karena', 'tambah', 'aplikasi', 'sandi', 'transaksi', 'moga', 'baca', 'sdm', 'kembang', 'bni']	neutral
['bantu']	positive
['lumayan', 'ribet', 'maklum', 'hp', 'jadul']	neutral
['instal', 'aplikasi', 'wondr', 'by', 'bni', 'masuk', 'aplikasi', 'admin', 'rusak', 'aplikasi', 'coba', 'login', 'ulang', 'aplikasi', 'inicapek', 'pose', 'hp', 'login']	negative
['beli', 'token', 'listrik', 'wonder', 'by', 'bni', 'sudah', 'beli', 'kendala', 'jaring', 'uang', 'rekening', 'sudah', 'jadi', 'bagaimana', 'nih', 'proses', 'uang', 'hilang', 'nomor', 'tokennya', 'bukti', 'transaksi', 'gagal', 'bagaimana', 'bni']	neutral
['aneh', 'pilih', 'masuk', 'by', 'ikd', 'sudah', 'memasuki', 'data', 'halaman', 'tolong', 'dibenerin', 'masak', 'login', 'pilih', 'pakai', 'bukti', 'fisik', 'ktp', 'ikd', 'pakai', 'bukti', 'fisik', 'ktp']	negative
['nyaman', 'pakai', 'app', 'wondr', 'limit', 'batas', 'dikit']	neutral
['mudah', 'pakai', 'login', 'susah', 'bnersekalinya', 'masuk', 'kendala', 'teknis', 'hadeh']	neutral
['bagus', 'mantap', 'mbank', 'fitur', 'ganti', 'no', 'hp', 'fitur', 'livin', 'mandiri', 'zaman', 'sudah', 'loh', 'mudah', 'nasabah', 'nyaman', 'genggam', 'capek', 'cs', 'antri', 'ganti', 'no', 'hp', 'moga', 'ada', 'fitur', 'kasih']	positive
['aplikasi', 'enggak', 'tf', 'dana', 'saldo', 'ribu', 'biaya', 'tf', 'enggak', 'hasil']	negative
['mantap', 'mudah', 'cepat']	positive
['aplikasi', 'bagus', 'daftar', 'mudah', 'simpel', 'fiturnya', 'lengkap', 'sesuai', 'butuh', 'uang']	positive
['semoga', 'bagus', 'sesuai', 'butuh', 'masyarakat']	positive
['aplikasi', 'bagus', 'sayang', 'cloning', 'susah', 'rekening', 'nama', 'beda', 'pakai', 'hp']	neutral
['aplikasi', 'gembel', 'sudah', 'instal', 'ulang', 'suruh', 'daftar', 'gagal', 'enggak bisa', 'menu', 'login', 'instal', 'ulang', 'menyusahkan', 'cs', 'bodoh', 'cek', 'saldo', 'terus', 'cs', 'kalo', 'telepon', 'buang', 'buang', 'pulsa', 'menyusahkan', 'pindahin', 'uang', 'ges']	negative
['bagus', 'bni', 'mobileada', 'menu', 'isi', 'pulsa']	positive
['lot', 'baru', 'hormat', 'tolong', 'baik', 'terimakasih']	positive
['sumpah', 'kesel', 'aplikasi', 'kalo', 'mateng', 'suruh', 'orang', 'instal', 'urgent', 'bawa', 'dompet', 'enggak bisa', 'tarik', 'tunai', 'kartu', 'lengkapin', 'aplikasi', 'suruh', 'orang', 'instal']	negative
['aneh', 'riwayat', 'transaksi', 'saldo', 'masuk', 'fitur', 'aplikasi', 'bni', 'mobile', 'banking']	negative
['aplikasi', 'keren', 'satset', 'no', 'drama', 'terima kasih', 'bni', 'wondr']	positive
['mantap', 'tahan', 'mudah']	positive
['kesini', 'susah', 'buka', 'apk', 'kadang', 'buka', 'enak', 'dulu', 'laut', 'buka', 'apk', 'ndk']	neutral
['serius', 'wondr', 'hp', 'buka', 'kendala', 'tim', 'baik', 'yuk', 'coba', 'menyebalkan']	neutral
['update', 'enggak', 'buka', 'why']	neutral
['bagus', 'bantu']	positive
['aplikasi', 'simpel', 'mudah', 'tutorial', 'bingung', 'aplikasi', 'manfaat', 'sedia', 'menu']	positive
['joss', 'lengkap', 'lengkap', 'aplikasi']	positive
['nyaman', 'pakai', 'maintenance', 'apk', 'login', 'kalo', 'bentar', 'mah', 'enggak apa-apa', 'proses', 'aplikasi', 'mobile', 'banking', 'baik', 'baru', 'sistem', 'aplikasi', 'ganggu', 'banget', 'orang', 'transaksi', 'pakai', 'mobile', 'banking', 'tarik', 'tunai', 'kartu', 'asa', 'jadul', 'loading', 'login', 'lumayan', 'banding', 'mbanking']	negative
['mudah', 'cepat', 'dalam', 'transaksi']	positive
['alhamdulillah', 'transaksi', 'lancar', 'bni', 'amanah', 'jaya', 'sukses']	positive
['cepat', 'mudah', 'transaksi']	positive
['wondr', 'bni', 'bantu', 'transaksi', 'perban', 'terima', 'kasih', 'wondr', 'bni']	positive
['saran', 'wondr', 'riwayat', 'pasu', 'keluar', 'tolong', 'kasih', 'saldo', 'terimakasih']	positive
['beda', 'dengan', 'bni', 'mobile', 'daftar', 'langsung', 'tersinkrons', 'data', 'bni', 'mobile', 'saldo', 'hubung', 'mengira', 'beda', 'topup', 'gratis', 'kah', 'begitu', 'coba', 'promosi', 'ini', 'kayak', 'gratis', 'transfer', 'bankxbulan', 'apk', 'belah']	positive
['tanggal', 'des', 'kenapa', 'enggak', 'pakai', 'gagguan', 'tolong', 'dengan', 'baik', 'sistem', 'pakai', 'sama', 'bakingnyattp', 'star', 'terima kasih']	positive
['nomor', 'tuju', 'transfer', 'e', 'wallet', 'otomatis', 'simpan', 'ya', 'isi', 'shopeepay', 'batas', 'maksimal', 'juta', 'seharitidak', 'aplikasi', 'lamalebih', 'enak', 'aplikasi']	neutral
['transaksi', 'susah', 'banget', 'lambat', 'banget', 'buka', 'apk', 'nyajdi', 'qlo', 'transaksi', 'apa', 'lambatga', 'bisaenakan', 'bni', 'mobilecape']	negative
['nge', 'lag', 'bagaimana', 'urgent', 'mohon', 'perfomanya', 'tingkat', 'bagus', 'aplikaai', 'bni', 'mobile', 'banking']	neutral
['lengkap', 'aplikasi', 'download', 'mutasi', 'kalo', 'mutasi', 'rekening', 'koran', 'cabang', 'print', 'mutasi', 'histori', 'angsur', 'kredit', 'fitur', 'transfer', 'rekening', 'sudah', 'aplikasi', 'wonder', 'sudah', 'berkalikali', 'diinput', 'ulang', 'bni', 'mobile', 'hapus', 'aplikasi', 'wondr', 'layan', 'dengan', 'aplikasi']	negative
['transfer', 'masuk', 'notifikasi', 'tolong', 'wonder', 'bni', 'diupdate', 'biar', 'mobile', 'banking', 'bni']	negative
['memang', 'wondrfull', 'mudah', 'cepat', 'amanlanjutkan']	positive
['eror', 'aplikasi', 'kurang', 'bagus']	negative
['menu', 'mobile', 'tunai', 'enggak', 'tarik', 'tunai', 'kartu', 'update', 'wondr']	positive
['aplikasi', 'gagal', 'verivikasi', 'wajah', 'pakai', 'blokir', 'loading', 'verivikasi', 'wajah', 'salah']	negative
['cepatan', 'benerin', 'bug', 'lancar', 'wifi', 'lancar', 'data']	negative
['keren', 'fitur', 'tarik', 'tunai', 'kartu']	positive
['mudah', 'aktifitas', 'transaksi', 'aman']	positive
['daftar', 'aplikasi', 'tulis', 'system', 'baik', 'teman', 'akses', 'akses', 'aplikasi', 'ramah', 'bintang']	negative
['menu', 'bayar', 'biaya', 'didik', 'kagak', 'kalo', 'dah', 'bni', 'mobile', 'menu', 'didik', 'sudah', 'lucu', 'pilih', 'guru', 'tinggi', 'adahanya', 'ui', 'doang']	neutral
['kasih', 'bintang', 'apk', 'buka', 'memasuki', 'pin', 'sandi']	negative
['min', 'ku', 'coba', 'isi', 'saldo', 'dana', 'apk', 'malah', 'katanya', 'apk', 'dana', 'kendala', 'padahal', 'apk', 'ku', 'coba', 'isi', 'msi', 'habis', 'gopay', 'ku', 'coba', 'isi', 'saldo', 'malah', 'kalimat', 'begini', 'saldo', 'transaksi', 'saldo', 'minimum', 'coba', 'ubah', 'nominal', 'top', 'up', 'saldo', 'kenapa', 'min', 'padahal', 'sudah', 'ku', 'isi', 'paling', 'rendah', 'msi', 'gbisa', 'tlng', 'respon']	negative
['aplikasi', 'buka', 'muncul', 'tulisanaplikasi', 'wonder', 'baik']	neutral
['bagus', 'mudah', 'cepat', 'tambah', 'fitur', 'tarik', 'tunai', 'mobile', 'banking', 'bni']	positive
['jelek', 'apl', 'wondr', 'masuk', 'pakai', 'sidik', 'jari', 'sruh', 'memasuki', 'pasword', 'parah', 'nih', 'mah', 'kali', 'nih', 'pakai', 'wondr', 'malas', 'depan', 'buruksuruh', 'kedip', 'mata', 'gagal', 'mulu', 'sampai', 'habis', 'waktuhadeh']	negative
['alih', 'wonder', 'aplkasi', 'sulit', 'lancar', 'bni', 'ganggu', 'sulit', 'transaksi']	negative
['kerencepat', 'lengkap', 'easypas', 'pakai', 'orang']	positive
['aplikasi', 'sudah', 'bagus', 'simpel', 'kini', 'interfacenya', 'sudah', 'keren', 'lengkap', 'fiturny', 'banding', 'mbanking', 'sudah', 'coba', 'kali', 'kali', 'aktifin', 'login', 'biometrik', 'gagal', 'sampai', 'halaman', 'tuju', 'enggak', 'susah', 'login', 'mesti', 'memasuki', 'password']	neutral
['ribet', 'aplikasi', 'harus', 'updateandai', 'kerja', 'dengan', 'usaha', 'tmpat', 'bekerjasudah', 'uninstal', 'aplikasi']	negative
['moga', 'upgrade', 'fitur', 'bni', 'mbanking', 'wondr', 'kayak', 'fitur', 'mobile', 'tunai', 'tarik', 'tunai', 'wondr', 'sedia', 'atm', 'bni', 'tarik', 'tunai', 'alfa', 'setor', 'tunai', 'app', 'wondr', 'sampai', 'aplikasi', 'mbanking', 'karena', 'proper', 'notif', 'masuk', 'buka', 'app', 'sudah', 'bagus', 'sih', 'wondr', 'tunggu', 'sentuh', 'baru']	neutral
['transaksi', 'bayar', 'pdamselalu', 'errorpdhal', 'bank']	neutral
['susah', 'buka', 'butuh', 'cepat', 'buka', 'nyaman', 'pakai', 'aplikasi', 'bni']	positive
['aplikasi', 'keren', 'ui', 'bagus', 'transaksi', 'saldo', 'auto', 'refresh', 'refresh', 'manual']	positive
['wondr', 'bayar', 'utbk', 'pakai', 'sudah', 'coba', 'kali', 'mohon', 'baik']	neutral
['apk', 'eror', 'bagaimana', 'sih', 'bikin', 'atm', 'daftar', 'wonder', 'by', 'bni', 'kantor', 'cabang', 'bni', 'kelas', 'cs', 'kantor', 'bni', 'gagal', 'daftarin', 'wonder', 'by', 'bni', 'cs', 'besok', 'coba', 'rumah', 'daftar', 'daftar', 'sudah', 'bikin', 'atm', 'masih', 'verifikasi', 'wajah', 'karena', 'baca', 'lebih', 'verifikasi', 'wajahpadahal', 'kali', 'coba', 'bikin']	neutral
['kadang', 'error', 'tampil', 'rekening', 'koran', 'bayar', 'qris']	positive
['layan', 'mudah']	positive
['min', 'fitur', 'menarik', 'tunai', 'wondr', 'langsung', 'atm']	positive
['bagus', 'sayang', 'pilih', 'mobile', 'tunai', 'aplikasi', 'mbanking']	positive
['hapus', 'saja', 'apk', 'ribed', 'banget', 'logout', 'masuk', 'apknya', 'syarat', 'tentu', 'terus', 'muncul', 'gilir', 'sudah', 'conteng', 'sesi', 'habis', 'apk', 'hapus', 'suruh', 'registrasi', 'kecs', 'suruh', 'pakai', 'apk', 'baik', 'terimakasih']	negative
['upgrade', 'contoh', 'fitur', 'mobile', 'tunai', 'bantu', 'transaksi', 'cardles', 'lenyap', 'caricari', 'ketemu', 'matang', 'launchingkan', 'baik']	negative
['keren', 'transaksi', 'cepat']	positive
['cepat', 'kirim']	positive
['loading', 'login', 'detik', 'kondisi', 'jaring', 'aman', 'lancar', 'buka', 'sama', 'banking', 'lancar', 'saja']	neutral
['biasa', 'tampil', 'tulis', 'ukur', 'huruf', 'ngeblur', 'tampil', 'huruf', 'angka', 'transaksi', 'contoh', 'isi', 'pulsa', 'sulit', 'guna', 'mata', 'plus', 'baca']	neutral
['fitur', 'simpel', 'ribet', 'mudah', 'transaksi', 'gampang', 'akses', 'bayar', 'e', 'commerce', 'transfer', 'bayar', 'qris', 'sat', 'set', 'ribet', 'apk', 'uang', 'sudah', 'apk', 'wondr', 'bni']	positive
['beli', 'cepat']	positive
['bantu', 'aplikasi']	positive
['lelet', 'banget', 'stres', 'makainyabahkan', 'kadang', 'enggak', 'buka', 'sekalitolong', 'periksa', 'biar', 'bagus']	neutral
['kak', 'mohon', 'aplikasi', 'menu', 'setor', 'tunai', 'tarik', 'tunai', 'kak']	neutral
['aplikasi', 'ajaib', 'aneh', 'bin', 'oneng', 'otp', 'sudah', 'kirim', 'wa', 'registrasi', 'verifikasi', 'email', 'otpnya', 'enggak bisa', 'pakai', 'tf', 'suruh', 'kasih', 'masuk', 'otp', 'biar', 'stres', 'orang', 'pakai']	negative
['paksa', 'bni', 'mobile', 'pakai', 'wondr', 'instal', 'daftar', 'sulit', 'verifikasi', 'id', 'wajah', 'parah', 'lelet', 'kudu', 'ulang', 'kali', 'verifikasi', 'email', 'kali', 'otp', 'cuma', 'kirim', 'kali', 'kudu', 'menunggu', 'menit', 'otp', 'hey', 'orang']	negative
['aplikasi', 'loading', 'ken', 'isi', 'token', 'listrik', 'fiturnya', 'pakai', 'plis', 'token', 'listrik', 'deh', 'habis', 'kemarin']	neutral
['beli', 'token', 'gagal', 'saldo', 'kurang', 'beli', 'token', 'gagalsaldonya', 'kurang', 'kecewa', 'aplikasi', 'kali', 'beli', 'token', 'gagal', 'saldo', 'kurang', 'tolong', 'baik', 'aplikasi']	negative
['lelet', 'banget', 'dikit', 'dikit', 'loading', 'dikit', 'dikit', 'gagal']	negative
['app', 'wort', 'itu', 'update', 'mudah', 'tampil', 'modern', 'fitur', 'fitur', 'gampang', 'banget', 'access', 'all', 'ini']	positive
['apk', 'buka']	negative
['iklan', 'fitur', 'bagus', 'rekap', 'pasu', 'keluar', 'fitur', 'akurat', 'data', 'sinkron', 'bni', 'mobile', 'tingkat', 'wondr']	neutral
['mudah', 'operasi', 'real', 'time']	positive
['malam', 'update', 'wondr', 'enggak', 'buka', 'sudah', 'uninstall', 'enggak', 'ba', 'buka']	neutral
['kerendan', 'mudah']	positive
['aplikasi', 'dongo', 'aktif', 'main', 'wajah', 'enggak', 'masuk', 'eh', 'suruh', 'ulang', 'mending', 'pakai', 'bank', 'baca', 'bni', 'mah', 'aplikasi', 'enggak', 'becus', 'bni', 'bank', 'ngocol', 'indonesia']	negative
['nonaktifin', 'atur', 'aksesibilitas', 'hp', 'aman', 'wondr', 'pastiin', 'fitura', 'aksesibilitas', 'hp', 'nonaktif', 'katakatanya', 'admin', 'atur', 'aksesibilitas', 'aktif', 'asal', 'aplikasi', 'terinstal', 'bersih', 'cache']	negative
['aplikasi', 'buka', 'sudah', 'uninstal', 'instalasi', 'tetap', 'buka']	neutral
['kurang', 'aplikasi', 'dukung', 'dalam', 'mobile', 'tunai', 'enggak', 'ewalet', 'account', 'dukung', 'bni', 'mobile']	neutral
['bintang', 'segitu', 'karena', 'beli', 'pulsa', 'data', 'lengkap', 'seperti', 'apk', 'bni', 'mobile', 'banking', 'moga', 'baik', 'kurang']	neutral
['fitur', 'lengkap', 'tampil', 'tarik', 'nyaman', 'transaksi', 'bni', 'wondr', 'bni']	positive
['mudah', 'pokok', 'mantap']	positive
['app', 'bagusmemudahkan', 'transaksi']	positive
['bagus', 'mudah']	positive
['verifikasi', 'email', 'kok', 'kirim', 'bagaimana', 'nih', 'habis', 'quota', 'servernya', 'wkwkwk', 'eh', 'alamat', 'email', 'copas', 'email', 'reply', 'komentar', 'gmail', 'salah', 'koneksi', 'pakai', 'fiber', 'super', 'stabil', 'gagal', 'verify', 'email', 'otp', 'terima', 'fix', 'uninstall', 'useless']	negative
['menu', 'mobile', 'bni', 'wondr', 'bni', 'menu', 'saldo', 'pinjam', 'menu', 'tarik', 'tunai', 'kartu', 'maaf', 'teliti', 'bni', 'kasih', 'tau', 'berterimakasih']	negative
['lancar', 'masalah']	positive
['nasabah', 'bni', 'puas', 'tampil', 'aplikasi', 'fresh', 'sesuai', 'saing', 'segi', 'ui', 'aplikasi', 'sayang', 'aplikasi', 'bni', 'mobile', 'kabar', 'mati', 'kenang', 'sana']	positive
['wow', 'amazingdengan', 'aplikasi', 'bni', 'wondr', 'by', 'bni', 'bantu', 'transaksi', 'apa', 'mudah', 'transaksi', 'transfer', 'lainnyaterima', 'kasih', 'bni']	positive
['bikin', 'ribet', 'dipakai', 'transaksi', 'bayar', 'listrik', 'sudah', 'capek', 'isi', 'data', 'ujung', 'notifikasi', 'transaksi', 'gagal', 'kalo', 'bom', 'bagus', 'bom', 'dipakai', 'sistem', 'dilaunching', 'mending', 'pakai', 'sistem']	negative
['yth', 'management', 'pakai', 'wonder', 'perlu', 'transaksi', 'kerja', 'buka', 'apk', 'wonder', 'transaksi', 'mental', 'perlu', 'kerja', 'tolong', 'baik']	neutral
['sinyal', 'hilang', 'pakai', 'wifi', 'lancar', 'kelyar', 'sesi', 'belum', 'pindah', 'wondr', 'karena', 'sudah', 'enggak', 'tf', 'pakai', 'bni', 'mobile', 'eh', 'rusak', 'darurat', 'butuh', 'mohon', 'baik', 'enggak', 'modal', 'pemberitahuan', 'diskon', 'bla', 'bla', 'bla', 'baik', 'maaf', 'guna', 'bni', 'kecewa', 'app', 'baru']	negative
['lapor', 'masuk', 'buku', 'tabung', 'saldo', 'defisit', 'tau', 'rinciannya', 'metode', 'bayar', 'qris', 'bug', 'mana', 'scan', 'bayar', 'tf', 'bank', 'bni']	neutral
['aplikasi', 'jaring', 'bagus', 'tetap', 'buka', 'kendala', 'kendala', 'iya', 'kendala', 'sampai', 'bermingguminggu']	negative
['jeleekk', 'sudah', 'bagus', 'bni', 'mobile', 'banking', 'enggak', 'menambah', 'apk', 'bikin', 'boros', 'suka', 'bni', 'mobile', 'banking', 'apk', 'jangkau', 'mobile', 'tunai', 'menu', 'lengkap', 'mobile', 'banking', 'bni']	negative
['beli', 'token', 'listrik', 'bni', 'wonder', 'transaksi', 'pemberitahuan', 'gagal', 'saldo', 'kurang', 'riwayat', 'transaksi', 'telat', 'update', 'saran', 'riwayat', 'transaksi', 'jelas', 'saldo', 'transaksi', 'transaksi']	negative
['verifikasi', 'email', 'gagal', 'alas', 'salah', 'kode', 'kirim', 'sudah', 'benar', 'enggak tau', 'salah', 'sistem', 'bagaimana', 'mohon', 'baik']	neutral
['lambat', 'kali', 'buka']	positive
['verif', 'email', 'jam', 'sore', 'sampai', 'jam', 'malam', 'kirim', 'otpnya', 'sampai', 'menit', 'memasuki', 'gagal', 'transaksi', 'enggak bisa', 'urgent']	negative
['aplikasi', 'bantu']	positive
['verifikasi', 'email', 'gajadi', 'email', 'penuh', 'enggak ada', 'kode', 'otp', 'masuk', 'email', 'bagaimana', 'mohon', 'bantuanya']	neutral
['guna', 'mudah', 'daftar', 'butuh', 'ktp', 'verif', 'wajah', 'langsung', 'masuk', 'rekening', 'masuk', 'no', 'rekening', 'integrasi']	positive
['aplikasi', 'lot', 'sampah', 'top', 'up', 'ewallet', 'batasi', 'juta', 'mending', 'bni', 'mobile', 'banking', 'batas', 'hari', 'top', 'up', 'ewallet', 'heran', 'bni', 'kenapa', 'alih', 'aplikasi', 'sampah', 'kayak', 'begini', 'tolong', 'bni', 'mobile', 'banking', 'wondr', 'aplikasi', 'smpah']	negative
['wondr', 'by', 'bni', 'aplikasi', 'uang', 'keren', 'simple', 'mudah', 'promonya', 'love', 'bni']	positive
['wondr', 'bni', 'memang', 'keren', 'banget', 'praktis', 'cepat', 'tampil', 'kini', 'transaksi', 'seru']	positive
['wondr', 'apk', 'parah', 'bagus', 'apk']	negative
['wonder', 'refrensi', 'catat', 'transaksi', 'mudah', 'wonders', 'the', 'best']	positive
['lancar', 'gampangawal', 'sh', 'adaptasism', 'kaya', 'mbtp', 'keren', 'mah']	positive
['aneh', 'banget', 'aplikasi', 'transaksi', 'gagal', 'mending', 'mbanking', 'bni', 'daripada', 'wondr', 'mengecek', 'email', 'tau', 'transaksi', 'gagal']	neutral
['simpel', 'cepat', 'pada', 'transaksi', 'bagus', 'pin', 'kartu', 'debit', 'blokir', 'khwatir', 'sok', 'sudah', 'pin', 'bank', 'bni']	positive
['transfer', 'bayar', 'akulaku', 'playlater']	neutral
['mudah', 'wondr', 'lihat', 'mutasi', 'transfer', 'virtual', 'muter', 'enggak', 'ketemu', 'tetap', 'pakai', 'terinstal', 'hp', 'gambarsymbol', 'icont', 'tarik', 'banding', 'livin', 'mandiri', 'coba', 'biar', 'keren', 'gambar', 'menu', 'beda', 'gerak', 'biar', 'saing']	neutral
['aktifin', 'cepat', 'proses', 'uras', 'sabar', 'buka', 'aplikasi', 'butuh', 'jam', 'jam', 'bagaimana', 'kalo', 'transaksi', 'situasi', 'darurat']	neutral
['aneh', 'banget', 'enggak bisa', 'login', 'data', 'sudah', 'benar', 'login', 'muncul', 'suka', 'guna', 'wonder', 'sudah', 'klik', 'tuju', 'enggak bisa', 'login', 'bagaimana', 'min']	neutral
['apresiasi', 'bebenah', 'segi', 'ui', 'kasih', 'binta', 'fitur', 'fitur', 'cardless', 'efisiensi', 'kirim', 'otp', 'sms', 'pulsa', 'fitur', 'cardless', 'ribet', 'malas', 'menyimpan', 'duit', 'gede', 'ribet', 'efisien']	neutral
['lenih', 'log', 'ini', 'terang', 'ganti', 'pasword', 'pasword', 'salah', 'terus', 'padahal', 'pasword', 'ganti', 'pasword', 'terus', 'log', 'intambah', 'ribet', 'enak', 'apk']	negative
['transfer', 'tulis', 'gagal', 'coba', 'transfer', 'ulang', 'transfer', 'kali', 'gagal', 'saldo', 'kurang', 'kali']	negative
['praktis', 'cepat']	positive
['mantap', 'enggak', 'lelet', 'rekomen', 'pokony']	positive
['fiturnya', 'deploy', 'fitur', 'tarik', 'tunai', 'beli', 'reksadana', 'lengkap', 'update', 'periksa', 'transaksi', 'belijual', 'grafik', 'mending', 'pakai', 'aplikasi']	neutral
['mohon', 'baik', 'sistemnyamau', 'login', 'bangetgiliran', 'login', 'fiturnya', 'enggak', 'buka']	neutral
['bagus', 'smooth', 'rada', 'lelet']	positive
['aplikasi', 'buka', 'fitur', 'contoh', 'mode', 'tranfer', 'virtual', 'account']	neutral
['kemarin', 'donlod', 'mbanking', 'kena', 'bug', 'terus', 'diarahin', 'donlod', 'wondr', 'sekarang', 'enggak', 'buka', 'tf', 'indonesia', 'bagaimana', 'sih']	neutral
['tolong', 'min', 'bni', 'akun', 'kenapa', 'bekuin', 'login', 'rekening', 'saya', 'saldo', 'ribu', 'rekening', 'mengesalkan', 'banget', 'transaksi', 'suka', 'error', 'mulu']	negative
['tambahkan', 'fitur', 'mengisimenarik', 'saldo', 'kartu', 'debit', 'atm', 'baik', 'fitur', 'top', 'up', 'ewallet', 'dana', 'nomor', 'akses', 'wondr', 'tambahkan', 'fitur', 'terima', 'saldo', 'negara', 'eropa']	neutral
['login', 'stak', 'logo', 'tolong', 'baik', 'aplikasi', 'wondr', 'fitur', 'bagus']	neutral
['app', 'memuaskanmemudahkan', 'bagai', 'urus', 'isi', 'datablanja', 'dionline', 'kbutuhan', 'hari', 'lainyabest', 'of', 'the', 'best', 'pokok']	positive
['cepat', 'beli', 'bayar', 'semoga', 'depan', 'kendala', 'apa', 'signal', 'semoga', 'bagus', 'kendala', 'apa']	positive
['tulis', 'gagal', 'kirim', 'saldo', 'uang', 'tetap', 'potong', 'sudah', 'kali', 'uang', 'hilang', 'mana', 'hilang', 'sia', 'sia']	neutral
['mohon', 'maaf', 'verifikasi', 'wajah', 'kondisi', 'verifikasi', 'verifikasi', 'buka', 'mata', 'mohon', 'baik', 'terimakasih']	neutral
['masuk', 'wonder', 'yasllu', 'gagal']	neutral
['indak', 'cek', 'sisa', 'hutang', 'bni', 'flexi', 'pakai', 'mbanking', 'bni', 'mash']	positive
['tranfer']	negative
['verifikasi', 'wajah', 'cepat', 'intruksinya', 'gagaltolong', 'program', 'ai', 'verifikasi', 'wajah', 'tingkat', 'mudah', 'lalu', 'verifikasi']	neutral
['error', 'berat', 'enggak', 'kalimat', 'lapor', 'transaksi', 'kirim', 'enggak', 'fitur', 'terima', 'dana', 'qrisnya', 'kayak', 'bni', 'mobile', 'banking']	neutral
['bagus', 'enggak', 'error']	positive
['top', 'up', 'ewalet', 'gopaysaya', 'bayar', 'bayar', 'hasil', 'saldo', 'kunjung', 'kirim', 'wondr', 'akun', 'gopay', 'situ', 'saldo', 'wondr', 'kurang', 'lapor', 'gmail', 'kunjung', 'balas', 'wondr', 'bni', 'lewat', 'top', 'up', 'jumaat', 'saldo', 'bom', 'kirim', 'saldo', 'kurang']	positive
['kode', 'qris', 'muncul', 'terang', 'kadarluarsa', 'muncul', 'qris', 'muncul', 'hilang', 'muncul', 'terang', 'kadarluarsa']	negative
['cepat', 'mudah']	positive
['mudah', 'indak', 'ribet', 'aman', 'bagus']	positive
['ui', 'ux', 'bagus', 'tinggal', 'tambah', 'fitur', 'tarik', 'setor', 'tunai', 'segera', 'mudah', 'guna']	positive
['bagus', 'cepat']	positive
['pol', 'masuk', 'sebenarnya', 'malas', 'pakai', 'bni', 'atm', 'usaha', 'pakai']	negative
['pakai', 'wondr', 'by', 'bni', 'moga', 'aman', 'transaksi', 'lancar']	positive
['pagi', 'kak', 'tolong', 'baik', 'menu', 'fitur', 'investasi', 'reksadana', 'obligasi', 'masuk', 'menu', 'investasi', 'loading', 'kadang', 'ringan', 'fast', 'respon', 'naruh', 'uang', 'reksadana', 'obligasi']	positive
['aplikasi', 'mudah', 'tampil', 'mudah', 'dalam', 'transaksi', 'non', 'tunai']	positive
['halo', 'kakini', 'lanjut', 'masalah', 'kemarinyg', 'akun', 'enggak bisa', 'buka', 'kakdan', 'chat', 'wa', 'kakakga', 'balas', 'kakak', 'bagaimana', 'solusi', 'cepat']	negative
['suka', 'aplikasi', 'wondr', 'simpel', 'mudah']	positive
['mudah', 'bantu']	positive
['enak', 'beli', 'saldo']	positive
['please', 'wondr', 'tolong', 'update', 'fitur', 'tarik', 'tunai', 'kartu', 'kode', 'otpnya', 'enggak', 'masuk', 'nomor', 'tlfn', 'tulis', 'pulsa', 'enak', 'apk', 'gampang', 'tolong', 'baik', 'fitur', 'entar', 'sudah', 'update', 'ta', 'kasih', 'bintang']	negative
['sudah', 'mencoba', 'apknya', 'simpel', 'bagus', 'sayang', 'fitur', 'investasi', 'reksadana', 'aktivasi', 'kantor', 'cabang', 'langsung', 'aplikasi', 'simpel', 'harap']	positive
['mudah', 'pakai', 'anti', 'ribbet', 'anti', 'lelet', 'good', 'job', 'bni']	positive
['aplikasi', 'ganggu']	neutral
['qr', 'terima', 'transfer', 'mandiri', 'fitur', 'qr', 'tolong', 'membuat', 'biar', 'complete']	negative
['login', 'muter', 'kayak', 'gangsigan', 'lihat', 'saldo', 'ribet', 'baik', 'sistem']	neutral
['jlimet', 'verifikasi', 'wajah', 'bolakbalik', 'gagal', 'ngulangnya', 'butuh', 'transaksi', 'verifikasi', 'simpel', 'mudah', 'akses']	negative
['suka', 'wondr', 'terang', 'berita', 'enggak', 'muncul', 'rincian', 'transaksi']	neutral
['butuh', 'signal']	neutral
['data', 'transaksi', 'detail', 'mantainance', 'lebih', 'malam', 'siang', 'hariterganggu', 'banget', 'gara', 'maintanance', 'siang', 'enggak', 'transaksi', 'nasabah', 'lebih', 'mobile', 'banking']	negative
['aplikasi', 'bni', 'wonder', 'bni', 'mobile', 'banking', 'pakai', 'traksaksi', 'uang', 'lancar', 'mantap', 'terimakasih']	positive
['kalo', 'bug', 'lelet', 'mending', 'full', 'release', 'kali', 'registrasi', 'kenal', 'wajah', 'busuk', 'banget', 'kali', 'gagal', 'ngenalin', 'mata', 'ngedip', 'sampai', 'coba', 'besok', 'kalo', 'susah', 'kalo', 'bayar']	negative
['aplikasi', 'buruk', 'sungguh', 'dipersulitterutama', 'verifikasi', 'wajah', 'responsif', 'gagalmohon', 'dibenahin']	negative
['aplikasi', 'aneh', 'password', 'kode', 'spesial', 'login', 'dimintain', 'centang', 'syarat', 'tentu']	negative
['bagaimana', 'min', 'loginn', 'ktp', 'cumann', 'tulis', 'kendala', 'memang', 'kendala', 'bagaimana', 'min', 'maksudnya', 'scen', 'ktp', 'sudah', 'masuk', 'toloong', 'min', 'h', 'terus', 'mohon', 'bantuanya', 'kak', 'kendala', 'tadi', 'pagi', 'login', 'apknya', 'login', 'ktp', 'proses', 'cumna', 'ingat', 'kendala', 'tim', 'baik', 'tau', 'min', 'tau']	neutral
['kasih', 'tambah', 'verifikasi', 'negrisemakin', 'ribet', 'aplikasi']	neutral
['wonder', 'saldo', 'suruh', 'top', 'up']	negative
['bintang', 'transaksi', 'dadak', 'kendala', 'bagus', 'wonder', 'kalo', 'app', 'dadak', 'transfer', 'lancar', 'lancar', 'app', 'tolong', 'optimal', 'tolong', 'bni', 'bijak']	negative
['cepat', 'mudah', 'transaksi', 'beli', 'pulsa', 'listrik', 'hp', 'gercep', 'tranfer', 'rekening', 'ringkas', 'cepat', 'pakai', 'qris', 'wondr', 'langsung', 'sseet']	positive
['fitur', 'lengkap', 'kalah', 'bni', 'mobile', 'banking']	neutral
['fitur', 'tarik', 'tunai', 'kartu', 'cardless', 'mbanking']	neutral
['wonder', 'ganggu', 'bni', 'mobile', 'lancarreview', 'puas', 'aplikasi']	negative
['enggak', 'recommended', 'kelas', 'bni', 'cardless', 'login', 'ulang', 'ganti', 'device', 'susah', 'banget', 'verifikasi', 'wajah', 'suruh', 'ulang', 'banget', 'error', 'hambat', 'aktifitas']	negative
['sayang', 'support', 'transaksi', 'setor', 'tarik', 'tunai', 'kartu', 'card', 'less']	positive
['instalbelum', 'pakai', 'verifikasi', 'wajah', 'hasil', 'salah', 'aplikasi']	negative
['sekarang', 'banget', 'erorpling', 'khawtir', 'takut', 'transaksi', 'pembyarn', 'tau', 'masuk', 'susah', 'app']	positive
['enggak', 'menu', 'tari', 'tunaimobile', 'tunaigara', 'mbanking', 'blok', 'suruh', 'install', 'inimenunya', 'enggak', 'lengkaptolong', 'baru', 'menu', 'mobile', 'tunai']	negative
['sih', 'topup', 'juta', 'dapat', 'cashback', 'ribu', 'apa', 'boonk', 'niat', 'hati', 'nolong', 'sales', 'kejar', 'target', 'dapat', 'cashback', 'lumayan', 'beli', 'jajan', 'scam', 'dari', 'agustus', 'hilal', 'dah', 'sudah', 'malas', 'menyesal', 'dikit', 'karena', 'enggak bisa', 'tf', 'utuh', 'juta', 'bank', 'padahal', 'bank', 'sudah', 'bagus', 'biaya', 'admin', 'transferbisa', 'tarik', 'uang']	neutral
['simpel', 'mohon', 'tingkat', 'menu', 'layan']	positive
['sebenarnya', 'bagus', 'simpel', 'mudah', 'paham', 'kenapa', 'masuk', 'banget', 'proses', 'stuck', 'terus']	neutral
['fitur', 'tarik', 'tunai', 'tiada', 'aplikasi', 'tampil', 'display', 'tarik', 'fitur', 'kompit', 'bni', 'mbanking']	negative
['bayar', 'pakai', 'va', 'transaksi', 'gagal', 'saldo', 'potong', 'hubung', 'bni', 'call', 'via', 'wa', 'email', 'responnya', 'saldo']	negative
['kadang', 'susah', 'akses']	neutral
['aplikasi', 'mudah', 'fiturnya', 'lengkap', 'menarikk', 'cocok', 'guna', 'kayak', 'banget', 'coba', 'nih']	positive
['aplikasi', 'baik', 'terkadang', 'buru', 'buru', 'barang', 'scan', 'bayar', 'karena', 'aplikasi', 'baik', 'baik', 'aplikasi', 'jangka', 'barusan', 'buka', 'menit', 'sudah', 'baik', 'aplikasi']	negative
['praktis', 'mudah']	positive
['tampil', 'cantik', 'tarik', 'mohon', 'maaf', 'fiturnya', 'lengkap', 'tampil', 'informasi', 'terang', 'mutasi', 'transaksi', 'masuk', 'terang', 'catat', 'terang', 'transfer', 'aplikasi', 'bni']	neutral
['suka', 'wondr', 'terang', 'berita', 'enggak', 'muncul', 'rincian', 'transaksi']	neutral
['keren', 'aplikasi', 'setor', 'tunai']	positive
['gen', 'saja', 'aplikasi', 'tarik', 'banget', 'nama', 'sampai', 'uiuxnyaa', 'suka', 'banget', 'warna', 'fresh', 'tarik', 'install', 'moga', 'lancar', 'pakai', 'aplikasi']	positive
['toolong', 'tibatiba', 'buka', 'aplikasi', 'tulis', 'kendala', 'sistem', 'coba', 'memang', 'problem', 'kah']	negative
['verifikasi', 'wajah', 'susah', 'sih', 'kedip', 'sudah', 'kedip', 'sampai', 'gel', 'tetap', 'enggak']	neutral
['enggak', 'verifikasi', 'email', 'bagaimana', 'maka', 'aplikasi', 'min', 'sudah', 'jam', 'mencoba', 'verifikasi', 'email', 'pakai', 'confirm', 'code', 'bilang', 'salah', 'suruh', 'login', 'email', 'kode', 'mutar', 'gin']	negative
['e', 'wallet', 'shopee', 'enggak', 'sekarang', 'isi', 'shopee', 'repot']	positive
['mengcewakan', 'transaksi', 'malam', 'gagal', 'saldo', 'bikin', 'atm', 'bni', 'aplikasi', 'kartu', 'enggak', 'kirim', 'kirim', 'layan', 'bni', 'buruk']	negative
['mudah', 'lancar', 'sukses', 'bni']	positive
['gagal', 'transfer', 'uang', 'banget', 'kendala', 'lelet', 'kayak', 'kesel', 'uji', 'esmosi', 'pakai', 'apk', 'tunggu', 'apk', 'benarbenar', 'apk', 'kendala', 'atas', 'uninstall', 'tunggu']	neutral
['menu', 'aplikasi', 'lengkap', 'aplikasi', 'bni', 'mobile', 'banking', 'baik', 'lengkap', 'biar', 'nasabah', 'nyaman', 'guna']	negative
['oke', 'belum', 'fitur']	positive
['tolong', 'solusi', 'verifikasi', 'wajah', 'coba', 'aplikasi', 'verifikasi', 'wajah']	negative
['mudah', 'transfer', 'uang']	neutral
['prnya', 'aplikasi', 'pakai', 'pr', 'info', 'masuk', 'uang', 'coba', 'dirinci', 'bni', 'mobile', 'banking', 'klik', 'all', 'pr', 'coba', 'kembang', 'adu', 'siapa', 'nasabah', 'suka', 'suka', 'tel', 'error', 'baik', 'nasabah', 'pakai', 'bni', 'loyal', 'maaf', 'tolong', 'baik', 'bug', 'dengar', 'butuh', 'nasabah', 'mohon']	negative
['keren', 'banget', 'aplikasi', 'masya', 'allah', 'fiturnya', 'lengkap', 'banget', 'good', 'job', 'wondr', 'by', 'bni']	positive
['aplikasi', 'kalo', 'miripmenurut', 'bni', 'mobile', 'sjsaya', 'download', 'karena', 'bni', 'mobile', 'sudah', 'mobile', 'tunai', 'setor', 'tarikdan', 'alih', 'wondertp', 'wonder', 'gila']	neutral
['download', 'sudah', 'error', 'bad', 'experiences']	neutral
['mudah', 'urusanga', 'pakai', 'ribet']	positive
['baik']	neutral
['ribet', 'verifikasi', 'wajah', 'suruh', 'buka', 'mulut', 'suruh', 'tengok', 'kiri', 'kanan', 'coba', 'kali', 'tetap', 'coba', 'besok', 'karena', 'salah', 'perhati', 'karena', 'dampak', 'depan']	neutral
['kali', 'login', 'gagal', 'verifikasi', 'wajah', 'enggak', 'mulu', 'sudah', 'mengikuti', 'suruh']	neutral
['kes', 'modern', 'fitur', 'kosong', 'tarik', 'tunai', 'kartu', 'loading', 'app', 'berat', 'fitur', 'pin', 'login', 'fitur', 'pin', 'login', 'fitur', 'password', 'transaksi', 'aneh', 'ruang', 'kembang', 'tolong', 'pakai', 'alas', 'jaring', 'internet', 'seolaholah', 'salah', 'guna', 'thats', 'a', 'low', 'move']	neutral
['tampil', 'keren', 'mudah', 'sayang', 'fiturnya', 'lengkap', 'lengkap', 'bni', 'mobile']	neutral
['memuaskanmembantu', 'transaksi', 'uang', 'bni']	positive
['kok', 'wondr', 'by', 'bni', 'buka', 'ya', 'doang', 'transaksi', 'kemarin', 'buka', 'min', 'aplikasi', 'kenapa', 'uninstall', 'dulu', 'aduh', 'bingung', 'jelasinnya', 'bagaimana', 'ya', 'klik', 'aplikasi', 'wondr', 'stuck', 'gambar', 'kayak', 'min', 'gambar', 'kayak', 'playstore', 'stuck', 'saja']	neutral
['lancar', 'bantu', 'transaksi']	positive
['eksplor', 'adakan', 'baik']	neutral
['top', 'up', 'saldo', 'gapaypadahal', 'app', 'bni', 'rubah', 'menu', 'alias', 'erortolong', 'amplikator', 'benah']	negative
['mudah', 'cepat']	positive
['lemah', 'besar', 'aplikasi', 'banding', 'transfer', 'top', 'up', 'uang', 'langsung', 'masuk', 'ewallet', 'jeda', 'jam', 'an', 'jam', 'jam', 'update', 'kali', 'sih', 'kali', 'sudah']	negative
['jujur', 'sebenarnya', 'suka', 'simpel', 'cuman', 'plis', 'kalo', 'baru', 'apa', 'plis', 'jam', 'kerja', 'kalo', 'transaksi', 'suka', 'enggak']	neutral
['kayak', 'belum', 'optimal', 'wondr', 'sering', 'baik', 'ssah', 'buka', 'transaksi', 'cepat', 'terus', 'baik', 'sudah', 'optimal', 'kasih', 'bintang']	neutral
['parah', 'verifikasi', 'sulit', 'ulang', 'ulang', 'kemarin', 'gagal', 'enggak', 'kayak', 'apk', 'lurus', 'langsung', 'hasil', 'verifikasi']	negative
['susah', 'login', 'aktif', 'sidik', 'jari', 'masuk', 'password', 'pin', 'login', 'terkadang', 'sidik', 'jari', 'aktif', 'tangan', 'basah', 'lupa', 'password', 'repot', 'repot', 'sedia', 'ktp', 'verifikasi', 'saran', 'metode', 'login', 'biometrik', 'passwordpin']	neutral
['tf', 'negeri', 'negara', 'arab', 'saudi', 'bberapa', 'negara', 'sedia', 'mohon', 'tambah', 'negara', 'terima']	negative
['bni', 'pakai', 'aplikasi', 'lengkap', 'app', 'harap', 'mundurr', 'kecewa', 'balikin', 'pakai', 'app', 'sebelum']	neutral
['buruk', 'jam', 'saldo', 'minimal']	negative
['aplikasi', 'buruk', 'ngebug', 'nasabah', 'kendala', 'bug', 'penuh', 'penuh', 'memori', 'hp', 'mending', 'diinstall']	negative
['terima', 'inovasi', 'bni', 'tolong', 'tingkat', 'khusus', 'transfer', 'ewallet', 'tolong', 'dibatasin', 'tonk']	negative
['tolong', 'fitur', 'biomatriksidik', 'jari', 'login', 'adakan']	positive
['tampil', 'bagus', 'tolong', 'fitur', 'screenshot']	neutral
['cek', 'nomer', 'rekening', 'angka', 'nol', 'depan', 'hilang', 'bingung', 'tolong', 'baik', 'cek', 'terang', 'nomer', 'rekening', 'tampil', 'nyaman', 'mata', 'silinder', 'asli', 'bikin', 'perih', 'mata', 'pusing', 'nyaman', 'aplikasi']	positive
['wondr', 'kemarin', 'ganggu', 'enggak', 'masuk', 'ganggu']	neutral
['aplikasi', 'matang', 'keburu', 'rilis', 'fitur', 'tarik', 'tunai', 'setor', 'tunai', 'kartu', 'tunggu', 'enggak', 'update']	negative
['sudah', 'enak', 'pakai', 'bni', 'mobile', 'bankink', 'bikin', 'apk', 'lain', 'busuk', 'bayar', 'pakai', 'apk', 'buka', 'notif', 'baik', 'benar', 'buka', 'isi', 'cuman', 'baik', 'mending', 'hapus', 'apk', 'data', 'base', 'enak', 'pakai', 'bni', 'mobile']	negative
['sumpah', 'kacau', 'banget', 'aplikasi', 'sudah', 'kali', 'daftar', 'masuk', 'suruh', 'daftar', 'ulang', 'daftar', 'ulang', 'sesi', 'habis', 'suruh', 'login', 'eh', 'login', 'suruh', 'daftar', 'ulang', 'inti', 'login', 'tolong', 'developer', 'baik']	negative
['mbanking', 'ewallet', 'mutasi', 'transaksi', 'ket', 'berhasilmsh', 'proses', 'autodebit', 'angsur', 'muncul', 'mutasi', 'saldo', 'hari', 'debitkredit', 'konek', 'dengan', 'rek', 'pinjam', 'wondr', 'ganti', 'mbanking', 'bni', 'mohon', 'baik', 'lengkap', 'layak', 'mbanking', 'estetika', 'tampil', 'terimakasih']	negative
['kalau', 'sudah', 'masuk', 'akses', 'tolong', 'loging', 'langsung', 'kalisidik', 'jari', 'kayak', 'bni', 'bengking', 'masak', 'iya', 'buka', 'wonder', 'masuk', 'sandi', 'kadang', 'lupa']	neutral
['kasih', 'tau', 'deve', 'hormat', 'apk', 'sudah', 'bulan', 'bisa', 'masuk', 'sudah', 'kebbank', 'bisa', 'atas', 'data', 'wifi', 'ganti', 'hp', 'gnt', 'apa', 'tetap', 'bisa', 'tulida', 'ada', 'kendala', 'sistem', 'kalo', 'belum', 'benar', 'usah', 'memaksakan', 'pegawe', 'bank', 'nua', 'heran', 'bingung', 'sampai', 'mempraktikkan', 'semua', 'nol', 'zonk', 'sistem', 'jls']	negative
['aplikasi', 'bni', 'amburadul', 'entah', 'uang', 'tarik', 'uang', 'hilang', 'bayar', 'online', 'banget', 'proses']	negative
['kurang', 'fitur', 'stor', 'tunai']	neutral
['sulit', 'verifikasi', 'wajah', 'aplikasi', 'sulit', 'akses']	neutral
['daftar', 'log', 'ini', 'suruh', 'daftar', 'ulang', 'mohon', 'bantu']	neutral
['bantu', 'butuh', 'semoga', 'manfaat', 'aplikasi', 'amin']	positive
['mudah', 'transaksi', 'wondr', 'by', 'bni', 'fitur', 'lengkap', 'mudah', 'jalan', 'baca', 'riwayat', 'transaksi', 'lompat', 'bni']	positive
['lot', 'nge', 'hang']	neutral
['perbaiakanya', 'makan', 'parah', 'transfer', 'e', 'wallet', 'batas', 'bagus', 'buruk', 'bni', 'pelayanannyamempersulit', 'transaksi']	negative
['ganti', 'bni', 'mobile', 'banking', 'fitur', 'sedia', 'contoh', 'tarik', 'tunai', 'mobile', 'bangking', 'sedia', 'saran', 'nih', 'luncur', 'aplikasi', 'ganti', 'lengkap']	negative
['mudah', 'sekarangdengan', 'aplikasi', 'wonder', 'by', 'bni']	positive
['hubung', 'cs', 'bagaimana', 'telfon', 'bni', 'habisin', 'pulsa', 'enggak', 'transaksi', 'virtual', 'acount', 'gagal', 'saldo', 'potong']	neutral
['parah', 'susah', 'verifikasi', 'wajah', 'sudah', 'pandu', 'tetap', 'masuk', 'heran', 'kenapa', 'mesti', 'bikin', 'aplikasi', 'sih', 'kenapa', 'bni', 'mobile', 'diupgrade', 'susah', 'bayar', 'listrik', 'air']	negative
['bayar', 'virtual', 'account', 'bni', 'call', 'selesai', 'tolong', 'selesai', 'terima', 'kasih']	negative
['goodmempermudah', 'semua', 'transaksi']	positive
['tampil', 'pasti', 'menu', 'mudah', 'simpel', 'gen', 'a', 'sd', 'saja', 'gampang', 'wondr']	positive
['mudah', 'simpel', 'keren']	positive
['tampil', 'fresh', 'fungsi', 'fitur', 'cepat', 'layan', 'kes', 'ribet', 'salam', 'akhlak']	neutral
['transaksi', 'cepat', 'mudah']	positive
['buruk', 'enggak', 'aplikasi', 'sama', 'dikit', 'ganguan', 'terus']	neutral
['mudah', 'lancar']	positive
['bagus', 'bantu']	positive
['kirim', 'uang', 'bayar']	positive
['tanda', 'kali', 'tutup', 'aplikasi', 'tunggu']	neutral
['aplikasi', 'mudah', 'kelola', 'uang', 'proses', 'bayar', 'kirim', 'uang', 'cepat', 'harap', 'fitur', 'ingat', 'tagih', 'bulan']	positive
['halo', 'kakak', 'bni', 'ganggu', 'bagaimana', 'kak', 'tf']	neutral
['download', 'tf', 'ribu', 'rek', 'apk', 'hari', 'cek', 'hilang', 'uang', 'padahal', 'tau', 'rek', 'sydan', 'enggak ada', 'riwayat', 'tari', 'transaksi']	negative
['aplikasi', 'bagus', 'kadang', 'suka', 'ngebug', 'mutasi', 'transaksi', 'baik', 'rekening', 'deh', 'transaksi', 'karena', 'nominal', 'transfer', 'nominal', 'sisa', 'saldo', 'transfer', 'bni', 'mobile', 'mohon', 'baik']	neutral
['dulu', 'ya', 'enggak', 'kendala']	positive
['transaksi', 'mobile', 'tunai', 'tarik', 'tunai', 'tolong', 'kode', 'otp', 'via', 'wa', 'jaman', 'guna', 'smartphone', 'pesan', 'singkat', 'sms', 'terimakasih']	neutral
['tampil', 'fresh', 'kini', 'responnya', 'cepat', 'banget', 'suka', 'banget', 'aplikasi', 'wondr', 'by', 'bni', 'pokok', 'the', 'best', 'lah', 'sudah', 'promosiin', 'keluarga']	positive
['hapus', 'aplikasi', 'membinggungkan', 'lelet', 'transaksi', 'menu', 'lengkap', 'tranfer', 'dana', 'diranfer', 'minimal', 'bagus', 'aplikasi', 'bni', 'bankinglengkap', 'buka', 'aplikasi', 'cepat', 'tampil', 'bagus', 'tampil', 'wondr', 'tarik']	negative
['enggak', 'tf', 'e', 'walet', 'mencul', 'tulis', 'rekening', 'daftar', 'kecewa']	negative
['aplikasi', 'bagus', 'notif', 'transaksi', 'cepat', 'banget', 'cuman', 'keluh', 'bapakibuk', 'dev', 'aplikasi', 'crash', 'buka', 'stuck', 'logo', 'mohon', 'kenan', 'baik', 'ibuk', 'terimakasih']	neutral
['registrasi', 'sudah', 'susah', 'verifikasi', 'wajah', 'sudah', 'terang', 'sudah', 'coba', 'berkalikali', 'saran', 'admin', 'tetap', 'pakai', 'aplikasi', 'moga', 'baik', 'depan', 'coba', 'terima', 'kasih']	negative
['kecewa', 'sudah', 'masuk', 'data', 'sesuai', 'ektp', 'enggak bisa', 'update', 'data', 'cabang', 'dekat', 'data', 'ektp', 'ubah', 'kali']	negative
['tolong', 'baik', 'eror', 'buka', 'aplikasi', 'main', 'transaksi', 'bayar', 'beli', 'transfer']	negative
['berteransaksi', 'moga']	positive
['cepat', 'mudah']	positive
['aplikasi', 'bagus', 'fitur', 'fitur', 'baru', 'mudah', 'bantu', 'transaksi', 'kendala', 'perban']	positive
['bintang', 'mutasi', 'transaksi', 'kolom', 'saldo', 'terang', 'transaksi', 'banget', 'mobile', 'banking']	neutral
['aplikasi', 'bagussulit', 'verifikasi', 'wajah', 'dasar', 'sama', 'dengan', 'foto', 'ktp', 'contoh', 'ktp', 'jenggot', 'sudah', 'jenggot', 'ktp', 'rambut', 'rambut', 'cepakdlljgn', 'harap', 'verifikasi']	negative
['maaf', 'aju', 'kembali', 'uang', 'transaksi', 'qris', 'gagal', 'dana', 'masuk', 'tiket', 'lapor', 'close', 'solusi', 'bagaimana']	negative
['wordr', 'bni', 'error', 'suaa', 'buka', 'danbnyk', 'kendalafalam', 'transaksi', 'top', 'up', 'dana', 'sudah', 'hasil', 'dana', 'potong', 'saldo', 'dana']	neutral
['bagus', 'aplikasi', 'fiturnya', 'kg', 'lengkap', 'mantap']	positive
['ganguan', 'susah', 'masuk']	negative
['kadang', 'susah', 'masuk', 'mentok', 'logo', 'apk']	neutral
['apk', 'eror', 'butuhin', 'sinyal', 'kencang', 'jaring', 'lancar', 'buka', 'cepat', 'buka', 'eror', 'eror']	negative
['apk', 'gjls', 'potong', 'admin', 'sudah', 'ribu', 'terus', 'potong', 'ribu', 'sampai', 'kali']	negative
['sudah', 'daftar', 'isi', 'norek', 'fasword', 'data', 'sayatapi', 'login', 'aplikasi', 'bisamohon', 'harap', 'aplikasi', 'tanggung', 'jawabtks']	negative
['erorsering', 'perbaikanpas', 'transaksi', 'qris', 'dk', 'bisa', 'dipakaitlg', 'diperbaikibiar', 'enak', 'kalo', 'transaksi']	negative
['bagus', 'sebenarmya', 'cuman', 'bertanya', 'maksimal', 'saldo', 'sisa', 'wonder', 'berapa', 'saldo', 'masa', 'enggak bisa', 'transaksi', 'karena', 'saldo', 'cukup']	neutral
['please', 'balikin', 'banking', 'wondr', 'guna', 'sih', 'wondr', 'baik', 'mulu', 'asa', 'kali', 'masuk', 'bingung', 'aplikasinyamendingan', 'baik', 'cepat', 'hak', 'buruk', 'pleaseecapek', 'banget', 'menunggu', 'wondr', 'baik', 'enggak', 'hasil']	negative
['login', 'stak', 'logo', 'tolong', 'baik', 'aplikasi', 'wondr', 'fitur', 'bagus']	neutral
['mudah', 'transaksi']	neutral
['mskipun', 'jepang', 'tetap', 'pakai', 'bni', 'mobile', 'terima', 'kasih', 'bni']	positive
['bantu', 'dandalkan', 'butuh', 'hari', 'pokok', 'tge', 'best', 'deh']	positive
['suka', 'bni', 'integrasi', 'guna', 'langsung', 'sambung', 'aplikasi', 'bni', 'ribet', 'rasa', 'lamalama', 'login', 'lamaa', 'jaring', 'internet', 'bagus', 'kencang', 'buka', 'youtube', 'game', 'dll', 'login', 'aplikasi', 'lambat', 'aplikasi', 'bni', 'asli', 'tolong', 'developer', 'optimal', 'proses', 'login']	negative
['memudahkanbisa', 'transaksi', 'sajasemoga', 'privasi', 'jaga', 'aman', 'nyaman']	positive
['aplikasi', 'mantap', 'proses', 'gampang', 'banget', 'enggak', 'pakai', 'ribet', 'jugafiturnya', 'lengkap', 'mudah', 'guna', 'transaksi']	positive
['menu', 'cek', 'mutasi', 'rekening', 'sedia', 'aplikasi', 'bni', 'mbanking', 'catat', 'pasu', 'keluar', 'aplikasi', 'catat', 'hitung', 'sisa', 'saldo', 'before', 'after', 'transaksi', 'monitor', 'nasabah', 'detil', 'hindar', 'risiko', 'salah', 'bank', 'izin', 'fitur', 'screenshot', 'perlu', 'evidence', 'bayar', 'tagih', 'pribadi', 'kantor', 'butuh', 'menu', 'transfer', 'ewallet', 'tapcash', 'dll']	neutral
['mudah', 'bantu', 'nasabah', 'transaksi']	positive
['ganggu', 'yapadahal', 'aplikasi', 'bagus', 'praktis', 'minus', 'gangguanmohon', 'baik']	negative
['bagus', 'sebenarmya', 'cuman', 'bertanya', 'maksimal', 'saldo', 'sisa', 'wonder', 'berapa', 'saldo', 'masa', 'enggak bisa', 'transaksi', 'karena', 'saldo', 'cukup']	neutral
['aplikasi', 'aku', 'wonder', 'nya', 'buka', 'pakai', 'wifi', 'buka', 'sulit']	neutral
['bantu', 'transaksi']	positive
['mudah', 'perlu', 'mbanking', 'thanks', 'bni', 'sudah', 'nasabah', 'bni', 'bantu', 'apk']	positive
['alam', 'buruk', 'akses', 'karena', 'face', 'id', 'sesuai', 'wajah', 'ktp', 'baik']	negative
['sengaja', 'hapus', 'apk', 'diinstal', 'suruh', 'login', 'memasuki', 'passwordnya', 'bilang', 'password', 'sesuai', 'verif', 'ulang', 'gilir', 'password', 'ganti', 'pin', 'enggak bisa', 'begitu', 'sampai', 'verif', 'kali']	negative
['tampil', 'tarik', 'aplikasi', 'sayang', 'fitur', 'tarik', 'tunai', 'kartu', 'mobile', 'bni', 'mohon', 'timbang', 'fitur', 'akses', 'via', 'wondr']	neutral
['hai', 'kak', 'terimakasih', 'aplikasi', 'update', 'bilang', 'nyaman', 'pakai', 'mudah', 'transaksi', 'ada', 'saran', 'diperrimbangkan', 'data', 'potong', 'biaya', 'admin', 'tampil', 'aplikasi', 'tera', 'potong', 'biaya', 'adminnya', 'ya', 'saran', 'moga', 'kakak', 'timbang', 'terima kasih']	neutral
['kalo', 'gagal', 'coba', 'besok', 'beda', 'aplikasi', 'menunggu', 'menit', 'jam', 'wkwkwkwkw', 'menunggu', 'hari', 'coy', 'enggak jelas', 'aplikasi', 'memang']	negative
['kemarin', 'belanja', 'pakai', 'qris', 'bni', 'sekarang', 'masuk', 'terima', 'terus', 'saldo', 'potong', 'bgm']	positive
['alhamdulillah', 'aplikasi', 'thanks', 'bni', 'min', 'transaksi', 'kartu', 'lengkap', 'bni', 'mobile']	positive
['bantu', 'muas']	positive
['aplikasi', 'sih', 'bagustapi', 'gagal', 'transfersaldonya', 'tetap', 'potong']	neutral
['mudah', 'manja']	positive
['inj', 'padq', 'mobile']	positive
['aplikasi', 'trobel', 'rugi', 'konsumen', 'untuk', 'transaksi', 'muncul', 'notifikasi', 'optimalin', 'sistem', 'kecewa']	negative
['bantu']	positive
['eror', 'baik', 'itu', 'knppas', 'dibutuhke', 'tf', 'enggak', 'qris', 'enggak', 'cash', 'enggak', 'bisamending', 'apk', 'enggak', 'eror']	negative
['efisien']	positive
['wonder', 'by', 'bni', 'kenapa', 'ya', 'buka', 'kemarin', 'masih', 'lancar']	negative
['fitur', 'dplk', 'aplikasi', 'baik', 'fitur', 'dplk', 'monitor', 'transfer', 'dplk', 'pribadi', 'mudah', 'aplikasi', 'enggak', 'lihat', 'cek', 'mutasi', 'aplikasi', 'sekarang', 'aplikasi', 'daripada', 'skrngjgan', 'sampai', 'nasabah', 'lari', 'bank', 'bank', 'kerna', 'aplikasi', 'sekarang', 'bagus']	negative
['download', 'apk', 'rugi', 'menyesal', 'downloadnya', 'beli', 'token', 'listrik', 'transaksi', 'hasil', 'saldo', 'dah', 'hilangbaru', 'coba', 'bikin', 'kecewa']	negative
['lumayan', 'ribet', 'maklum', 'hp', 'jadul']	neutral
['bayar', 'virtual', 'account', 'bni', 'gagal', 'gagal']	neutral
['rating', 'enggak ada', 'bintang', 'gaksi', 'minus', 'loh', 'gue', 'dari', 'kemarin', 'enggak bisa', 'transaksi', 'pakai', 'mbanking', 'susah', 'otp']	negative
['install', 'aplikasi', 'mudah', 'banget', 'simple', 'bikin', 'transaksi', 'gampang', 'top', 'pokok']	positive
['kode', 'otp', 'email', 'verifikasi', 'muncul', 'muncul', 'pasu', 'kode', 'otp', 'salah', 'masuk', 'kode', 'otp', 'dapat', 'langsung', 'detik', 'kurang', 'aplikasi', 'buang', 'only', 'for', 'now']	negative
['mudah', 'transaksi']	positive
['bayar', 'biaya', 'didik', 'guru', 'sayang', 'guru', 'kelas', 'unair', 'daftar']	negative
['kemarin', 'bug', 'isi', 'pulsa', 'transaksi', 'gagal', 'saldo', 'tarik', 'kembali']	positive
['ganggu', 'buka', 'apl', 'buka']	neutral
['mentant']	negative
['bni', 'mobile', 'transaksi', 'saldo', 'wondr', 'transaksi', 'terang', 'saldo', 'transaksi', 'mohon', 'tambah', 'bni', 'mobile', 'min', 'lihat', 'riwayat', 'transaksi', 'urai', 'tipe', 'nominal', 'saldo']	neutral
['sukses']	positive
['sudah', 'minggu', 'bayar', 'bayar', 'tunda', 'karena', 'apk', 'stuck', 'login']	neutral
['download', 'aplikasi', 'terus', 'log', 'ini', 'kok', 'susah', 'sihada', 'terang', 'sesi', 'berakhirjdi', 'susah', 'log', 'innya']	neutral
['aplikasi', 'mudah', 'tampil', 'tarik', 'mudah', 'transaksi', 'ayo', 'bni', 'baik']	positive
['sudah', 'uninstall', 'aplikasi', 'nama', 'mobile', 'banking', 'tatik', 'tunai', 'suek', 'mengira', 'bagus', 'update']	negative
['aplikasi', 'susah', 'akses']	negative
['deh', 'pakai', 'wondr', 'bni', 'ganti', 'hp', 'hp', 'masuk', 'gagal', 'terang', 'masuk', 'kreteria', 'wondr', 'begitu', 'deh', 'berapa', 'kali', 'coba', 'tetap', 'gagal', 'solusi']	neutral
['kemarin', 'proses', 'aktivasi', 'hasil', 'sayang', 'coba', 'buka', 'aplikasi', 'muncul', 'halaman', 'syarat', 'tentu', 'guna', 'coba', 'centang', 'klik', 'tuju', 'muncul', 'notif', 'sesi', 'login', 'habis', 'klik', 'oke', 'log', 'ini', 'ulang', 'arah', 'halaman', 'halaman', 'syarat', 'tentu', 'ulang', 'mohon', 'tingkat', 'aplikasi', 'edit', 'log', 'ini', 'thankyu']	positive
['mantap', 'aplikasi', 'mudah', 'transaksi']	positive
['mudah', 'cepat', 'proses', 'transaksi']	positive
['wondr', 'bni', 'bantu', 'transaksi', 'atm']	positive
['mudah', 'mantap']	positive
['tarik', 'mudah', 'guna']	positive
['kualitas', 'jeleek', 'enggak', 'login', 'gampang', 'ganggu', 'tarik', 'tunai', 'kartu', 'mending', 'aplikasi', 'buka', 'ringan', 'jelek', 'lelet']	neutral
['download', 'aplikasi', 'terus', 'log', 'ini', 'kok', 'susah', 'sihada', 'terang', 'sesi', 'berakhirjdi', 'susah', 'log', 'innya']	neutral
['transaksi', 'wondr', 'by', 'bni', 'mudah', 'cepatsangat', 'bantu', 'usia', 'sayalansia']	positive
['user', 'interface', 'dati', 'bni', 'mobile', 'banking', 'fiturnya', 'lengkap', 'lengkap', 'bni', 'mobile', 'banking', 'aju', 'tukar', 'kartu', 'bni', 'mobile', 'banking']	neutral
['pakai', 'apk', 'bni', 'mobile', 'qris', 'sayang', 'benah', 'apk', 'wondr', 'update', 'saldo', 'beli', 'token', 'listrik', 'tau', 'kurang', 'saldo', 'adm', 'bulananlalu', 'tf', 'rekening', 'halaman', 'utama', 'ulang', 'trx', 'beli', 'token', 'masuk', 'apk', 'open', 'apk', 'tuju', 'privasi', 'informasi', 'promosi', 'bni', 'notif', 'bni', 'mobile', 'informasi', 'promo', 'beli', 'token']	neutral
['bantu', 'responsif']	positive
['tampil', 'cukuptapi', 'menjengkelkanlebih', 'mudah', 'mbankin', 'bni', 'nyantah', 'maksud', 'bni', 'rubah', 'aplikasisetiap', 'transaksi', 'masuk', 'keluartidak', 'catat', 'sisa', 'saldo', 'sisa', 'saldo', 'transakasi', 'nyajadi', 'meragukantolong', 'rubah', 'tampil', 'saldo', 'mbankingi']	negative
['aplikasi', 'buruk', 'bank', 'suruh', 'login', 'layar', 'muncul', 'syarat', 'tentu', 'terusgimana', 'login', 'coba', 'sudah', 'hapus', 'apk', 'download', 'sebal', 'bilang', 'niat', 'bikin', 'mbanking']	negative
['mending', 'bni', 'mobile', 'duluaplikasi', 'dikit', 'dalam', 'perbaikansering', 'gagal', 'transaksi', 'gara', 'baik', 'mulu']	negative
['buruk', 'pakai', 'sama', 'banking', 'bni', 'mobile', 'mudah', 'pakai', 'wonder', 'suruh', 'update', 'ktp', 'gila', 'ktp', 'baru', 'update', 'aplikasi', 'sial', 'mohon', 'kembali', 'aplikasi', 'aplikasi', 'wonder', 'buruk', 'guna', 'buang', 'buang', 'aplikasi', 'bobot', 'guna', 'bni', 'kecewa', 'mobile', 'banking', 'bni', 'nonaktif', 'aplikasi', 'wonder', 'buruk', 'kali', 'pemdaftran', 'gagal']	negative
['apl', 'wondr', 'bni', 'is', 'the', 'bestsgt', 'memudahkn', 'keluarga', 'transaksi', 'apa', 'punyuk', 'belum', 'instal', 'langsung', 'instal', 'sekarang', 'jgpengisian', 'e', 'wallet', 'sangat', 'mudah', 'bisa', 'bayar', 'listri', 'cicil', 'jgserta', 'gratis', 'tf', 'bank']	positive
['kecewa', 'aplikasi', 'dikarnakan', 'transaksi', 'jm', 'wib', 'jm', 'bagaimana', 'enggak', 'transaksi', 'jm', 'segitu', 'mohon', 'bantu', 'bni']	negative
['good', 'praktis', 'mudah', 'gampang']	positive
['iklan', 'fitur', 'bagus', 'rekap', 'pasu', 'keluar', 'fitur', 'akurat', 'data', 'sinkron', 'bni', 'mobile', 'tingkat', 'wondr']	neutral
['uhhuuy', 'banget', 'aplikasi', 'sat', 'set', 'das', 'des', 'mudah', 'transaksi', 'enggak', 'pakai', 'ribet', 'ekala', 'approved']	positive
['transaksi', 'apa', 'lebih', 'cepat']	positive
['praktis', 'mudah', 'transaksi']	positive
['pakai', 'sudah', 'logout', 'login', 'enggak', 'rua', 'terang', 'sesi']	neutral
['harap', 'top', 'up', 'e', 'wallet', 'enggak', 'batas', 'nominal', 'transaksi', 'hari', 'karena', 'butuh', 'orang', 'beda', 'beda']	neutral
['aplikasi', 'enggak', 'buka', 'tolong', 'bantu']	negative
['guna', 'wondr', 'kecewa', 'kali', 'habis', 'transaksi', 'qris', 'sekian', 'nominal', 'ribu', 'nominal', 'wondr', 'dadak', 'ribu', 'terkadang', 'orang tua', 'transfer', 'uang', 'nominal', 'tera', 'aplikasi', 'wondr']	negative
['aplikasi', 'bagus', 'puas', 'bni', 'moga', 'nyaman', 'tahan', 'fitur', 'tarik', 'tunai', 'mobile']	positive
['wiffi', 'login', 'akses', 'pket', 'data', 'tolong', 'baik', 'terimakasih']	neutral
['sayang', 'aplikasi', 'maintenance', 'tolong', 'baik', 'hapus']	negative
['mudah', 'nyaman']	positive
['aplikasi', 'baru', 'lucu', 'banget', 'nyaman', 'lihat', 'mengecek', 'uang', 'masuk', 'keluar', 'gampang']	positive
['diupdate', 'baru', 'force', 'close', 'buka']	negative
['tampil', 'cantik', 'tarik', 'mohon', 'maaf', 'fiturnya', 'lengkap', 'tampil', 'informasi', 'terang', 'mutasi', 'transaksi', 'masuk', 'terang', 'catat', 'terang', 'transfer', 'aplikasi', 'bni']	neutral
['bagaimana', 'mbanking', 'uang', 'trf', 'enggak', 'bni', 'iya', 'trf', 'rugi', 'banget', 'nabung', 'bni', 'ting', 'bunga', 'lagi', 'tingkat', 'banget', 'nabung', 'bni', 'bikin', 'kesal']	negative
['login', 'payah', 'tixah', 'cepeat', 'seeingnya', 'gagal', 'logintlg', 'dj', 'baik', 'dongmasih', 'bagus', 'mobile', 'bni']	neutral
['tampil', 'aplikasi', 'bagusgampang', 'paham', 'fitur', 'komplitbisa', 'transaksidan', 'mana', 'ajasip', 'aplikasinyamembantu']	positive
['contoh', 'beli', 'token', 'listrik', 'isi', 'no', 'meter', 'manual', 'simpan', 'memori']	neutral
['sulit', 'verifikasi', 'wajah', 'salah', 'masuk', 'pin', 'kali', 'coba', 'gagal', 'bela', 'bain', 'salah', 'cabang', 'kantor', 'bni', 'csnya', 'serah', 'sekian', 'kali', 'ujicoba', 'paksa', 'uninstall', 'kecewa']	neutral
['sudah', 'mbangking', 'enggak', 'buka', 'sih', 'bingung', 'cek', 'transaksi', 'huh']	negative
['transaksi', 'va', 'salah', 'marketplace', 'pemberitahuan', 'notif', 'wondr', 'bukti', 'transaksi', 'gagal', 'uang', 'potong']	neutral
['aplikasi', 'pindah', 'kependudukanktp', 'update', 'ektp', 'kantor', 'bni', 'cabang', 'dekat', 'masuk', 'app', 'wondr', 'telepon', 'data', 'valid', 'rasuk', 'uwouh', 'uwouh', 'uwouh', 'wondr', 'data', 'identitas', 'diupdate', 'kancab', 'dekat', 'okesipmantap', 'mobile', 'sms', 'bankingnya', 'no', 'ribet', 'no', 'laper']	positive
['februari', 'usia', 'wondr', 'by', 'bni', 'tanya', 'menu', 'kalah', 'bni', 'mobile', 'banking', 'fitur', 'kembang', 'wondr', 'by', 'bni', 'mana', 'sd', 'fitur', 'ganti', 'pin', 'kakak', 'tambah', 'fitur', 'layan', 'ib', 'bni', 'fungsi', 'ib', 'bni', 'bni', 'mobile', 'banking', 'suntik', 'mati', 'menu', 'layan', 'wondr', 'by', 'bni', 'maksimal', 'minimal', 'sama', 'bni', 'mobile', 'banking']	neutral
['butuh', 'enggak', 'tampil', 'transfertransaksi', 'banyak', 'enggak', 'tunda', 'butuh', 'telanjur', 'uang', 'rekening', 'pula', 'buka', 'aplikasi', 'cek', 'saldo']	negative
['moga', 'manfaat', 'ribet', 'skor', 'bintang', 'susul', 'sempurna', 'harap', 'bintang', 'susut', 'bintang']	neutral
['mudah', 'operasi']	positive
['daftar', 'kali', 'tahap', 'scan', 'wajah', 'verivikasi', 'wajah', 'bilang', 'kendala', 'sitem', 'sistem', 'sibuk', 'memang', 'sibuk', 'jam', 'ulang', 'besok', 'saja', 'mau', 'siang', 'pagi', 'malam', 'sama', 'sistem', 'sibuk', 'vba', 'dari', 'kali', 'ulang', 'besok', 'enggak', 'solusi']	negative
['aplikasi', 'loading', 'ken', 'isi', 'token', 'listrik', 'fiturnya', 'pakai', 'plis', 'token', 'listrik', 'deh', 'habis', 'kemarin']	neutral
['mantap', 'keren', 'fitur', 'lengkap', 'mudah', 'nasabah', 'transaksi', 'apa', 'mana', 'serba', 'digital', 'enggak', 'bawa', 'kartu', 'mana', 'toko', 'umkm', 'payment', 'qris', 'wondr', 'sangan', 'fast', 'scan', 'qr', 'fitur', 'keren', 'mudah', 'tarik', 'tunai', 'uang', 'pakai', 'kartu', 'atm', 'apps', 'wondr', 'butuh', 'cash']	positive
['aplikasi', 'bagus', 'sistem', 'cepat']	positive
['tolong', 'kerjasamanya', 'buka', 'aplikasi', 'mbangking', 'buka', 'deh', 'update', 'terus']	neutral
['min', 'tolong', 'verifikasi', 'ktp', 'menu', 'ambil', 'gambar', 'galeri', 'isi', 'manual', 'bantu', 'hp', 'kendala', 'kamera', 'blur']	positive
['serius', 'wondr', 'hp', 'buka', 'kendala', 'tim', 'baik', 'yuk', 'coba', 'menyebalkan']	neutral
['tolong', 'kali', 'buka', 'aplikasi', 'loadingnya', 'banget', 'bikin', 'kesel', 'kalo', 'buru', 'jaring', 'bagus', 'aplikasi', 'bni', 'enggak', 'kayak', 'gin', 'buka', 'aplikasi', 'langsung', 'muncul', 'opsi', 'login', 'dll', 'aplikasi', 'lot', 'banget', 'fitur', 'sudah', 'bagus', 'tolong', 'tingkat', 'bagaimana', 'biar', 'loading', 'masuk', 'aplikasi', 'thx']	neutral
['mohon', 'tambah', 'fitur', 'ganti', 'nomor', 'telepon', 'aplikasi', 'wondr', 'by', 'bni', 'kantor', 'cabang', 'ganti', 'nomor', 'telepon']	neutral
['mateng', 'apps', 'memaksa', 'launching', 'bulan', 'kali', 'hari', 'full', 'enggak', 'aplikasi', 'mending', 'mbanking', 'kalo', 'tau']	negative
['apk', 'vertifikasi', 'wajah', 'jeda', 'tolong', 'baik', 'sudah', 'ikut', 'pandu', 'mas', 'kena']	negative
['verifikasi', 'video', 'call', 'video', 'lancar', 'koneksi', 'internet', 'stabil']	neutral
['teliti', 'cepat']	positive
['mantap', 'cepat', 'benar']	positive
['harap', 'top', 'up', 'e', 'wallet', 'enggak', 'batas', 'nominal', 'transaksi', 'hari', 'karena', 'butuh', 'orang', 'beda', 'beda']	neutral
['cakep', 'banget', 'deh', 'wondr', 'by', 'bni', 'tampil', 'user', 'friendly', 'banget', 'pokok', 'lengkap', 'praktis', 'fitur', 'life', 'goals']	positive
['transaksi', 'mudah', 'lancar', 'terimakasih']	positive
['kalo', 'tahap', 'kembang', 'sok', 'launching', 'norak', 'tarik', 'tunai', 'cardless', 'aplikasi', 'bni', 'mobile']	negative
['semenjak', 'baharu', 'susah', 'buka', 'apk', 'loadingnya', 'banget', 'jaring', 'bagus', 'apk', 'buka', 'cuman', 'wondr', 'by', 'bni', 'loadingnya', 'banget', 'bagus', 'dipakai', 'mudah', 'fleksibel', 'login', 'bayar', 'qris', 'baharu', 'kayak', 'gin', 'apk', 'susah', 'buka']	neutral
['bagus', 'penampilannyasangat', 'bantu', 'kelola', 'uang', 'aplikasi', 'cepatmantabs']	positive
['kali', 'menggunakannyaproses', 'daftar', 'mudah', 'cepat', 'prosesnyaaplikasinya', 'mudah', 'paham', 'gunakansemuanya', 'serba', 'praktis', 'aplikasihanya', 'menit', 'sayang', 'rekening', 'bni', 'aplikasi', 'wondr', 'inipatut', 'coba']	positive
['enak', 'sih', 'sebenarnya', 'cuma', 'login', 'hp', 'susah', 'ampun', 'login', 'kanntor', 'bni', 'telfon', 'enggak', 'solusi']	negative
['login', 'susah', 'verifikasi', 'wajah', 'kacau', 'suruh', 'kedip', 'mata', 'kedip', 'mata', 'ratus', 'kali', 'tetap', 'stuck', 'situ', 'coba', 'esok', 'hari', 'hahaha', 'bikin', 'aplikasi', 'benar', 'kelas', 'bank', 'bni', 'bikin', 'aplikasi', 'sempurna']	negative
['riwayat', 'saldo', 'muncul', 'mbanking', 'sebelumnyasusah', 'banget', 'hitung', 'ulang', 'saldo', 'berapahufft']	neutral
['aplikasi', 'sering', 'gagal', 'transaksibangke', 'doang', 'fitur', 'tarik', 'tunai', 'mending', 'aplikasi']	negative
['masuk', 'aplikasi', 'alias', 'lemoot']	neutral
['mudah', 'pakai', 'wonder']	positive
['aplikasi', 'hari', 'buka', 'solusi', 'bank']	negative
['cek', 'transaksi', 'cek', 'mutasi', 'rekening', 'lihat', 'saldo', 'pakai', 'tinggal']	neutral
['baik', 'bayar', 'bulan', 'terima', 'kasih', 'wondrr', 'by', 'bni']	positive
['menu', 'cek', 'mutasi', 'rekening', 'sedia', 'aplikasi', 'bni', 'mbanking', 'catat', 'pasu', 'keluar', 'aplikasi', 'catat', 'hitung', 'sisa', 'saldo', 'before', 'after', 'transaksi', 'monitor', 'nasabah', 'detil', 'hindar', 'risiko', 'salah', 'bank', 'izin', 'fitur', 'screenshot', 'perlu', 'evidence', 'bayar', 'tagih', 'pribadi', 'kantor', 'butuh', 'menu', 'transfer', 'ewallet', 'tapcash', 'dll']	neutral
['malam', 'update', 'wondr', 'enggak', 'buka', 'sudah', 'uninstall', 'enggak', 'ba', 'buka']	neutral
['banget', 'aplikasi', 'uang', 'kelas', 'be', 'en', 'i', 'kayak', 'miskin', 'kreatifitas', 'elegan', 'cenderung', 'kayak', 'apk', 'abal', 'abal', 'enggak', 'dari', 'ikon', 'apk', 'sampai', 'user', 'interface', 'dalem', 'miskin', 'ui', 'atur', 'aplikasi', 'enggak', 'aoa', 'dark', 'mode', 'team', 'itu', 'arau', 'provider', 'niat', 'enggak', 'bikin', 'apk', 'bagus', 'kelas', 'bni', 'bagus', 'aplikasi', 'bni', 'mobile', 'banking', 'merah', 'elegan', 'enggak', 'malu', 'maluin', 'hape', 'kalo', 'wonder']	negative
['saldo', 'bayar', 'cafe', 'resto', 'status', 'saldo', 'cukup', 'saldo']	negative
['susah', 'benar', 'aktifasi', 'aplikasi', 'inibolak', 'coba', 'gagal', 'gagal', 'kali', 'tunggu', 'besok', 'mencobaini', 'niat', 'enggak', 'sih', 'aplikasi']	negative
['sudah', 'beres', 'bugnya', 'verifikasi', 'face', 'id', 'gagal', 'ikut', 'saran', 'prosedur', 'terterasesuai', 'frame', 'fokus', 'camera', 'backlight', 'accessories', 'layar', 'cabang', 'cabang', 'dekat', 'customer', 'servicenya', 'bingung', 'verifikasi', 'data', 'sesuai', 'follow', 'up', 'itnya', 'saran', 'coba', 'sore', 'besok']	neutral
['susah', 'verifikasi', 'kembali', 'mobile', 'banking', 'sebelum', 'nasabah', 'pindah', 'baik', 'sistem', 'mudah', 'dalam', 'transaksi', 'verifikasi']	negative
['wonder', 'bagus', 'cepat', 'sayang', 'sedia', 'fitur', 'baca', 'terang', 'berita', 'pengirimanketerangan', 'kirim', 'kirim', 'orang', 'transfer', 'uang', 'mobile', 'banking', 'bni', 'bagus', 'riwayat', 'transaksi', 'baca', 'terang', 'diketikdikirim', 'orang', 'tolong', 'menu', 'tersebut']	neutral
['memuaskn', 'karena', 'buka', 'wondr', 'daftar']	positive
['tarik', 'tunai', 'kartu', 'ganti', 'aplikasi', 'mbanking', 'bni', 'paksa', 'enggak', 'buka', 'mbanking']	neutral
['tolong', 'sempurna', 'biar', 'ambil', 'kartu']	positive
['reset', 'password', 'onlineada', 'iya', 'bank']	negative
['aplikasi', 'bagus', 'notif', 'uang', 'masuk']	positive
['nih', 'buka', 'jam', 'jam', 'ngebug', 'tampil', 'login']	negative
['lengkap', 'simpel', 'cepat']	positive
['terimakasih', 'admin', 'dengar', 'keluh', 'kesah', 'nasabah', 'fitur', 'atm', 'mobile', 'ngambil', 'uang', 'atm', 'kartu', 'moga', 'depan', 'sukses', 'lancar']	positive
['ribet', 'susah', 'data', 'langsung', 'sinkron', 'mudah', 'kantor', 'cabang']	negative
['moga', 'depan']	positive
['bagus', 'fiturnya', 'keren', 'banget']	positive
['ribet', 'sudah', 'sama', 'banking', 'menambah', 'aplikasi', 'segalabikin', 'password', 'ribet', 'enak', 'langsung', 'sama', 'bankingmau', 'beli', 'pulsa', 'lupa', 'pasword', 'rekam', 'wajah', 'sulit', 'pokok', 'enak', 'langsung', 'sama', 'banking']	negative
['enggak jelas', 'verifikasi', 'sudah', 'memasuki', 'kode', 'benar', 'coba', 'kali', 'kali', 'salah', 'coba', 'esok', 'bintang', 'ubah', 'sudah', 'verifikasi']	negative
['setor', 'tunai', 'tarik', 'tunai', 'belum', 'menu', 'wondr', 'tolong', 'lengkap', 'bantu', 'lupa', 'bawa', 'kartu', 'atm']	positive
['apk', 'mbaking', 'gin', 'kedip', 'mata', 'susah', 'bangetamit']	negative
['eror', 'transaksi', 'jam', 'gagal', 'buka', 'refrensi', 'usaha', 'gue', 'malas', 'benar', 'memakai', 'bni']	neutral
['aplikasi', 'bantu']	positive
['ribet', 'bayar', 'harus', 'bagi', 'bni', 'mbanking', 'wondr', 'jadi', 'biar', 'mudah', 'costomer', 'terima', 'kasih']	neutral
['sulit', 'nyaman', 'data', 'simpan', 'mbanking', 'otomatis', 'masuk', 'wondr']	positive
['beli', 'pulsa', 'apk', 'saldo', 'kurang', 'transaksi', 'gagal', 'saldo', 'enggak', 'bagaimana']	negative
['update', 'bisa', 'log', 'ini', 'suruh', 'mati', 'aksesibilitas', 'log', 'ini', 'lancar']	negative
['aplikasi', 'wondr', 'bni', 'mudah', 'sulit', 'lupa', 'pin', 'rekening', 'alih', 'bni', 'mobile', 'wondr', 'bni', 'otomatis', 'ganti', 'pin', 'dengan', 'buka', 'rekening', 'dengan', 'pin', 'dengan', 'kantor', 'cabang', 'karena', 'alami', 'kendala', 'lupa', 'pin', 'rekening', 'bni', 'mobile', 'kali', 'lapor', 'bni', 'call', 'solusi', 'mohon', 'bantu', 'bintang', 'muas', 'full', 'bintang']	negative
['bantu', 'dalam', 'transaksi']	positive
['oke', 'cepat']	positive
['transaksi', 'parik', 'diskon']	neutral
['kasih', 'bintang', 'masuk', 'notif', 'menerima', 'gaji', 'tolong', 'baik', 'notifnya', 'guna', 'aplikasi', 'tau', 'tf', 'masuk']	neutral
['enggak jelas', 'aplikasi', 'masuk', 'no', 'hp', 'foto', 'ktp', 'vermuk', 'login', 'pindah', 'mobile', 'mbanking', 'bni', 'simple', 'loginnya']	negative
['transaksi', 'ewallet', 'limit', 'aplikasi', 'bni', 'mobile', 'enggak', 'limit']	positive
['kalau', 'sudah', 'masuk', 'akses', 'tolong', 'loging', 'langsung', 'kalisidik', 'jari', 'kayak', 'bni', 'bengking', 'masak', 'iya', 'buka', 'wonder', 'masuk', 'sandi', 'kadang', 'lupa']	neutral
['daftar', 'login', 'log', 'out', 'masuk', 'proses', 'daftar', 'butuh', 'interface', 'bagus', 'butuh', 'fungsi', 'aplikasi', 'pakai', 'bni', 'mobile']	negative
['aplikasi', 'bagus', 'transaksi', 'transaksi', 'transaksi', 'aplikasi', 'wondrklo', 'apk', 'bni', 'transaksi', 'tampil', 'aplikasi', 'transaksi', 'download', 'trimakasi', 'moga', 'ada', 'baik']	neutral
['kesel', 'aplikasi', 'daftar', 'nelpon', 'agen', 'wonder', 'aplikasi', 'selesai', 'masuk', 'aplikasi', 'eehh', 'aplikasi', 'buka', 'kok', 'daftar', 'keyak', 'daftar', 'coba', 'daftar', 'bagaimana', 'daftar', 'tolong', 'baik']	neutral
['fitur', 'setor', 'tunai', 'wonder', 'aplikasi', 'setor', 'tunai', 'bumn', 'kalah', 'swasta']	negative
['bagaimana', 'enggak', 'transaksi', 'baik', 'mulu', 'sudah', 'baik', 'coba']	neutral
['keren', 'mudah']	positive
['cepat', 'nyaman', 'transaksi']	positive
['bantu']	positive
['tau', 'save', 'norek', 'menambah', 'norek', 'tuju']	neutral
['fiturnya', 'tarik', 'lengkap', 'mudah', 'tolong', 'ditambahin', 'fitur', 'tarik', 'tunaicardless', 'atm', 'bank', 'sudah', 'oke', 'banget', 'terimakasih', 'bni']	positive
['bagus', 'banget', 'fitur', 'top', 'lengkap']	positive
['aplikasi', 'payah', 'verifikasi', 'email', 'email', 'verifikasi', 'masuk', 'verifikasi', 'habis', 'kocak', 'cek', 'performa', 'hp', 'jalan', 'baik', 'layan', 'kayak', 'becus', 'kasih', 'layan']	negative
['setor', 'tunai', 'kartu']	neutral
['beli', 'token', 'listrik', 'transaksi', 'ulang', 'kali', 'tulis', 'transaksi', 'gagal', 'nomor', 'pin', 'masuk', 'coba', 'saran', 'developer', 'hasil', 'aplikaisnya', 'guna']	negative
['tarik', 'tunai', 'mantab']	positive
['coba', 'baik', 'kirim', 'va', 'diarahin', 'ewallet', 'bagaimana', 'sih']	neutral
['cepat', 'mudah', 'nyaman']	positive
['halo', 'kartu', 'kredit', 'bni', 'visa', 'tanggal', 'aplikasi', 'antar', 'kurir', 'tolong', 'baru']	positive
['tampil', 'tarik', 'aplikasi', 'sayang', 'fitur', 'tarik', 'tunai', 'kartu', 'mobile', 'bni', 'mohon', 'timbang', 'fitur', 'akses', 'via', 'wondr']	neutral
['oke', 'aplikasi', 'buka', 'error', 'terima', 'kasih', 'bni']	positive
['mudah', 'aman']	positive
['aplikasi', 'bagus', 'fitur', 'bagussimpel', 'kurang', 'riwayat', 'transaksi', 'enggak', 'langsung', 'muncul', 'habis', 'transaksi', 'menunggu', 'jam', 'muncul', 'tolong', 'baik']	neutral
['sagat', 'bagus', 'mudah']	positive
['aplikasi', 'bagaimana', 'jam', 'malam', 'gagal', 'pagi', 'tolong', 'baik', 'min']	negative
['bintang', 'dulu', 'suka', 'ganggu', 'kalo', 'malam']	neutral
['enggak bisa', 'masuk', 'apk', 'maintenance', 'mencoba', 'sampai', 'kali', 'sampai', 'block', 'jam', 'padahal', 'telat', 'kirim', 'otp', 'bninya']	negative
['aplikasi', 'mudah', 'digunakankeren']	positive
['transaksi', 'transfer', 'bagus', 'kendala', 'beli', 'paket', 'data', 'sesuai', 'keter', 'beli', 'paket', 'data', 'gb', 'masuk', 'gb', 'masuk', 'gb', 'transaksi', 'aplikasi', 'langsung', 'error']	negative
['bantu', 'pajak', 'gede', 'bulan']	neutral
['wondr', 'by', 'bni', 'mudah', 'transaksi', 'uang', 'terima', 'kasih', 'wondr', 'by', 'bni']	positive
['aplikasi', 'bagus', 'ngebug', 'eror', 'baik']	neutral
['mudah', 'belanja', 'tinggal', 'bayar', 'pakai', 'qris', 'langkah', 'mudah', 'cepat', 'milik', 'fiturfitur', 'lengkap']	positive
['luncurin', 'aplikasi', 'lancarmasih', 'kendala', 'mending', 'benah', 'rilis', 'donloadnya', 'maksa', 'tampil', 'aplikasi', 'donwload', 'verifikasi', 'wajah', 'gagal', 'arah', 'ikut']	negative
['terimakasih', 'responnya', 'cepat', 'min', 'masalah', 'device', 'device', 'masuk', 'data', 'ktp', 'langsung', 'password', 'no', 'rek', 'begitu', 'kayak', 'daftar', 'ulang', 'wondrnya', 'tanggap', 'ktp', 'baru']	neutral
['kasihan', 'bniaplikasi', 'jadi', 'nasabah', 'kecewa', 'pakai', 'bni', 'mobile', 'banking', 'lancar', 'jaya', 'suruh', 'pakai', 'aplikasi', 'wonder', 'aktifasinya', 'sulit', 'diaktifasi', 'bank', 'sudah', 'kali', 'salah', 'diaktifasi', 'mandiri', 'ganggu', 'jaring', 'aplikasi', 'nasabah', 'bahan', 'timbang', 'jaza', 'layan', 'bank', 'registrasi', 'mandiri', 'cabang', 'bni', 'suruh', 'besok']	negative
['memudahkn', 'transaksi', 'depa']	positive
['mudah']	positive
['kali', 'otp', 'sms', 'wa', 'susah', 'banget', 'jaring', 'lancar']	neutral
['transaksi', 'mudah', 'cepat']	neutral
['mantap', 'cepat', 'keren']	positive
['kalo', 'lupa', 'otp', 'kali']	negative
['wonder', 'mesti', 'enggak', 'transaksi', 'apa']	negative
['pakai', 'finger', 'print']	neutral
['guna', 'praktis', 'mudah']	positive
['ribet', 'deh', 'coba', 'wondr', 'bikin', 'fitur', 'masuk', 'no', 'wa', 'daftar', 'hp', 'kamera', 'hp', 'buram', 'ambil', 'foto', 'ktp', 'login', 'dengan', 'hp', 'dengan', 'no', 'wa', 'daftar', 'wondr', 'hasil', 'ambil', 'foto', 'ktp']	neutral
['update', 'proses', 'login', 'wonder', 'bni', 'banking', 'tulis', 'kendala', 'sudah', 'hari', 'enggak', 'buka', 'wonder', 'bni']	neutral
['mudah', 'simple']	positive
['wondr', 'baik', 'bingung', 'bayar', 'trans', 'padang', 'pakai', 'qr', 'baik', 'pemberitahuan', 'kalo', 'baik', 'diberitahu', 'pemberitahuannya', 'prepare', 'bawa', 'kartu', 'bagaimana']	neutral
['keren', 'banget', 'tampil', 'warna', 'wondr', 'eye', 'catching', 'suka', 'transaksi', 'qris', 'cepat', 'mudah', 'langkah', 'aktivasinya', 'mudah', 'kantor', 'foto', 'ktp', 'verifikasi', 'wajah']	positive
['banyak', 'fitur', 'bni', 'mobile', 'adakan', 'cepat', 'pindahin', 'fitur']	neutral
['mudah', 'pakai', 'cangih']	positive
['alhamdulillah', 'sekarang', 'lancar']	positive
['mudah', 'transaksi', 'apa']	positive
['layan']	positive
['jenis', 'rekening', 'tapma', 'kipk', 'fitur', 'mobile', 'tunai', 'gagal', 'kendala', 'pembutan', 'kode', 'tarik', 'mobile', 'tunai', 'tulis', 'kode', 'tarik', 'tunai', 'hasil', 'jelas', 'developer']	negative
['kasih', 'bintang', 'karena', 'belum', 'masuk', 'apk', 'masuk', 'baik', 'sudah', 'berapa', 'minggu', 'coba', 'saja', 'baik', 'apk']	negative
['update', 'bni', 'wondr', 'by', 'bni', 'tampil', 'bagus', 'mudah', 'warna', 'apik', 'layar', 'resolusi', 'rendah', 'coba', 'baik', 'pilih', 'warna']	positive
['bug', 'force', 'close', 'smartphone', 'adoptable', 'storagetolong', 'fungsi', 'external', 'storagenya']	neutral
['kadang', 'aplikasi', 'buka', 'stuck', 'logo', 'ajapadahal', 'sinyal', 'bagus', 'kuota', 'paket', 'sudah', 'hapus', 'cache', 'tetap', 'mentok', 'logo', 'wondr', 'login']	positive
['tolong', 'bni', 'transaksi', 'beli', 'bayar', 'pulsa', 'masuk', 'error', 'tau', 'tlong', 'baik', 'pembeliannyaa', 'masuk']	neutral
['kali', 'masuk', 'aplikasi', 'tanda', 'loading', 'aplikasi', 'banget', 'buka', 'susah', 'andal', 'urgnt', 'tolong', 'tindaklanjuti', 'min']	negative
['mudah', 'transaksi']	positive
['stuck', 'logo', 'bni', 'sudah', 'paket', 'internet', 'tolong', 'baik', 'kemarin', 'mudik', 'enggak', 'menarik', 'uang', 'gara', 'gara', 'eror', 'cek', 'play', 'store', 'masalah', 'enggak', 'rootjail', 'brik', 'device', 'sudah', 'coba', 'login', 'pakai', 'internet', 'mentok', 'logo', 'bni', 'saja', 'saja', 'saja', 'baca', 'permasalahanulasan', 'langsung', 'komen', 'pasti', 'root', 'begitu', 'harap', 'tunjuk']	positive
['aplikasi', 'bagus', 'kini', 'menu', 'simpel', 'sita', 'pakai', 'aplikasi']	positive
['praktis', 'banget', 'bayar', 'aplikasi', 'cocok', 'banget', 'malas', 'bawa', 'cash', 'ribett']	positive
['aktifin', 'cepat', 'proses', 'uras', 'sabar', 'buka', 'aplikasi', 'butuh', 'jam', 'jam', 'bagaimana', 'kalo', 'transaksi', 'situasi', 'darurat']	neutral
['lihat', 'bni', 'poin', 'bni', 'reward', 'poin', 'menu', 'kartu', 'kredit', 'tambah', 'notifikasi', 'dana', 'masuk']	neutral
['riwayat', 'transaksi', 'bagus', 'kemarin', 'aplikasi', 'terap', 'kes', 'paksa']	negative
['wondr', 'by', 'bni', 'ganggu', 'dari', 'pagi', 'sampai', 'sekarang', 'sudah', 'update', 'versi', 'baru', 'gara', 'ganggu', 'bisnis', 'gue', 'mogok', 'kagak', 'transaksi']	negative
['pakai', 'aplikasi', 'nyapokonya', 'bagus']	positive
['aplikasi', 'bantu', 'tampil', 'sederhana', 'fungsional', 'cocok', 'kalang', 'moga', 'depan', 'tambah', 'fitur', 'tarik', 'tarik', 'tunai', 'kartu', 'jaya', 'bni']	positive
['neng', 'pakai', 'wondr', 'aplikasi', 'enggak', 'ribet', 'gampang', 'aktivasinya', 'transaksi', 'simpel', 'wondr', 'mantap']	positive
['enggak', 'ngaruh', 'saldo', 'ribu', 'tetap', 'error', 'bilang', 'kendala', 'mulu', 'pindahin', 'saldo', 'ewallet', 'memang', 'aplikasi', 'enggak', 'mutu']	negative
['aplikasi', 'wondr', 'format', 'paswordnya', 'sama', 'aplikasi', 'bni', 'hafal', 'pasword', 'sudah', 'kali', 'ting', 'ulang', 'paswordnya', 'wondr', 'pakai', 'aplikasi', 'bni']	neutral
['kak', 'mohon', 'aplikasi', 'menu', 'setor', 'tunai', 'tarik', 'tunai', 'kak']	neutral
['apk', 'buruk', 'akun', 'dipindahin', 'hp', 'registrasi', 'data', 'ujung', 'suruh', 'update', 'data', 'diupdate', 'data', 'akun', 'kocak', 'nih', 'apk', 'tim', 'depelop', 'lulus', 'sd', 'kah', 'halo', 'eror', 'kerja', 'sih', 'cs', 'online', 'guna', 'batu', 'kendala', 'cuman', 'salam', 'dll', 'orang', 'boot']	negative
['mohon', 'baik', 'khusus', 'nasabah', 'kurang', 'panca', 'indera', 'salah', 'mata', 'normal', 'verifikasi', 'wajah', 'harus', 'kedip', 'mata', 'gagal', 'terima', 'kasih']	positive
['bagus', 'top', 'up', 'ewallet', 'nominal', 'batas', 'menu', 'tarik', 'tunai', 'kartu']	neutral
['transaksi', 'notifikasi', 'aktif', 'semuasetiap', 'transfer', 'masuk', 'notifikasi', 'email', 'verifikasi', 'email', 'masukpayah', 'sekalisudah', 'diupgrade', 'notifikasi']	negative
['kadang', 'susah', 'akses']	neutral
['bagus', 'banget', 'bantu']	positive
['wonder', 'suka', 'kena', 'dbug', 'buka']	positive
['aplikasi', 'wondr', 'bantu', 'fitur', 'lengkap', 'transfer', 'bni', 'bank', 'tinggal', 'klik', 'belanja', 'online', 'bayar', 'tinggal', 'klik', 'trf', 'virtual', 'account', 'isi', 'pulsa', 'toko', 'atm', 'rumah', 'pakai', 'wondr', 'belanja', 'supermarket', 'tinggal', 'klik', 'qris', 'selesai', 'buka', 'tabung', 'repot', 'kantor', 'bni', 'antri', 'lho', 'fitur', 'apl', 'wondr', 'by', 'bni', 'lengkap', 'pokoknyaa', 'bantu', 'sih']	positive
['aplikasi', 'kayak', 'matang', 'registrasi', 'gagal', 'verifikasi', 'wajah', 'tolong', 'benah', 'sulit', 'butuh', 'e', 'banking', 'lihat', 'transaksi', 'masuk']	negative
['wondr', 'ganggu', 'sih', 'bisa', 'login', 'bni', 'mobile', 'istri', 'aman', 'aman', 'susah', 'transaksi']	negative
['kode', 'otpsudah', 'masuk', 'data', 'ktp', 'masuk', 'no', 'debit', 'keterangankamu', 'penuh', 'kriteria', 'pakai', 'wondrmohon', 'solusi', 'terima kasih']	neutral
['hai', 'developer', 'winderkenapa', 'sistem', 'wonder', 'masalah', 'jaring', 'bagussngx', 'masalah', 'tolong', 'baik', 'cepat']	neutral
['verifikasi', 'wajah', 'gagal', 'besok', 'besok', 'coba', 'besok', 'alternatif', 'rekening', 'kasih', 'orang', 'tua', 'gaptek', 'nasabah']	negative
['bintang', 'deskripsi', 'transaksi', 'minim', 'mundur', 'versi', 'bni', 'mobile', 'banking', 'rincian', 'transaksi', 'masuk', 'mohon', 'developer', 'ubah', 'feature', 'rincian', 'transaksi', 'enggak', 'sumber', 'kas', 'masuk', 'uang', 'masuk', 'deskripsi', 'perlu', 'sumber', 'repot', 'bertanya', 'transfer', 'uang', 'uang', 'transaksi']	neutral
['deh', 'pakai', 'wondr', 'bni', 'ganti', 'hp', 'hp', 'masuk', 'gagal', 'terang', 'masuk', 'kreteria', 'wondr', 'begitu', 'deh', 'berapa', 'kali', 'coba', 'tetap', 'gagal', 'solusi']	neutral
['bantu', 'mudah', 'transaksi']	positive
['susah', 'tranfer', 'dana', 'sudah', 'coba', 'menu', 'ewallet', 'mencoba', 'virtual', 'acoun', 'tetap', 'kayak', 'mbanking', 'bank']	negative
['bagus', 'bni', 'mobile', 'bangking', 'karena', 'riwayat', 'transaksi', 'lengkapketerangan', 'bisa', 'baca', 'transaksi', 'masuk', 'saldo', 'mengecek', 'mudah', 'wonder', 'terang', 'traksasi', 'minimal']	neutral
['cocok', 'transaksi', 'terimakasih', 'wondr', 'bni']	positive
['mudah', 'akses']	positive
['bintang', 'lewat', 'verifikasi', 'email', 'eror', 'memasuki', 'kode', 'otp', 'akun', 'lewat', 'verifikasi', 'email']	neutral
['baik', 'transfer', 'uang', 'enggak', 'nomor', 'rekening', 'baik', 'kalau', 'aplikasi', 'baik', 'wajar', 'keluarga', 'transfer', 'uang', 'kendala', 'nomor', 'rekening', 'baik', 'mohon', 'jelas']	neutral
['pakai', 'wondr', 'beberapa', 'error', 'muncul', 'pesan', 'kendala', 'tim', 'baik', 'sila', 'coba', 'coba', 'beberapa', 'kali', 'baik', 'kembang', 'ganggu', 'nyaman', 'nasabah', 'download', 'versi', 'orange', 'tempat', 'menu', 'cepatapa']	neutral
['apk', 'bagus', 'dikit', 'sistem', 'eror', 'apa', 'rusak', 'saat', 'butuh', 'tolong', 'baik', 'biar', 'enggak', 'eror', 'truslebih', 'bagus', 'mengunakan', 'mobile', 'banking', 'apa', 'wonder', 'nih']	negative
['sih', 'mudah', 'aplikasi', 'potong', 'adminnya']	neutral
['mantab', 'indak', 'ganggu']	positive
['aplikasi', 'bantu', 'mudah', 'guna', 'mana', 'fiturnya', 'mudah', 'akses', 'mudah', 'transaksi']	positive
['bni', 'ribet', 'hapus', 'aplikasi', 'ribet', 'bagus', 'ferikasi', 'wajah', 'deh', 'minggu', 'coba', 'besokpdahal', 'deh', 'sesuai', 'tunjuk', 'coba', 'nasabah', 'itu', 'gampangkalau', 'enggak', 'gaji', 'pt', 'enggak', 'bkalan', 'pakai', 'bni', 'parah']	negative
['user', 'interface', 'dati', 'bni', 'mobile', 'banking', 'fiturnya', 'lengkap', 'lengkap', 'bni', 'mobile', 'banking', 'aju', 'tukar', 'kartu', 'bni', 'mobile', 'banking']	neutral
['nama', 'transfer', 'simpan']	negative
['layan', 'muas']	positive
['bagustapi', 'tolong', 'ganggu', 'sangat', 'menggangu', 'transaksijadi', 'kendala']	positive
['wonder', 'bni', 'aplikasi', 'mobile', 'banking', 'bni', 'tampil', 'modern', 'fitur', 'lengkap', 'transfer', 'bayar', 'kelola', 'tabung', 'aman', 'jamin', 'biometrik', 'otp', 'ukur', 'aplikasi', 'ruang', 'simpan', 'cocok', 'layan', 'bni', 'serba', 'digital']	positive
['fitur', 'mbangking', 'wonder']	positive
['baik', 'huhuhuhu']	negative
['aplikasi', 'bug', 'susah', 'masalah', 'error', 'sangat', 'andal']	negative
['tf', 'enggak bisa', 'kemarin', 'dapat', 'pemberitahuan', 'kembang']	negative
['puasdan', 'lambang', 'pengembangannyamasak', 'tinggal', 'bank', 'biru', 'sebalahstor', 'tunai', 'tarik', 'tunai', 'adaklo', 'kurang', 'fitur', 'jaman', 'sekarang', 'digital', 'sudah', 'kental', 'menjadi', 'butuh', 'mentalsya', 'naik', 'ratingnya', 'sudah', 'baik', 'fiturnya']	neutral
['mudah', 'praktis', 'cepat', 'aman']	positive
['aplikasi', 'wondr', 'by', 'bni', 'eror', 'enggak', 'buka', 'kakini', 'bagaimana', 'solusi']	neutral
['nomor', 'tuju', 'transfer', 'e', 'wallet', 'otomatis', 'simpan', 'ya', 'isi', 'shopeepay', 'batas', 'maksimal', 'juta', 'seharitidak', 'aplikasi', 'lamalebih', 'enak', 'aplikasi']	neutral
['suruh', 'verifikasi', 'email', 'email', 'memasuki', 'otp', 'ber', 'kalikali', 'blang', 'salah', 'baik']	negative
['kali', 'stuck', 'logo', 'bni', 'wonder', 'buka', 'krusial', 'bayar', 'pakai', 'qris', 'ui', 'ux', 'bagus', 'jelek', 'performa', 'aplikasi', 'bye', 'bye', 'bni', 'pindah', 'pakai', 'brimo', 'minimal', 'ganguan', 'barusan', 'puncak', 'amarah', 'bayar', 'makan', 'merah', 'muka', 'inti', 'bni', 'handal']	negative
['hemat', 'praktis', 'ribet']	positive
['detail', 'uang', 'masuk', 'bni', 'mobile']	neutral
['saldo', 'riwayat', 'transaksi']	negative
['bagus', 'rekomendasi', 'aplikasi', 'wondr', 'bni']	positive
['saldo', 'endap', 'ribu', 'sudah', 'begitu', 'app', 'habis', 'download', 'masuk', 'verifikasi', 'data', 'muka', 'scan', 'ktp', 'isi', 'nomor', 'memasuki', 'nomor', 'kartu', 'debit', 'ribet', 'padahal', 'sudah', 'akun']	negative
['aplikasi', 'bagus', 'tolong', 'mutasi', 'riwayat', 'kasih', 'bni', 'mbanking', 'lengkap', 'debet', 'kredit', 'saldo', 'save', 'simpan', 'nomer', 'rekening', 'sisip', 'tanda', 'dll']	neutral
['turut', 'belum', 'baguslebih', 'bagus', 'dulumau', 'transfer', 'dana', 'jta', 'bagaimana', 'cobalimit', 'jta', 'itu', 'cuma', 'bisa', 'transfer', 'repot']	positive
['kemarin', 'malam', 'bni', 'mobile', 'banking', 'akses', 'siang', 'baru', 'transaksi', 'token', 'pln', 'arah', 'wondr', 'install', 'wondr', 'sudah', 'laksana', 'sesuai', 'arah', 'gilir', 'telpon', 'agen', 'sampai', 'menit', 'angkat', 'progress', 'install', 'bisa', 'lanjut', 'sia', 'sia', 'buang', 'mudah', 'daftar', 'cs', 'bank', 'beuh', 'antri', 'mau', 'sih', 'bni', 'app', 'belum', 'paksa', 'customernya', 'alih', 'app', 'kecewa']	negative
['aplikasi', 'bagus', 'keren', 'full', 'colour', 'lengkap', 'bayar', 'qris', 'cepat', 'rekap', 'uang', 'top']	positive
['beli', 'token', 'simple', 'mudah', 'adminnya', 'sampai']	positive
['sinyal', 'delay']	positive
['minggu', 'up', 'aplikasi', 'wondr', 'bni', 'sudah', 'baik', 'sistem', 'sudah', 'sih', 'cache', 'pakai', 'jringan', 'internet', 'hp', 'wifi', 'buka', 'kala', 'samatlong', 'sgera', 'benah', 'kalo', 'bolak', 'mengurus', 'bank', 'ribet']	negative
['pakai', 'sudah', 'logout', 'login', 'enggak', 'rua', 'terang', 'sesi']	neutral
['tf', 'rekening', 'kok', 'apk', 'kenapa', 'ya']	neutral
['error', 'padahal', 'transaksi', 'tf', 'qriss', 'coba', 'download', 'ulang', 'menyushkan', 'aplikasi', 'riba', 'eror', 'padahal', 'sudah', 'transaksi', 'mohon', 'bantu', 'upgrade', 'biar', 'nyaman', 'dengan', 'aplikasi', 'nyaterima', 'kasih']	neutral
['aplikasi', 'buruk', 'limit', 'transfer', 'susah', 'transaksi', 'mending', 'aplikasi', 'aplikasi', 'mateng', 'sudah', 'dikeluarin']	negative
['kali', 'foto', 'ktp', 'warning', 'sudah', 'coba', 'verifikasi', 'kartu']	negative
['aplikasi', 'ccd', 'verif', 'wajah', 'gagal', 'terang', 'sesuai', 'arah', 'gagal', 'ngambil', 'gambar', 'tulis', 'koneksi', 'putus', 'sinyal', 'aman']	negative
['susah', 'loginpake', 'wifi', 'kendala', 'mending', 'pakai', 'bni', 'mobile']	neutral
['update', 'wonder', 'transfer', 'saldo', 'ganggu', 'baik', 'baca', 'komentar', 'update', 'buruk']	negative
['wonder', 'sekarang', 'suka', 'hati', 'saja', 'baik', 'mbanking', 'baik', 'mlmskrg', 'wonder', 'baik', 'suka', 'hati', 'saja']	negative
['suka', 'apk', 'ya', 'mmuaskan', 'lebih', 'nyaman', 'pakai', 'bni', 'mobile', 'password', 'loginnya', 'gilir', 'tf', 'salah', 'pin', 'ya', 'sudah', 'ganti', 'pin', 'login', 'ulang', 'malah', 'salahpdhl', 'sudah', 'benermembagongkan']	neutral
['sih', 'saldo', 'ribu', 'tf', 'ribu', 'mobile', 'banking', 'bni', 'aplikasi', 'wonder', 'muas', 'bulan', 'potong', 'tau', 'potong']	negative
['the', 'best', 'banget', 'apl']	positive
['malam', 'ganggu', 'mulu', 'buka', 'nongol', 'fitur', 'sedia']	neutral
['aplikasi', 'jelek', 'sih', 'sudah', 'update', 'susah', 'login', 'login', 'lelet', 'lagi', 'ah']	negative
['login', 'sangka', 'daftar', 'sudah', 'kali', 'otp', 'begitu', 'begitu', 'kecewa']	negative
['mudah', 'percaya']	positive
['tolong', 'tingkat', 'layan', 'bayar', 'air', 'bni', 'mobile', 'banking', 'layan', 'server', 'pdam', 'kab', 'madiun', 'wondr', 'sedia', 'bantu', 'save', 'recent', 'payment', 'biar', 'input', 'ulang', 'ulang', 'token', 'listrik', 'bayar', 'air', 'terimakasih']	neutral
['aplikasi', 'bagus', 'modern', 'fitur', 'dark', 'mode', 'sedia', 'tabung', 'digital', 'memanagemen', 'uang', 'integrasi', 'nfc', 'mudah', 'bayar']	neutral
['aplikasi', 'sampah', 'butuh', 'desak', 'fitur', 'mobile', 'banking', 'layan', 'tellernya', 'bantu', 'bintang', 'contoh', 'fitur', 'jelek', 'histori', 'uang', 'masuk', 'sedetil', 'aplikasi', 'uang', 'masuk', 'lengkap', 'terang', 'uang', 'aplikasi', 'wonder', 'transaksi', 'setor', 'tunai', 'kartu', 'teller', 'arah', 'mesin', 'atm', 'setor', 'juta', 'sangat', 'solutif']	negative
['app', 'bagus', 'menu', 'tari', 'setor', 'kartu', 'ya', 'sayang', 'sih', 'app', 'tariksetor', 'kartu', 'potong', 'pulsa']	negative
['aplikasi', 'simple', 'guna', 'lot']	positive
['menu', 'wondr', 'pilih', 'tarik', 'tunai', 'kartu', 'setor', 'tunai', 'kartu', 'suka', 'tarik', 'tunai', 'kartu', 'setor', 'tunai', 'kartu', 'mbanking', 'bni', 'kembang', 'sudahsudah']	neutral
['apk', 'jos', 'delay']	neutral
['transfer', 'cepattapi', 'kirim', 'bank', 'terima', 'negeri', 'maksimal', 'alternatif', 'cepat', 'selesai', 'masalahbukan', 'menambah', 'keren', 'tampil', 'keren', 'kerja', 'tolong', 'please', 'wondr', 'sudah']	negative
['transaksi', 'gagal', 'heran', 'terang', 'gagal', 'uang', 'kurang', 'seperti', 'tolong', 'baik', 'cepat']	negative
['bagus', 'bni', 'mobile', 'bangking', 'karena', 'riwayat', 'transaksi', 'lengkapketerangan', 'bisa', 'baca', 'transaksi', 'masuk', 'saldo', 'mengecek', 'mudah', 'wonder', 'terang', 'traksasi', 'minimal']	neutral
['mudah', 'pakai', 'menu', 'cicil', 'kartu', 'kredit', 'sesuai', 'harap', 'cicil', 'transaksi', 'total', 'cicil', 'karena', 'transaksi', 'bikin', 'cicil']	positive
['hapus', 'sajaaplikasi', 'parah', 'loading']	negative
['bantu', 'mudah', 'aplikasi', 'terimakasih']	positive
['aplikasi', 'jelek', 'instal', 'langsung', 'hapus', 'ruwet', 'foto', 'wajah', 'gagal', 'memang', 'jelek', 'servernya', 'kayak', 'ajar', 'programing', 'profesional']	negative
['bni', 'mobile', 'banking', 'rada', 'ribet', 'kayak', 'mobile', 'banking', 'bank', 'mndr', 'simple', 'pin', 'transaksi', 'digit', 'alfabet', 'tarik', 'tunai', 'kartu', 'delete', 'bni', 'mobile', 'banking', 'download', 'gara', 'ganggu', 'masuk', 'log', 'ini', 'bilang', 'ganggu', 'kaya', 'bni', 'review', 'vendor', 'develop', 'wondr', 'karena', 'ratingnya', 'sudah', 'doang', 'banding', 'bank', 'atas', 'cepat', 'baik', 'saran']	negative
['transaksi', 'bayar', 'gagal', 'apk']	negative
['mudah', 'transaksi']	positive
['mantap', 'sistem', 'cepat', 'canggih']	positive
['bisak', 'tarik', 'tunai', 'aplikasi', 'kartu', 'tinggal', 'fitur', 'kalah', 'bni', 'mobile']	negative
['sumpah', 'ih', 'suka', 'banget', 'aplikasi', 'wondr', 'by', 'bni', 'aktivasi', 'cepat', 'tampil', 'keren', 'nyaman', 'pakai', 'transaksi', 'lancar', 'jaya']	positive
['wondr', 'full', 'fitur', 'transfer', 'jadwal', 'mudah', 'tampil', 'mutasi', 'simpel']	positive
['mudah', 'transaksi', 'wondr', 'by', 'bni']	positive
['aplikasi', 'wondr', 'manfaat', 'mudah', 'operasional']	positive
['sudah', 'login', 'enggak', 'sampai', 'suruh', 'login', 'ulangktp', 'sama', 'foto', 'selfi', 'pintabikin', 'takut', 'entar', 'bocor', 'informasi', 'pribadi', 'enggak', 'menyarankan', 'apk']	negative
['verifikasi', 'email', 'kemarin', 'verifikasi', 'kali', 'gagal', 'coba', 'gagal', 'terang', 'kirim', 'kode', 'otp', 'cs', 'suruh', 'menunggu', 'coba', 'verifikasi', 'aplikasi', 'wondr', 'by', 'bni', 'tolong', 'bantu', 'terima', 'kasih']	neutral
['sebenarnya', 'bagus', 'detik', 'always', 'ada', 'baik', 'kalau', 'tf', 'dadak', 'bagaimana', 'coba', 'pakai', 'sekarang', 'alami', 'tf', 'ada', 'baik']	negative
['tingkat', 'layan']	positive
['ngeblank', 'nyaman', 'pakai', 'bni', 'mobile', 'banking', 'bolak', 'wonders', 'ribet', 'bayar', 'tagih', 'listrik', 'susah', 'aplikasi', 'ngeblank']	neutral
['fitur', 'banding', 'mbanking', 'bni', 'minus', 'fitur', 'qris', 'kali', 'laku', 'transaksi', 'tunda', 'mbanking', 'bni', 'langsung', 'sukses', 'mending', 'tahan', 'aplikasi', 'mobile', 'banking', 'bni', 'aplikasi', 'wondr']	negative
['tingkat']	positive
['suka', 'desain', 'aplikasi', 'warna', 'anak', 'muda', 'banget', 'hahaha']	positive
['mudah', 'aman', 'praktis']	positive
['mudah', 'untung', 'dapat', 'biaya', 'admin', 'murah', 'pokok', 'the', 'best', 'banget', 'pakai', 'wonder', 'by', 'bni']	positive
['integrasi', 'dplk', 'simfoni']	positive
['kartu', 'aktif', 'coba', 'aktif', 'fitur', 'sedia', 'tombol', 'aktif', 'kartu', 'dorman', 'aplikasi', 'klik', 'layan', 'sedia', 'mohon', 'baik']	neutral
['gampang', 'banget', 'aplikasi', 'inibenar', 'bantu', 'transaksi', 'bayar', 'tagih']	positive
['tambah', 'beberapa', 'menu', 'belum', 'cardless', 'setor', 'tunai', 'belum', 'terima', 'transfer', 'pakai', 'qris', 'ayo', 'bumn', 'kalah', 'swasta']	neutral
['apps', 'lot', 'susah', 'login']	neutral
['aplikasi', 'bagus', 'mudah', 'transaksi']	positive
['aplikasi', 'lancar', 'buka', 'macet', 'bikin', 'malu', 'bayar', 'pakai', 'qris', 'mohon', 'baik']	negative
['wordr', 'leletlelet', 'loginrata', 'menit', 'batal', 'mengunakan', 'fitur', 'qris', 'aplikasi', 'bni', 'mobile', 'unggul', 'cepat', 'loginsaya', 'tinggal', 'bni', 'gaji', 'laba', 'bersih', 'trilyunan', 'tolong', 'benah', 'wondr']	neutral
['simpel', 'mudah', 'colourfull', 'bayar', 'qr', 'cepat', 'mantap']	positive
['baiktranfer', 'cepat']	positive
['bintang', 'ganggu', 'butuh', 'transaksi', 'sistem', 'baik', 'enggak', 'kali', 'masalah', 'mending', 'bni', 'mobile', 'enggak', 'trouble']	neutral
['ganguan', 'worder', 'kacau', 'bni', 'tf', 'buka', 'poto', 'tolong', 'baik', 'jam', 'sih', 'wonder', 'ganguan', 'mulu']	neutral
['sayaaplikasi', 'bantu', 'karena', 'mudah', 'fiturfiturnya', 'lengkap', 'aktivitas', 'transaksi', 'gampang', 'akses', 'proses', 'daftar', 'verifikasi', 'enggak', 'ribet']	positive
['layan', 'cepat', 'top', 'pokok']	positive
['aplikasi', 'banking', 'bagus', 'fiturnya', 'lengkap', 'mudah']	positive
['aplikasi', 'bantu', 'mudah', 'transaksi', 'cepat']	positive
['bagus', 'mudah']	positive
['fitur', 'fx', 'mobile', 'lihat', 'kurs', 'tukar', 'dollar', 'app', 'bni', 'app', 'bni', 'sptnya', 'lebih', 'lengkap']	neutral
['sudah', 'kali', 'unduh', 'aplikasi', 'wondr', 'verifikasi', 'email', 'gagal', 'tolak', 'bingung', 'ku', 'unduh', 'suruh', 'datang', 'cabang', 'bank', 'dekat']	neutral
['simpel', 'mudah']	positive
['loading', 'masuk', 'aplikasi', 'lambat']	neutral
['sudah', 'orang', 'emosimau', 'masuk', 'muncul', 'sesi', 'berakhirbukan', 'mmpermudah', 'nasabah', 'malah', 'susah', 'saja']	negative
['ya', 'suka', 'log', 'out', 'ngisi', 'ktp', 'dll', 'suka', 'baik', 'juga', 'buru', 'memakai', 'susah', 'tolong', 'tingaktin', 'kayak', 'bni', 'mobile', 'banking', 'hadeh']	negative
['bantu', 'muas']	positive
['usaha', 'bumn', 'bikin', 'aplikasi', 'wonder', 'suka', 'eror', 'aplikasi', 'enggak', 'buka', 'enggak', 'bikin', 'aplikasi', 'masalah']	negative
['apk']	positive
['kalo', 'tambahkan', 'sedia', 'layan', 'bayar', 'internettv', 'kabel', 'provider', 'cbn', 'biznet', 'home', 'biar', 'mudah', 'bayar', 'langgan']	positive
['tampil', 'tarik', 'buka', 'loading', 'banding', 'tolong', 'cepat', 'masuk', 'aplikasi']	neutral
['transfer', 'masuk', 'bank', 'belah', 'tera', 'bukti', 'transfer', 'hasil', 'tapisaldo', 'tambah', 'bagaimana']	neutral
['tolong', 'aplikasi', 'sulit', 'lahsaya', 'masuk', 'pakai', 'aplikasi', 'kemarin', 'hapus', 'aplikasi', 'masuk', 'pakai', 'scan', 'wajah', 'scan', 'sulit', 'banget', 'masuk']	negative
['sedot', 'pulsa', 'aktivasi', 'dikirimin', 'notif', 'sms', 'kena', 'potong', 'pulsa', 'berkalikali', 'transaksi', 'salah', 'pin', 'notif', 'sms', 'otomatis', 'potong', 'pulsa', 'enak', 'bni', 'mobile', 'banking', 'enteng', 'sedot', 'pulsa', 'moga', 'tobat', 'sedot', 'pulsa', 'notif', 'sms', 'alih', 'blu', 'baca', 'internetpaket', 'data', 'notif', 'sms', 'otp', 'gratis', 'sedot', 'pulsa']	negative
['dana', 'masuk', 'potong', 'saldo', 'tambah', 'saldo', 'tulis', 'mutasi', 'rekening', 'bni', 'mobile', 'banking', 'tolong', 'kasih', 'catanan', 'saldo']	neutral
['bagus', 'mudahefisien']	positive
['lancar', 'kendala', 'kecuali', 'ewallet', 'gopay', 'edit', 'update', 'mei', 'topup', 'ewallet', 'kendala', 'sistem', 'mending', 'mbanking', 'bni']	neutral
['kali', 'login', 'gagal', 'verifikasi', 'wajah', 'enggak', 'mulu', 'sudah', 'mengikuti', 'suruh']	neutral
['manfaat', 'cepat']	neutral
['tingkat', 'kembang', 'fitur', 'fitur', 'apknya', 'tambah', 'mudah', 'nyaman', 'transaksi', 'apk', 'mobile', 'tunai', 'transaksi', 'kartumasa', 'pakai', 'apk', 'rekening', 'terimakasih']	neutral
['mudah', 'bantu', 'muas']	positive
['aplikasi', 'bagus', 'tampil', 'tarik', 'simpel', 'mudah', 'transaksi']	positive
['pakai', 'wondr', 'beberapa', 'error', 'muncul', 'pesan', 'kendala', 'tim', 'baik', 'sila', 'coba', 'coba', 'beberapa', 'kali', 'baik', 'kembang', 'ganggu', 'nyaman', 'nasabah', 'download', 'versi', 'orange', 'tempat', 'menu', 'cepatapa']	neutral
['susah', 'ribet', 'verifikasi', 'wajahtlong', 'baik', 'sistem']	negative
['kadang', 'susah', 'masuk', 'mentok', 'logo', 'apk']	neutral
['tolong', 'kerjasamanya', 'buka', 'aplikasi', 'mbangking', 'buka', 'deh', 'update', 'terus']	neutral
['kasih', 'bintang', 'karena', 'masalah', 'donlod', 'karena', 'bni', 'mobile', 'kendala', 'force', 'close', 'bni', 'mobile', 'donlod', 'wondr', 'alhamdulillah', 'kendala', 'trf', 'aman', 'force', 'close', 'saldo', 'baca', 'situ', 'catat', 'mutasi', 'apk', 'wondr']	positive
['lumayan', 'upgrade']	positive
['pop', 'up', 'wonder', 'bni', 'menggangu', 'banget', 'sampah', 'masuk', 'wonder', 'data', 'sesuai', 'suruh', 'cabang', 'memang', 'kasih', 'ongkir', 'enak', 'enak', 'bni', 'pop', 'up', 'sampah', 'beberapa', 'fitur', 'aktip', 'ganggu', 'kayak', 'sumpah', 'enak', 'brimo', 'baru', 'baca']	negative
['bni', 'mobile', 'upgrade', 'wondr', 'bnikata', 'enggak', 'bangmemang', 'daftarin', 'teman', 'bisatpi', 'daftar', 'akun', 'enggak']	neutral
['update', 'langsung', 'kendala', 'buka', 'iklan', 'bagus', 'aplikasi', 'kagak', 'melakukan', 'bayar', 'bagaimana']	negative
['batas', 'tf', 'bni', 'mobile', 'langsung', 'kali', 'tf']	negative
['aplikasi', 'bantu', 'fitur', 'perlu', 'transaksi', 'lengkap', 'mudah', 'cepat']	positive
['detail', 'kartu', 'segitu', 'doang', 'sisa', 'tanggung', 'tampil', 'kayak', 'app', 'bni', 'sebelumya']	neutral
['aplikasi', 'busuk', 'verifikasi', 'wajah', 'kali', 'kali', 'terus', 'gagal', 'verifikasi', 'tunggu', 'besok', 'verifikasi', 'dengan', 'alas', 'input', 'data', 'busuk', 'banget', 'kalah', 'livin', 'mandiri', 'mybca']	negative
['tulis', 'gagal', 'kirim', 'saldo', 'uang', 'tetap', 'potong', 'sudah', 'kali', 'uang', 'hilang', 'mana', 'hilang', 'sia', 'sia']	neutral
['kece', 'history', 'transaksi', 'tingkat', 'biar', 'bni', 'mobile', 'mana', 'tau', 'biaya', 'tagih', 'bulan', 'rekening', 'kartu', 'sistem', 'tingkat', 'gua', 'transfer', 'enggak', 'pakai', 'wondr', 'karena', 'ganggu', 'eh', 'pakai', 'mobile', 'banking']	neutral
['sore', 'kak', 'wondr', 'hp', 'aneh', 'buka', 'connect', 'wifi', 'pakai', 'paket', 'data', 'selular', 'cek', 'settingan', 'hp', 'metode', 'koneksi', 'wifi', 'paket', 'data', 'selular', 'aktif', 'aplikasi', 'internet', 'paket', 'data', 'selular', 'kecuali', 'wondr', 'hape', 'redmi', 'note', 'mohon', 'bantu', 'kak', 'susah', 'bayar', 'cari', 'wifi']	neutral
['login', 'jaring', 'bagus', 'buka', 'aplikasi', 'bank', 'lancar', 'kendala', 'wondr', 'bni', 'proses', 'login']	negative
['daftar', 'akun', 'wondr', 'mudah', 'verifikasi', 'wajah', 'mudah', 'mbanking', 'milik', 'wondr', 'hasil', 'login', 'kendala', 'ganti', 'hp', 'good']	positive
['masalah']	neutral
['sudah', 'kali', 'transaksi', 'transfer', 'bank', 'maka', 'bifast', 'masuk', 'jam', 'fast', 'barusan', 'beli', 'pulsa', 'riwayat', 'transaksi', 'gagal', 'uang', 'sudah', 'potong']	negative
['bagus', 'fiturnya', 'tarik']	positive
['malam', 'ganggu', 'mulu', 'buka', 'nongol', 'fitur', 'sedia']	neutral
['desember', 'januari', 'login', 'normal', 'kok', 'coba', 'maret', 'april', 'masuk', 'akun']	neutral
['kenapa', 'aplikassinya', 'enggak', 'buka', 'ganggu', 'bagus', 'bni', 'mobile', 'yange', 'versi', 'trasaksi', 'lancar']	negative
['terang', 'tranfers', 'detailmohon', 'tambah', 'tulis', 'baik', 'bug', 'nonaktif', 'appl']	neutral
['mudah', 'praktis', 'transaksi', 'bank', 'tingkat', 'layan']	positive
['pakai', 'jaring', 'telkomsel', 'buka', 'tolong', 'baik', 'jaring', 'terima', 'kasih']	neutral
['aplikasi', 'sudah', 'bagus', 'simpel', 'kini', 'interfacenya', 'sudah', 'keren', 'lengkap', 'fiturny', 'banding', 'mbanking', 'sudah', 'coba', 'kali', 'kali', 'aktifin', 'login', 'biometrik', 'gagal', 'sampai', 'halaman', 'tuju', 'enggak', 'susah', 'login', 'mesti', 'memasuki', 'password']	neutral
['login', 'login', 'kali', 'buka', 'aplikasi', 'ujung', 'sesi']	neutral
['aplikasi', 'bagus', 'fitur', 'bagussimpel', 'kurang', 'riwayat', 'transaksi', 'enggak', 'langsung', 'muncul', 'habis', 'transaksi', 'menunggu', 'jam', 'muncul', 'tolong', 'baik']	neutral
['mudah', 'guna', 'update', 'trss']	positive
['mudah', 'pakai', 'bni']	positive
['pakai', 'bulan', 'aman', 'top', 'up', 'ewallet', 'enggak', 'juta', 'an', 'syukur', 'sih', 'uang', 'pinjem', 'enggak', 'transfer', 'biaya', 'admin', 'bi', 'fast', 'enggak']	positive
['transaksi', 'gagal', 'duit', 'kembaliterus', 'saldo', 'tibakesedotsaran', 'pakai', 'bni', 'mending', 'janganpakai', 'bank']	negative
['aplikasi', 'wondr', 'by', 'bni', 'eror', 'enggak', 'buka', 'kakini', 'bagaimana', 'solusi']	neutral
['aplikasi', 'guna', 'tida', 'ribet', 'mantap']	positive
['bantu']	positive
['payah', 'banget', 'buka', 'aplikasi', 'wondr', 'verifikasi', 'data', 'daftar', 'bikin', 'capek']	negative
['buruk', 'aku', 'enggak', 'transaksi', 'pakai', 'bni', 'aku', 'himbauan', 'download', 'ehgak', 'login', 'foto', 'sesi', 'habis', 'butuh', 'banget', 'tf', 'salin']	negative
['terbaiktransaksi', 'cepetjarang', 'banget', 'ganggu']	positive
['susah', 'loginpake', 'wifi', 'kendala', 'mending', 'pakai', 'bni', 'mobile']	neutral
['masuk', 'transaksi', 'tulis', 'baik', 'pakai', 'wifi', 'sinyal', 'bagus', 'aneh', 'apk']	negative
['kurang', 'rekening', 'koran', 'estatement', 'didownload']	positive
['cepat', 'lancar']	positive
['mudah', 'transaksi']	positive
['aman', 'mudah', 'transaksi']	positive
['tlong', 'bni', 'mobile', 'wondr', 'buka', 'enak', 'pakai', 'bni', 'mobile']	positive
['bintang', 'karena', 'lupa', 'pasword', 'masuk', 'daftar', 'sensor', 'wajah', 'tolak', 'batas', 'kriteria', 'tunduk', 'wajah', 'ulang', 'tolak', 'butuh', 'transaksi', 'suruh', 'ulang', 'besok']	negative
['tarik', 'tunai', 'kartu', 'ubah', 'kode', 'otp', 'peke', 'pulsa', 'bank', 'kode', 'pakai', 'pulsa', 'kecewa']	negative
['muas', 'aplikasi']	positive
['tampil', 'bagus', 'mudah', 'fiturnya', 'mantap', 'pakai', 'wondr']	positive
['neng', 'banget', 'tf', 'dengan', 'wonder', 'ndk', 'lemotsat', 'set', 'sukses', 'bni']	positive
['mantap', 'transaksi', 'mudah', 'cepat']	positive
['gagal', 'verifikasi', 'email', 'email', 'masuk', 'verifikasi', 'install', 'ulang', 'app', 'kali', 'kendala', 'email']	neutral
['mudah', 'akses', 'mudah', 'paham']	positive
['tarik', 'apps', 'wondr', 'fitur', 'growth', 'mudah', 'pantau', 'aset', 'milik', 'kembang', 'semangat', 'ngumpulin', 'aset']	positive
['halo', 'log', 'ini', 'verifikasi', 'kode', 'otp', 'email', 'kirim', 'kirim', 'kode', 'otp', 'valid', 'padahal', 'kode', 'kirim', 'milik', 'batas', 'valid', 'menit', 'kode', 'masuk', 'wondr', 'log', 'ini', 'ulang', 'besok', 'mohon', 'cerah', 'terimakasih']	neutral
['verifikasi', 'wajah', 'gagal', 'suruh', 'mencoba', 'besok', 'kacau', 'apk', 'inikemarin', 'coba', 'hasil', 'suruh', 'mencoba', 'besok', 'besok', 'coba', 'suruh', 'mencoba', 'besok', 'aplikasi', 'gagal', 'bni', 'mobile', 'bangking', 'wondr', 'buruk', 'kecewa', 'nasabah']	negative
['aplikasi', 'aneh', 'transaksi', 'transfer', 'masih', 'bawah', 'limit', 'enggak', 'transaksi', 'sudah', 'atur', 'profile', 'masih', 'aplikasi', 'belum', 'layak', 'publikasi', 'belum', 'qc']	negative
['download', 'wonder', 'by', 'bni', 'kayak', 'warna', 'mudah', 'transaksi', 'moga', 'depan', 'reward', 'event', 'guna', 'bni', 'semangat', 'tabung']	positive
['bantu', 'proses']	positive
['aneh', 'banget', 'transfer', 'beli', 'tiket', 'tulis', 'transaksi', 'gagal', 'saldo', 'kurang', 'admin', 'sudah', 'email', 'kontak', 'person', 'cuman', 'both', 'cek', 'riwayat', 'transaksi', 'besar', 'uang', 'tracking', 'besar', 'sisa', 'saldo', 'transaksi', 'enggak', 'rekomen', 'bni', 'mobile', 'bangking', 'aplikasi']	negative
['bagaimana', 'sih', 'tarik', 'tunai', 'kartu', 'app', 'jengkel', 'mencari', 'enggak ada', 'bagus', 'artefak', 'enggak bisa', 'tarik', 'tunai', 'alfa', 'saja', 'bikin', 'jengkel']	neutral
['tampil', 'wonder', 'by', 'bni', 'bagus', 'mesti', 'baru', 'transaksi', 'mudah', 'contoh', 'limit', 'transaksi', 'dibatasimasa', 'transaksi', 'menunggu', 'jam', 'transaksi', 'nasabah', 'hambat', 'sistem', 'wonder', 'by', 'bni', 'mudah', 'pakai', 'sama', 'banking', 'saran', 'baik', 'sistem', 'wonder', 'by', 'bni', 'biar', 'mudah', 'transaksi', 'batas', 'sama', 'banking']	negative
['payah', 'login', 'verivikasi', 'ktp', 'wajah', 'sulit', 'verifikasi', 'wajah', 'ulang', 'kali', 'harap', 'baik', 'bni', 'pakai', 'repot', 'verifikasi', 'login']	neutral
['kirim', 'cepat']	positive
['aplikasi', 'kalo', 'buka', 'stak', 'logo', 'mulu', 'saran', 'pepet', 'darurat', 'moga', 'cepat', 'bebenah']	neutral
['enak', 'pakai', 'aplikasi', 'deh', 'benar', 'mbanking', 'kayak', 'ngide', 'ada', 'aplikasi', 'tambah', 'deh', 'lelet', 'ulang', 'kali', 'suruh', 'login', 'login', 'gegara', 'aplikasi', 'pindah', 'bank', 'mudah', 'hidup', 'capek', 'lihat', 'butuh', 'cepat']	negative
['sorry', 'tapi', 'sayang', 'ganti', 'apps', 'imbau', 'migrasi', 'kencang', 'muat', 'fitur', 'dasar', 'gagal', 'login', 'apps', 'fiturnya', 'fancy', 'enggak bisa', 'penuh', 'fitur', 'dasar', 'enggak', 'motivasi', 'pindah', 'info', 'loginpin', 'rekening', 'efektif', 'info', 'nomor', 'bayar', 'app', 'integrasi', 'bolakbalik', 'app', 'app', 'enggak bisa', 'bayar', 'please', 'improve', 'biar', 'kontradiksi', 'brandingnya', 'thx']	negative
['login', 'informasi', 'biodata', 'sudah', 'lengkap', 'sesuai', 'sudah', 'ulang', 'ulang', 'login']	negative
['makan', 'kedai', 'kamuning', 'bayar', 'qris', 'simpel', 'cepat']	positive
['fitur', 'tarik', 'tunai', 'kartu', 'belum', 'sedia', 'upgrade']	positive
['bagusmenambah', 'fitur', 'hilang', 'fitur', 'guna', 'contoh', 'mobile', 'tunaiyang', 'urgent', 'butuh', 'dana', 'cash', 'tarik', 'tunai']	neutral
['turut', 'versi', 'tampil', 'lapor', 'guna', 'ketimbang', 'flow', 'uang', 'jujur', 'simple', 'mudah', 'kasih', 'bintang']	neutral
['versi', 'poco', 'f', 'proses', 'ttd', 'langsung', 'menu', 'utama', 'ulang', 'proses']	neutral
['aplikasi', 'belum', 'dipakaisdh', 'hasil', 'registrasi', 'dipkai', 'beberapa', 'buka', 'apk', 'regis', 'baru', 'kali', 'capek', 'ganti', 'apk', 'bukan', 'tambah', 'bagus', 'kok', 'tambah', 'buruk']	negative
['registrasi', 'mudah', 'nasabah', 'aplikasi', 'simple', 'transfer', 'isi', 'saldo', 'wondr', 'enggak', 'masuk', 'ya', 'transaksi', 'hasil', 'cek', 'riwayat', 'transaksi', 'enggak', 'potong', 'sudah', 'email', 'bni', 'balas', 'sudah', 'bagus', 'aplikasi']	negative
['enak', 'pakai', 'aplikasi', 'bni', 'aplikasi', 'wondr', 'tolong', 'lengkap', 'fitur', 'tarik', 'tunai', 'setor', 'tunai', 'butuh', 'transaksi', 'kartu']	neutral
['bisa', 'tambah', 'menu', 'bisa', 'tarik', 'tunai', 'setor', 'tunai', 'atm', 'lebih', 'mmpermudah', 'konsumen']	neutral
['kadang', 'susah', 'masuk', 'mentok', 'logo', 'apk']	neutral
['printah', 'verifikasi', 'bobrok', 'parah', 'sudah', 'sih', 'apk', 'rongsok', 'enggak', 'pakai', 'loginnya', 'apk', 'mungut', 'sampah']	negative
['riwayat', 'transaksi', 'detail', 'didownload', 'format', 'pdf', 'mobile', 'banking', 'transaksi', 'masalah', 'orang', 'sulit', 'sendiri', 'bukti', 'riwayat', 'transaksi', 'valid']	neutral
['aplikasi', 'mantap']	positive
['bagaimana', 'aplikasi', 'daftar', 'rek', 'bni', 'bisa', 'loginkok', 'menu', 'tmpilanya', 'daftar']	negative
['sudah', 'minggu', 'auto', 'top', 'up', 'dana', 'baik', 'kalo', 'pakai', 'akun', 'auto', 'top', 'up', 'bagaimana', 'tolong', 'kak', 'baik']	negative
['efisien', 'mutasi', 'transaksi', 'tampil', 'saldo', 'aplikasi']	negative
['tambah', 'beberapa', 'menu', 'belum', 'cardless', 'setor', 'tunai', 'belum', 'terima', 'transfer', 'pakai', 'qris', 'ayo', 'bumn', 'kalah', 'swasta']	neutral
['mudah', 'bertran', 'saksi', 'sisa', 'pinjam']	neutral
['batas', 'nominal', 'top', 'up', 'banget', 'bahaya', 'kalo', 'buka', 'wifi', 'retas', 'data']	negative
['ganggu', 'tengah', 'malamtidak', 'pakai', 'transaksi']	positive
['moga', 'mobile', 'terpecaya', 'aman', 'guna']	positive
['cuman', 'limit', 'dompet', 'digital', 'dinaikin', 'juta', 'top', 'up', 'susah']	positive
['transfer', 'ikon', 'transfer', 'enggak', 'pencet', 'tolong', 'bagaimana', 'sudah', 'restart', 'hp', 'ganti', 'jringn', 'fitur', 'ada']	neutral
['aplikasi', 'wonder', 'mudah', 'transaksi', 'mana']	positive
['sebenarnya', 'bagus', 'simpel', 'mudah', 'paham', 'kenapa', 'masuk', 'banget', 'proses', 'stuck', 'terus']	neutral
['muka', 'bagus', 'kelompok', 'bagus', 'masih', 'fiturfitur', 'bni', 'mobile', 'hilang', 'contoh', 'aset', 'obligasi', 'negara', 'detail', 'untung', 'aplikasi', 'masih', 'tahan', 'sebagai', 'wondr', 'masih', 'bisa', 'buka', 'fokus', 'baik', 'acara', 'lari', 'tutup', 'banyak', 'ruas', 'jalan', 'guna', 'bni', 'masih', 'sekolah', 'mogamoga', 'masih', 'setia', 'depan', 'diam', 'saudara', 'bni', 'bank', 'logo', 'dominasi', 'warna', 'biru', 'emas', 'baru', 'fitur', 'aku', 'bagus', 'user', 'friendly']	neutral
['kok', 'apk', 'bisa', 'buka', 'notifnya', 'kendala', 'tim', 'baik']	neutral
['notifikasi', 'masukgak', 'tau', 'dana', 'masukkadang', 'enggak', 'notif', 'jugaapk', 'ngelek', 'jugaharap', 'baik']	neutral
['tks', 'bni', 'bantu']	positive
['aplikasi', 'bagus', 'terbaikk']	positive
['top', 'up', 'e', 'wallet', 'link', 'aplikasi', 'saldo', 'potong', 'terang', 'isi', 'saldo', 'hasil', 'saldo', 'link', 'tambah', 'tolong', 'solusi', 'top', 'up', 'gagal', 'mesti', 'saldo', 'potong', 'saldo', 'potong', 'top', 'up', 'hasil', 'mana', 'lari', 'saldo', 'tolong', 'solusi', 'terimakasih']	negative
['wondr', 'error', 'stor', 'tunai', 'sudah', 'jam', 'cek', 'aplikasi', 'masuk', 'saldo', 'allah', 'wondr', 'wondr', 'aplikasi']	negative
['verifikasi', 'wajah', 'tolong', 'baik', 'ulang', 'ulang', 'kali', 'kali', 'coba', 'besok', 'bertanya', 'cahaya', 'terang', 'arah', 'sesuai', 'app', 'pakai', 'suruh', 'ganti', 'app', 'mending']	negative
['loading', 'masuk', 'gantung', 'koneksi']	negative
['tetap', 'baik']	positive
['scan']	neutral
['muas']	positive
['login', 'login', 'kali', 'buka', 'aplikasi', 'ujung', 'sesi']	neutral
['top', 'up', 'tapcash', 'wondr', 'fitur', 'nfc', 'update', 'saldo', 'tampil', 'saldo', 'saldo', 'isi']	positive
['kirim', 'otp', 'email', 'sulit', 'login', 'pengeoprasian', 'batas', 'berulangulang', 'unistall', 'wonder']	negative
['mantul', 'mudah', 'cepat', 'saldo', 'pakai']	positive
['transaksi', 'mudah', 'trimakasih', 'bni']	positive
['enggak', 'akses', 'wondr', 'sudah', 'datang', 'kantor', 'cabang', 'dekat', 'kendala', 'akses']	negative
['nyala', 'wondr', 'canggih', 'promo', 'promo', 'dapat', 'memang', 'jadikan', 'ku', 'banget']	positive
['mantap', 'cepat']	positive
['aplikasi', 'mbanking', 'paling', 'mudah', 'aktivasinya']	positive
['tarik', 'tunai', 'kartu', 'ganti', 'aplikasi', 'mbanking', 'bni', 'paksa', 'enggak', 'buka', 'mbanking']	neutral
['please', 'bni', 'kembali', 'wondr', 'banyak', 'kendala', 'ganggu', 'log', 'ini', 'kendala', 'muluk', 'belum', 'ganti', 'wondr', 'mending', 'jangan', 'urgent', 'pakai', 'mbanking', 'hari', 'buka', 'kendala', 'suruh', 'menunggu', 'rekening', 'usaha', 'sudah', 'tutup', 'bni', 'rekening', 'karena', 'semenjak', 'ganti', 'wondr', 'banyak', 'kendala']	negative
['suka', 'banget', 'lot', 'sih', 'krusial', 'lot', 'aplikasi', 'kayak', 'customer', 'service', 'bni', 'kesini', 'bni', 'kesana', 'kayak', 'tinggal', 'banget', 'dengan', 'himbara', 'dibandingin', 'bank', 'swasta', 'moga', 'cepat', 'benah']	negative
['aplikasi', 'mantap', 'kembang', 'mudah', 'transaksi']	positive
['bni', 'mbangking', 'mudah', 'sederhana', 'harap', 'verifikasi', 'wajah', 'wonder', 'hilang', 'error', 'susah', 'lupa', 'pin', 'verifikasi', 'ulang', 'mbak', 'dari', 'aplikasi', 'mbangkiang', 'mohon', 'baik', 'terimakasih']	neutral
['praktis', 'transaksiapalagi', 'urus', 'transfer', 'bayar']	positive
['aplikasi', 'mudah', 'respon', 'cepat', 'user', 'friendly', 'benar', 'banget', 'sih', 'kalo', 'bilang', 'super', 'app', 'bantu', 'aplikasi', 'top', 'up', 'ewallet', 'transfer', 'dll', 'simpel', 'pakai', 'bantu']	positive
['aplikasi', 'bantu', 'mudah', 'nasabah', 'transaksi', 'masuk', 'developer', 'rincian', 'transaksi', 'jelas', 'transaksi', 'bank', 'konvensional', 'nama', 'kirim', 'cantum', 'bingung', 'transaksi', 'masuk', 'bni', 'mobile', 'banking', 'terima', 'kasih']	neutral
['guna', 'bank', 'bni', 'kayak', 'wonder', 'ganti', 'peran', 'mbangking', 'bni', 'wonder', 'cepat', 'bayar', 'casslesh', 'fitur', 'fress', 'kelemkapan', 'mutasi', 'bukti', 'tranferfitur', 'dukung', 'bayar', 'mbangking', 'bni', 'migrasi', 'aplikasi', 'sempurna', 'mbanking', 'user', 'frendly']	neutral
['solusi', 'bagaimana', 'bayar', 'pakai', 'ku', 'ris', 'gagal', 'potong', 'kali', 'bayar', 'sampai', 'balom', 'kembali', 'dana']	negative
['apps', 'lot', 'susah', 'login']	neutral
['aplikasi', 'butut', 'baru', 'tf', 'saldo', 'potong', 'rek', 'tuju', 'aplikasi', 'ganggu', 'tarik', 'tunai', 'uang', 'kembali', 'tunggu', 'kali']	negative
['bank', 'suruh', 'wondr', 'by', 'bni', 'verifikasi', 'akun', 'pulang', 'bank', 'transaksi', 'qris', 'malah', 'suruh', 'verifikasi', 'akun', 'verifikasi', 'verifikasi', 'wajah', 'suruh', 'besok', 'besok', 'malah', 'suruh', 'besok', 'begitu']	negative
['efektif', 'bantu']	positive
['fitur', 'fx', 'mobile', 'lihat', 'kurs', 'tukar', 'dollar', 'app', 'bni', 'app', 'bni', 'sptnya', 'lebih', 'lengkap']	neutral
['sisa', 'saldo', 'ribu', 'minggu', 'potong', 'minggu', 'sisa', 'saldo', 'karema', 'minggu', 'pakai', 'app', 'tolong', 'jelas']	negative
['fitur', 'tarik', 'tunai', 'bagus', 'aplikasi', 'mana', 'bawa', 'kartu', 'atm', 'aplikasi', 'kasih', 'mudah', 'guna', 'lupa', 'bawa', 'kartu', 'atm']	neutral
['simpel', 'sih', 'enggak', 'move', 'on', 'app', 'bni', 'terkadang', 'app', 'gampang', 'mengambek', 'sinya', 'l', 'lancar', 'paket', 'data', 'aman', 'kagak', 'buka', 'app']	neutral
['yes', 'kesini', 'kamin']	positive
['praktis', 'tampil', 'tarik', 'kendala']	positive
['sih', 'mudah', 'mmpersulit', 'btw', 'kalo', 'bikin', 'minimal', 'uji', 'coba', 'dulu', 'aplikasi', 'bagus', 'kali', 'transaksi', 'gagal', 'mulu', 'mending', 'versi', 'gaya', 'pakai', 'susah']	negative
['aplikasi', 'bagus', 'tampil', 'keren', 'mudah', 'paham', 'transaksi', 'qris']	positive
['error', 'tranfer', 'hasil', 'enggak', 'masuk', 'rek', 'tuju', 'fitur', 'hilang', 'fitur', 'setor', 'tarik', 'tunai', 'hilang', 'aplikasi', 'setor', 'tunai', 'bni']	negative
['mudah', 'mudah', 'lancar', 'aman', 'terimakasih', 'bni']	positive
['bayar', 'qris', 'topup', 'ewallet', 'cepat', 'login', 'transaksi', 'mudah', 'pakai', 'pin', 'tampil', 'aplikasi', 'lucu', 'banget', 'warna', 'cocok', 'kaum', 'millenial']	positive
['login', 'payah', 'tixah', 'cepeat', 'seeingnya', 'gagal', 'logintlg', 'dj', 'baik', 'dongmasih', 'bagus', 'mobile', 'bni']	neutral
['lelet', 'banget', 'stres', 'makainyabahkan', 'kadang', 'enggak', 'buka', 'sekalitolong', 'periksa', 'biar', 'bagus']	neutral
['tahan', 'kualitas', 'layan', 'nasabah']	positive
['aplikasi', 'mudah', 'mudah', 'paham', 'praktis', 'banget', 'jaman', 'enggak usah', 'ribet', 'banyak', 'aplikasi', 'pakai', 'sudah', 'butuh', 'aman']	positive
['tolong', 'lengkap', 'bni', 'mobile', 'banking', 'mutasi', 'rekening', 'bni', 'mobile', 'bangking', 'transakasi', 'sisa', 'saldo', 'wondr', 'transaksi', 'muncul', 'rekening', 'bni', 'mobile', 'bangking', 'menu', 'pinjama', 'simponi', 'wondr', 'enggak', 'aplikasi', 'tahan', 'aplikasi', 'mohon', 'baharu', 'bayak', 'pindah', 'bri', 'kayaknya']	negative
['xiaomi', 'ultra', 'error', 'susah', 'masuk', 'aplikasi', 'loading', 'awal', 'masuk', 'dalam', 'aplikasi', 'transaksi']	neutral
['aplikasi', 'bagus', 'lancar', 'background', 'kaku', 'lancar', 'aplikasi', 'saran', 'background', 'tarik', 'optional', 'inti', 'fungsi', 'utama', 'urus', 'tampil', 'sesuai']	positive
['bni', 'mbangking', 'mudah', 'sederhana', 'harap', 'verifikasi', 'wajah', 'wonder', 'hilang', 'error', 'susah', 'lupa', 'pin', 'verifikasi', 'ulang', 'mbak', 'dari', 'aplikasi', 'mbangkiang', 'mohon', 'baik', 'terimakasih']	neutral
['mudah']	positive
['aplikasih', 'bantu', 'transaksi']	positive
['sayang', 'menu', 'tarik', 'tunai', 'non', 'atm']	positive
['belum', 'gunain', 'mending', 'saran', 'guna', 'pakai', 'aplikasi', 'banget', 'ganggu']	negative
['enak', 'aplikasi', 'wondr', 'cuaca', 'mendung', 'dikit', 'susah', 'log', 'ini']	neutral
['layan', 'bagus', 'kalo', 'biaya', 'admin', 'minim']	positive
['kecewa', 'layan']	negative
['wondr', 'transaksi', 'mudah', 'cepat']	positive
['bantu', 'aplikasi']	positive
['daftar', 'wondr', 'log', 'out', 'log', 'ini', 'enggak', 'bisamalah', 'daftarterus', 'sesi', 'terang', 'sampi', 'skrag', 'enggak']	neutral
['sudah', 'berapa', 'memakai', 'kendala', 'hadeuhh', 'contoh', 'tf', 'ewallet', 'terang', 'kendala', 'sistem', 'minggu', 'terus']	negative
['verifikasi', 'wajah', 'error', 'mana', 'kedip', 'mata', 'deteksi', 'ulang', 'kali']	neutral
['kacau', 'banget', 'kendala', 'transaksi', 'susah', 'aplikasi', 'erorr']	negative
['aplikasi', 'susah', 'login', 'ulang', 'ulang', 'login', 'kadang', 'error', 'buruk', 'mobile', 'banking', 'bni', 'sebelumya']	negative
['mudah', 'tarik', 'bantu', 'kerja', 'masyarakat']	positive
['sudah', 'akun', 'enggak', 'login', 'muncul', 'syarat', 'tentu', 'sudah', 'tuju', 'sesi', 'begitu', 'enggak', 'loginnya']	neutral
['sebal', 'verifikasi', 'wajah', 'ulang', 'hitung', 'gagal', 'sudah', 'putus', 'tutup', 'aplikasi', 'anti', 'aplikasi', 'mudah', 'jenis', 'transaksi', 'bni', 'perlu', 'darurat']	negative
['jujur', 'bantu', 'hadir', 'aplk', 'wondr', 'by', 'bni', 'izin', 'saran', 'kepada', 'ahli', 'itu', 'bni', 'dapt', 'tingkat', 'forma', 'meminimalisir', 'ganggu', 'aplk', 'tanggal', 'nov', 'kecewa', 'aplk', 'pasal', 'pagi', 'malam', 'aplk', 'wondr', 'by', 'bni', 'alami', 'ganggu', 'mmbuat', 'laku', 'transaksi', 'tolong', 'bag', 'itu', 'gerak', 'cepat', 'ganggu', 'seperti', 'aplk', 'wodr', 'by', 'bni']	neutral
['aplikasi', 'wondr', 'by', 'bni', 'keren', 'bagus', 'tampil', 'lucu', 'banget', 'warna', 'super', 'fun', 'bayar', 'qris', 'wondr', 'cepat', 'banget', 'step', 'selesai', 'terima', 'kasih', 'bni']	positive
['kali', 'instal', 'aplikasi', 'wondr', 'aplikasi', 'bagus', 'cepat', 'mudah', 'daftar', 'ribet', 'tampil', 'tarik', 'gampang', 'transaksi', 'good', 'job', 'wondr', 'by', 'bni']	positive
['mantap', 'cepat']	positive
['eror', 'aplikasi', 'kalo', 'kendala', 'aplikasi', 'tiada', 'bingun', 'apk', 'transfer', 'eror', 'pakai', 'apk', 'eror', 'bagaimana', 'coba']	negative
['beli', 'pulsa', 'enggak', 'masuk', 'tetap', 'hilang', 'duit', 'memang']	negative
['proses', 'cepat', 'amanah', 'bantu']	positive
['mantap', 'aman']	positive
['aplikasi', 'daftarudah', 'halaman', 'aplikasi', 'relog', 'gara', 'salah', 'password', 'haduhh', 'abal', 'banget', 'bikin', 'aplikasi', 'hahaha']	negative
['mantap', 'aplikasi', 'trend']	positive
['entah', 'belum', 'paham', 'baruapakah', 'memang', 'enggak', 'ngedownload', 'bukti', 'transaksi', 'aplikasi', 'mbanking', 'sblomnyatrus', 'kenapa', 'riwayat', 'transaksi', 'enggak', 'capturemau', 'lihat', 'sisa', 'saldo', 'tapcash', 'enggak', 'topup', 'isi', 'tapcash', 'doang', 'bisamohon', 'penjelasannyaterima', 'kasih']	neutral
['tampil', 'tarik', 'semoga', 'semakin', 'tingkat', 'barua', 'depan', 'spya', 'menu', 'lengkap', 'transaksi', 'kartu']	positive
['akun', 'blokir', 'ada', 'fitur', 'aktif', 'uang', 'habis', 'admin', 'rp', 'mending', 'ganti', 'bank', 'aplikasi', 'kembang', 'rilis', 'ada', 'update', 'kala', 'maintenance']	negative
['tolongg', 'mutasi', 'dibuat', 'per', 'bni', 'mobile', 'bangking', 'hitung', 'saldo', 'cek', 'mutasu', 'pilih', 'dulu', 'belum', 'biaya', 'trf', 'beda', 'bank', 'kadang', 'ceklis']	neutral
['wonder', 'by', 'bni', 'baik', 'kahkok', 'enggak', 'login', 'jaring']	neutral
['layan', 'cepat', 'aman']	positive
['lihat', 'bni', 'poin', 'bni', 'reward', 'poin', 'menu', 'kartu', 'kredit', 'tambah', 'notifikasi', 'dana', 'masuk']	neutral
['terkadang', 'nominal', 'saldo', 'sesuai', 'delay', 'hitung', 'nomilan', 'saldo', 'harap', 'cepat', 'baik', 'terima', 'kasih']	neutral
['mudah', 'pakai']	positive
['sudah', 'daftar', 'gagal', 'pin', 'login', 'tolong', 'gan', 'solusi']	neutral
['bagus', 'inggin', 'transfer', 'dana', 'limit', 'bni', 'mobile', 'bangking', 'tolong', 'baik', 'tingkat', 'nyaman', 'guna', 'wondr', 'by', 'bni']	neutral
['bagus', 'sekalibaru', 'daftar', 'bank', 'bantu', 'cssudah', 'oksampe', 'rumah', 'suruh', 'verifikasi', 'ulang', 'buka', 'lelet', 'sekalimasih', 'bagus']	negative
['bagus', 'cepat', 'efisien', 'aman']	positive
['aplikasi', 'oon', 'bentar', 'salah', 'paswordmau', 'byar', 'tibatiba', 'salah', 'pasword', 'muluampe', 'blokir', 'untung', 'bawa', 'cash', 'bikin', 'malu']	negative
['tarik', 'bagus', 'muncul', 'aplikasi', 'fitur', 'fiturny', 'lengkap', 'kalah']	positive
['mudah', 'anti', 'ribet', 'terima', 'kasih']	positive
['mudah', 'bayar', 'enggak', 'mengantri', 'bayar', 'aplikasi', 'wondr', 'by', 'bni']	positive
['muda', 'suli', 'aplikasi']	positive
['transfer', 'negeri', 'proses', 'super', 'situ', 'tera', 'kerja', 'kerja', 'hasil', 'bank', 'terima', 'bank', 'antara', 'enggak', 'kerja', 'kak', 'maksimal', 'kerja', 'saldo', 'kembali']	negative
['situ', 'terang', 'transfer', 'gagal', 'saldo', 'kurang', 'balikin', 'saldo', 'saya']	neutral
['wondr', 'by', 'bni', 'aplikasi', 'mbanking', 'keren', 'tampil', 'bagus', 'mudah', 'semoga', 'depan', 'fitur', 'lengkap']	positive
['system', 'cepat']	positive
['halo', 'kakak', 'bni', 'ganggu', 'bagaimana', 'kak', 'tf']	neutral
['aplikasi', 'wondr', 'penuh', 'butuh', 'transaksi', 'online', 'fleksible', 'cepat', 'mudah', 'aman', 'tambah', 'menu', 'insight', 'financial']	positive
['bagus', 'mudah', 'akses', 'jaga', 'percaya', 'nasabah']	positive
['aplikasi', 'nge', 'bug', 'masalah', 'log', 'out', 'masuk', 'akun', 'malaha', 'sueuh', 'registrasi', 'ulang', 'buruk']	negative
['wondr', 'by', 'bni', 'mudah', 'transaksi', 'utama', 'bayar', 'karena', 'login', 'langsung', 'transaksi', 'bravo', 'wondr', 'by', 'bni']	positive
['verifikasi', 'download', 'dihp', 'verifikasi', 'ulang', 'langsung', 'login', 'tolong', 'fitur', 'langsung', 'login', 'verifikasi', 'ulang']	neutral
['mantap', 'transaksi', 'cepat']	positive
['enak', 'aplikasi', 'catat', 'kayak', 'buku', 'tabung', 'saldo', 'tinggal', 'inj', 'tampil', 'saldo', 'hadeh']	neutral
['lot', 'nge', 'hang']	neutral
['lumayan', 'terkadang', 'jam', 'malam', 'susah', 'menarik']	neutral
['mudah', 'transaksi', 'bayar']	positive
['mohon', 'tambah', 'fitur', 'ganti', 'nomor', 'telepon', 'aplikasi', 'wondr', 'by', 'bni', 'kantor', 'cabang', 'ganti', 'nomor', 'telepon']	neutral
['suruh', 'download', 'wonder', 'fiturfiturnya', 'lengkap', 'tarik', 'tunai', 'bayar', 'didik', 'universitas', 'pilih', 'maksud', 'siapin', 'apknya', 'sebar', 'luas', 'apa', 'bni', 'download', 'apk', 'kocak', 'ya']	neutral
['aplikasi', 'dengan', 'konsep', 'regulasi', 'tuolol', 'menyusahkan', 'customer', 'registrasi', 'susah', 'smartphone', 'kamera', 'bagus', 'sudah', 'login', 'login', 'login', 'gagal', 'suruh', 'besok', 'bikin', 'guo', 'blok', 'enggak', 'mikir', 'customer', 'butuh', 'enggak', 'andal']	negative
['aplikasi', 'bagus', 'promo', 'mudah', 'pokok', 'mantap']	positive
['tampil', 'aplikasi', 'tarik', 'colourful', 'mobile', 'banking', 'transaksi', 'cepat']	positive
['kadang', 'eror', 'loging', 'kadang', 'enggak']	positive
['transaksi', 'kartu', 'lupa', 'bawa', 'atm', 'pakai', 'bni', 'mobilebelum', 'lengkap', 'banding', 'bank', 'mobile', 'banking', 'sebelumnyadan', 'sedia', 'bni', 'poinpoin', 'enggak', 'tau', 'lambat', 'kembang', 'apps']	negative
['simpel', 'praktis', 'efisien', 'cocok', 'mahasiswa']	positive
['transaksi', 'aman', 'lancar']	positive
['masuk', 'aplikasi', 'susah', 'banget', 'kayak', 'urgen', 'terkendalamalah', 'memasuki', 'data', 'suruh', 'memasuki', 'besok', 'salah', 'aplikasi', 'susah', 'baca', 'wajah', 'efisien']	negative
['terimakasih', 'bni', 'aplikasi', 'keren', 'tampil', 'kini', 'transaksi', 'mudah', 'cepat', 'promonya']	positive
['wonder', 'baik', 'memang', 'belum', 'pindahin', 'sama', 'banking', 'aplikasi', 'nasabah', 'suruh', 'pindah', 'sama', 'banking', 'memang', 'baik', 'malam', 'jam', 'orang', 'istirahat', 'jam', 'aktifitas', 'sbgth', 'kah', 'kerja', 'kembang', 'web', 'developer', 'fungsi', 'sama', 'banking', 'mudah', 'nasabah', 'sulit', 'nasabah']	negative
['app', 'update', 'dbatasin', 'untuk', 'transfer', 'mending', 'app', 'nyaman', 'pakai', 'pakai', 'wondr', 'bni', 'bikin', 'ribet']	negative
['kadang', 'lot']	neutral
['kok', 'enggak', 'tampil', 'qris', 'rekening', 'tampil', 'qris', 'bayar', 'orang', 'transfer', 'mengetik', 'no', 'rekening', 'maaf', 'kasih', 'bintang', 'kalo', 'deh', 'tampil', 'qris', 'kasih']	neutral
['kasih', 'bintang', 'dulu', 'deh', 'pakai', 'qris', 'gbisa', 'sudah', 'jam', 'menunggu', 'untung', 'bawa', 'uang', 'cash', 'benerin', 'aplikasi', 'mengesalkan', 'tau', 'enggak', 'bayar', 'aplikasi', 'error', 'malas', 'bikin', 'bete', 'saja']	neutral
['atur', 'notifikasi', 'sms', 'banking', 'rubah', 'limit', 'notifikasi', 'pakai', 'apk', 'bni', 'mobile', 'banking', 'enggak', 'fungsi', 'menu', 'notifikasi', 'sms']	negative
['tolong', 'update', 'app', 'kali', 'verifikasi', 'email', 'verifikasi', 'no', 'otp']	negative
['mudah', 'guna', 'tolong']	positive
['tolong', 'mudah', 'transaksi', 'kartu', 'atm', 'kuno', 'pakai', 'pulsa']	neutral
['dengan', 'aplikasi', 'transaksinamun', 'tingkatkanterkait', 'jaringannyakalau', 'offline', 'data', 'laku', 'transaksi']	positive
['bagus', 'puas']	positive
['aktipkan', 'rekening', 'pitur', 'kembang', 'mohon', 'adakan', 'aktipkan', 'rekening', 'kakrek', 'aktip']	positive
['nge', 'bug', 'hasil', 'daftar', 'akunlalu', 'log', 'out', 'login', 'ulang', 'masuk', 'menu', 'bijak', 'syarat', 'daftar', 'hmm', 'hmmaplikasi', 'kelas', 'bumn']	neutral
['memang', 'kembang', 'kadang', 'beli', 'pulsa', 'lancar', 'kadang', 'masalah', 'transaksi', 'pulsa', 'terang', 'gagal', 'pulsa', 'belum', 'masuk', 'saldo', 'potong', 'beberapa', 'belum', 'terang', 'lekas', 'tuntas', 'kadang', 'rekening', 'cari', 'enggak', 'deteksi', 'nomor', 'sudah', 'sesuai', 'sigap', 'selesai', 'kendala']	negative
['bintang', 'bicara', 'pokok', 'mantap']	positive
['bagus', 'banget', 'tampil', 'kini', 'banget', 'fitur', 'layan', 'simpel', 'pakai', 'maaf', 'aplikasi', 'mbanking']	positive
['error', 'muat', 'ulang', 'baca', 'data', 'simpan', 'bukti', 'transaksi', 'hilang', 'app']	negative
['suruh', 'verifikasi', 'wajah', 'enggak', 'buka', 'sudah', 'enggak', 'buka', 'besok', 'suruh', 'verifikasi', 'wajah', 'terang', 'sudah', 'kali', 'verifikasi', 'wajah', 'padah', 'enggak', 'terang', 'suruh', 'verifikasi', 'wajah']	negative
['aplikasi', 'inci', 'aktivasinya', 'gampang', 'transaksi', 'mudah']	positive
['mantap', 'aplikasi', 'bagus', 'bni', 'mobile']	positive
['sistem', 'mudah', 'cepat']	positive
['auto', 'top', 'up', 'kartu', 'belum', 'kirim']	positive
['malam', 'saja', 'baik', 'butuh', 'transaksi', 'baik', 'parah']	negative
['update', 'aplikasi', 'buka', 'tlng', 'baik', 'butuh']	negative
['keren', 'sat', 'sett']	positive
['verifikasi', 'wajah', 'sulit', 'suruh', 'kedip', 'sudah', 'ulang', 'kali', 'gagal', 'sempat', 'kali', 'tolong', 'tingkat', 'layan', 'kayak', 'brimo', 'enggak', 'mesti', 'verifikasi', 'wajah', 'ulang', 'ulang']	negative
['tolongg', 'mutasi', 'dibuat', 'per', 'bni', 'mobile', 'bangking', 'hitung', 'saldo', 'cek', 'mutasu', 'pilih', 'dulu', 'belum', 'biaya', 'trf', 'beda', 'bank', 'kadang', 'ceklis']	neutral
['mudah', 'aplikasi', 'nyaman']	positive
['cepat', 'transfer', 'bank', 'sukses']	positive
['pakai', 'transaksi', 'negeri']	neutral
['hai', 'developer', 'winderkenapa', 'sistem', 'wonder', 'masalah', 'jaring', 'bagussngx', 'masalah', 'tolong', 'baik', 'cepat']	neutral
['kali', 'pakai', 'aplikasi', 'wondr', 'by', 'bni', 'alam', 'pribadi', 'aplikasi', 'gampang', 'aplikasi', 'ribet', 'terima', 'kasih', 'bni', 'cipta', 'aplikasi', 'mudah']	positive
['wonderku', 'enggak', 'pilih', 'setor', 'tunai', 'tarik', 'tunai']	neutral
['aplikasi', 'sat', 'set', 'promo', 'wondr']	positive
['aplikasi', 'payahbanyak', 'bugselalu', 'error', 'genting', 'payah', 'aplikasi', 'bni', 'wondr', 'terpaksatdk', 'install', 'aplikasi']	negative
['ringan', 'ukur', 'aplikasi', 'lumayan']	positive
['bagus', 'kendala']	positive
['habis', 'ganti', 'hp', 'aktifin', 'sama', 'banking', 'bank', 'suruh', 'download', 'wonder', 'eh', 'enak', 'masak', 'transaksi', 'e', 'wallet', 'maximal', 'juta']	negative
['banget', 'error']	neutral
['oalah', 'transaksi', 'by', 'bni', 'klik', 'template', 'bni', 'salah', 'faham', 'lihat', 'transaksi', 'layar', 'utama', 'pojok', 'kanan', 'wkwkwkwk', 'desainer', 'bikin', 'gagal', 'faham', 'benar', 'benar', 'anja']	positive
['verifikasi', 'wajah', 'susah', 'gagal', 'kali', 'paksa', 'banget', 'download', 'karena', 'bayar', 'listrik', 'mbangikng', 'sudah', 'sekarang', 'app', 'daftar', 'verifikasi', 'wajah', 'susah']	negative
['bagus', 'lola', 'aplikasi']	positive
['apk', 'gampang']	positive
['fiturnya', 'lengkap', 'beda', 'apk', 'biru', 'launching', 'sudah', 'lengkap', 'next', 'fiturnya', 'mudah', 'cust', 'terima kasih']	neutral
['aneh', 'mentok', 'logo', 'buka', 'sinyal', 'kuat']	negative
['dikit', 'eror', 'dikit', 'baik', 'ajar', 'aplikasi', 'bni', 'malah']	neutral
['hp', 'poco', 'masuk', 'aplikasi', 'langsung', 'buka', 'syarat', 'tentu', 'pop', 'up', 'sesi', 'aplikasi', 'merestart', 'siklus', 'syarat', 'tentu', 'siklus', 'buka', 'aplikasi', 'begitu', 'maaf', 'revisi', 'bintang', 'baik']	negative
['halo', 'kakak', 'bni', 'ganggu', 'bagaimana', 'kak', 'tf']	neutral
['kemarin', 'buka', 'sulit', 'transaksi']	negative
['aplikasi', 'download', 'pakai', 'login', 'tolong', 'bni', 'baik', 'aplikasi']	negative
['download', 'karena', 'bni', 'mobile', 'sudah', 'setor', 'tunai', 'selesai', 'verifikasi', 'masuk', 'halaman', 'tuju', 'ulang', 'data', 'hapus', 'masuk', 'ulang', 'beberapa', 'kali', 'sulit', 'akses', 'rek', 'bni', 'online', 'karena', 'wondr', 'masalah', 'bni', 'mobile', 'sudah', 'batas', 'aktivitas']	negative
['erorsampai', 'error', 'bisa', 'bukajd', 'susah', 'belanja', 'online', 'transaksi', 'yatolong', 'cepat', 'baik']	neutral
['mudah', 'pakai', 'wondr', 'sukses', 'bni']	positive
['aplikasi', 'wondr', 'tampil', 'tarik', 'collorfull', 'transaksi', 'mudah', 'cepat', 'tingkat', 'fiturfiturnya', 'transaksi', 'perban', 'dengan', 'mudah', 'cepat']	positive
['apk', 'bni', 'mudah', 'akses', 'fitur', 'lengkap']	positive
['transaksi', 'mudah', 'aktivasinya', 'ribet', 'tampil', 'warna']	positive
['metode', 'bayar', 'didik', 'wonder', 'ui', 'ya', 'mohon', 'app']	neutral
['mudah', 'tampil', 'beda']	positive
['mudah', 'transaksi']	positive
['bagus', 'aplikasi', 'bagus']	positive
['aplikasi', 'layan', 'cepat', 'fitur', 'mudah', 'paham', 'transaksi', 'enak', 'alhamdulillah', 'hambat', 'terima', 'kasih', 'wonder', 'by', 'bni']	positive
['kenapa', 'instal', 'apk', 'daftar', 'apk', 'data', 'hilang', 'masuk', 'dari']	neutral
['aplikasi', 'bagus', 'lapor', 'uang', 'detail', 'tunggu', 'estatement', 'bulan', 'cek', 'transaksi', 'uang', 'bank', 'bni', 'mobile', 'lihat', 'wondr', 'kecewa', 'berat', 'sih']	neutral
['aplikasi', 'bagus', 'enggak', 'lot', 'fiturnya', 'lengkap', 'enggak', 'ribet', 'kalo', 'bayar', 'karena', 'sudah']	positive
['aplikasi', 'wondr', 'by', 'bni', 'bantu', 'guna', 'bayar', 'transaksi']	positive
['aplikasi', 'bagus', 'mbanking', 'mudah', 'dalam', 'operasionalnyasaat', 'verifkasi', 'wajah', 'harus', 'ulang', 'ulang', 'padahal', 'terang', 'cahaya', 'kirim', 'kode', 'otp', 'begitu', 'terima', 'masuk', 'sudah', 'laku', 'hadeh']	neutral
['good', 'service', 'sukses', 'lot']	positive
['aplikasi', 'mudah', 'tampil', 'tarik', 'menu', 'lengkap', 'adakan', 'setor', 'tunai', 'tarik', 'tunai', 'kartu', 'jam', 'tarik', 'tunai', 'kartu', 'bantu', 'bank', 'belah', 'moga', 'lekas', 'ubah', 'menu', 'kasih', 'bintang']	positive
['dar', 'info', 'login', 'sesi', 'login', 'centang', 'centang', 'inshaallah', 'hasil', 'sesi', 'terima', 'kasih']	positive
['tutup', 'aplikasi', 'buka', 'halaman', 'login', 'halaman', 'kali', 'masuk', 'akun', 'buka', 'aplikasi', 'foto', 'ktp']	negative
['bug', 'aplikasi', 'kalau', 'login', 'tolong', 'baik', 'banget', 'stak', 'tampil', 'logo']	negative
['buruk', 'bayang', 'mas', 'mending', 'apk', 'bni', 'mobile', 'transaksi', 'dana', 'link', 'dll', 'batas', 'jta', 'riwayat', 'sisa', 'saldo', 'transaksi']	negative
['beli', 'paket', 'data', 'tadi', 'pagi', 'bisa', 'info', 'maintenance']	neutral
['tolong', 'transaksi', 'muncul', 'berita', 'dongseperti', 'bni', 'mobile', 'kita', 'tau', 'terang', 'transaksi']	neutral
['aplikasi', 'super', 'warna', 'stabil', 'mantab', 'bni']	positive
['tampil', 'keren', 'simpel', 'informatif', 'pakai', 'wondr', 'tiap', 'transaksi']	positive
['transaksi', 'transfer', 'bri', 'wonder', 'by', 'bnidan', 'taplus', 'bisnispas', 'cek', 'mutasi', 'bri', 'transaksi', 'hasil', 'kece', 'wonder', 'by', 'bni', 'kait', 'saldo', 'kosongdan', 'pergi', 'center', 'bni', 'transaksi', 'akun', 'sayaapakah', 'lapor', 'bri', 'bni', 'tolong', 'bantu', 'kak', 'uang', 'krisis', 'rantau', 'kakyang', 'mana', 'uang', 'gaji', 'uang', 'makan']	neutral
['kemarin', 'hapus', 'instal', 'lagiternyata', 'verifikasi', 'emailterpaksa', 'uninstal']	negative
['sebenarnya', 'sudah', 'bagus', 'cepat', 'ringan', 'load', 'aplikasi', 'sayang', 'fitur', 'mobile', 'tunai', 'tolong', 'segera', 'fitur', 'terimakasih']	neutral
['mohon', 'verivikasi', 'wajah', 'toleransi', 'orang', 'normal', 'ngedip', 'susah', 'masuk', 'tolong', 'koreksi', 'verivikasi', 'ngikuti', 'instruksi', 'orang', 'bekacamata', 'mbaca', 'ngikuti', 'perintah', 'cepat', 'tele', 'tele', 'aplikasi']	negative
['bagus', 'wondr']	positive
['kok', 'enggak', 'buka', 'aplikasi', 'wonder', 'bni', 'pemeliharaanatau', 'trouble', 'muncul', 'tampil', 'klik', 'masuk', 'pin', 'fingerprint', 'tolong', 'wondr', 'bni', 'error']	negative
['gampang', 'paham', 'aplikasi']	positive
['tarik', 'tunai', 'kartu', 'ribet', 'pakai', 'no', 'otp', 'biarpun', 'pulsa', 'tolong', 'baik', 'biar', 'simpel', 'cepat', 'terima kasih']	neutral
['memakai', 'aplikasi', 'enggak bisa', 'buka', 'aplikasi', 'buka', 'tampil', 'logo', 'masuk', 'menu', 'aplikasi', 'sekalidua', 'kali', 'wonder', 'update', 'sistem', 'eror', 'transfer', 'dana', 'sulit', 'karena', 'masuk', 'aplikasi', 'note', 'muncul', 'logo']	negative
['mudah', 'lancarsat', 'set', 'transaksi']	positive
['verifikasi', 'email', 'gajadi', 'email', 'penuh', 'enggak ada', 'kode', 'otp', 'masuk', 'email', 'bagaimana', 'mohon', 'bantuanya']	neutral
['mudahdan', 'puas', 'aplikasi']	positive
['mantap', 'keren', 'mudah', 'transaksi', 'aman']	positive
['gue', 'sih', 'ribet', 'banget', 'kalo', 'enggak', 'kartu', 'enggak', 'cuman', 'ngandelin', 'apk', 'wonder', 'verifikasi', 'otp', 'kadang', 'enggak', 'muncul', 'blokir', 'menunggu', 'hari', 'sudah', 'masuk', 'blokir', 'verifikasi', 'tambah', 'cabang', 'dekat', 'ampun', 'seribet']	negative
['enggak', 'menu', 'jha', 'aplikasi', 'sama', 'banking', 'dulu', 'menu', 'tarik', 'tunai', 'kartu', 'nya', 'lengkap']	neutral
['wondr', 'friendly', 'cepat', 'tampil', 'tarik', 'fitur', 'wondr', 'mobile', 'bangking', 'terthe', 'best']	positive
['mudah']	positive
['kalo', 'malam', 'trobel', 'tolong', 'baik', 'terima kasih']	negative
['mudah', 'transaksi']	neutral
['tolong', 'mencoba', 'verifikasi', 'wajah', 'gagal', 'mulu', 'kedip', 'mata', 'sudah', 'jarang', 'sudah', 'mengikuti', 'instruksi', 'sudah', 'pakai', 'tripod', 'mata', 'melotot', 'bawah', 'sinar', 'matahari', 'jam', 'fokus', 'kamera']	negative
['indak', 'buka']	negative
['responsip', 'bantu']	positive
['aplikasi', 'keren', 'diandalkanbisa', 'semuanyacepat', 'pulathanks']	positive
['registrasi', 'cepat', 'step', 'bayar', 'qris', 'wondr', 'cepat', 'efisien', 'transaksi', 'mudah']	positive
['belum', 'ganti', 'pakai']	neutral
['stuck', 'logo', 'jaring', 'bagus', 'tolong', 'baik', 'keluh']	negative
['pikir', 'aplikasi', 'dengan', 'fitur', 'aplikasi', 'fitur', 'sunat', 'sedia', 'mobile', 'tunai', 'heemm', 'updete', 'nih', 'fiturnya']	negative
['cepat', 'genggam', 'layan', 'fasilitas', 'bantu', 'muas']	positive
['bagus', 'mudah']	positive
['mudah', 'mudah', 'log', 'ini', 'isi', 'data', 'gaptek', 'enggak', 'bingung', 'pakenya']	positive
['mudah', 'cepat']	positive
['super', 'cepat', 'sukses', 'bni', 'depan', 'layan', 'depan', 'service', 'excellent', 'masyarakat', 'indonesia']	positive
['bagus', 'kes', 'legan', 'cuman', 'stabil', 'bug']	positive
['ribet', 'lebih', 'mudah', 'sebelum', 'wonderya', 'belum', 'kali']	positive
['aplikasi', 'keren', 'modern', 'mudah', 'menggunakanny']	positive
['aplikasi', 'wondr', 'hp', 'enggak', 'masuk', 'tampil', 'login', 'tampil', 'wondr', 'by', 'bni', 'mohon', 'bantu', 'kak', 'terima', 'kasih']	positive
['suka', 'hank', 'kadang', 'bikin', 'malu', 'ambil', 'promo', 'kasir', 'lola']	neutral
['bayar', 'qris', 'top', 'up', 'ewallet', 'tap', 'cash', 'cepat', 'mudah', 'tampil', 'ui', 'simpel', 'fresh', 'mudah']	positive
['sudah', 'bagus', 'saran', 'proses', 'login', 'mudah', 'mana', 'apknya', 'eror', 'halaman', 'syarat', 'tuju', 'centang', 'tuh', 'instal', 'ulang', 'password', 'salah', 'catat', 'aplikasi', 'bilang', 'password', 'masuk', 'salah', 'pin', 'aju', 'lupa', 'password', 'pin', 'proses', 'login', 'ribet', 'sudah', 'keluh']	neutral
['bagus', 'aplikasi', 'wondr', 'by', 'bni']	positive
['wonder', 'fitur', 'aktivadi', 'transaksi', 'kartu', 'luar', 'negeri', 'bni', 'mobile', 'banking']	neutral
['cepat', 'akurat']	positive
['sebenarnya', 'bagus', 'upgrade', 'aplikasi', 'sekarang', 'ribet', 'perihal', 'login', 'setting', 'pakai', 'finger', 'print', 'harus', 'tahap', 'gagal', 'sudah', 'top', 'up', 'ewallet', 'harus', 'verifikasi', 'banyak', 'coba', 'belum', 'dengan', 'alesan', 'banyak', 'verifikasi', 'tolong', 'upgrade', 'asa', 'mobile', 'mbangking', 'seribet']	neutral
['tolong', 'regis', 'ambil', 'foto', 'pribadi', 'voice', 'kasih', 'mata', 'minus', 'lihat', 'tulis', 'lihat', 'ulang', 'eror']	negative
['app', 'praktis', 'mudah']	positive
['deskripsi', 'transaksi', 'minim']	neutral
['suka', 'apk', 'ya', 'mmuaskan', 'lebih', 'nyaman', 'pakai', 'bni', 'mobile', 'password', 'loginnya', 'gilir', 'tf', 'salah', 'pin', 'ya', 'sudah', 'ganti', 'pin', 'login', 'ulang', 'malah', 'salahpdhl', 'sudah', 'benermembagongkan']	neutral
['aplikasi', 'mudah', 'banget', 'fitur', 'fitur', 'aplikasi', 'sudah', 'oke', 'banget', 'sih', 'bikin', 'pusing', 'guna']	positive
['hai', 'developer', 'winderkenapa', 'sistem', 'wonder', 'masalah', 'jaring', 'bagussngx', 'masalah', 'tolong', 'baik', 'cepat']	neutral
['suka', 'bagus', 'tampil']	positive
['ribet', 'bayar', 'harus', 'bagi', 'bni', 'mbanking', 'wondr', 'jadi', 'biar', 'mudah', 'costomer', 'terima', 'kasih']	neutral
['bagus', 'cepat', 'proses', 'gampanh']	positive
['muas', 'mudah', 'transaksi']	positive
['ganguan', 'worder', 'kacau', 'bni', 'tf', 'buka', 'poto', 'tolong', 'baik', 'jam', 'sih', 'wonder', 'ganguan', 'mulu']	neutral
['install', 'aplikasi', 'penasaran', 'bilang', 'bagus', 'recommended', 'aplikasi', 'recommend', 'banget', 'fiturfiturnya', 'lengkap', 'layan', 'jaring', 'jelek', 'aplikasi', 'aplikasi', 'mudah', 'banget', 'transaksi', 'nontunai', 'pokok', 'aplikasi', 'recommended']	positive
['verifikasi', 'video', 'call', 'video', 'lancar', 'koneksi', 'internet', 'stabil']	neutral
['fitur', 'setor', 'tunai', 'kartu']	negative
['tolong', 'min', 'fitur', 'ganti', 'nomer', 'kayak', 'aplikasi', 'bank', 'belah', 'ubah', 'nomer', 'cabang', 'bni', 'suruh', 'cabang', 'ribet', 'tolong', 'mudah', 'kayak', 'bank', 'belah', 'ubah', 'nomer', 'aplikasi', 'sama', 'banking']	negative
['app', 'wonder', 'bni', 'saya', 'buka']	neutral
['tingkat', 'performen']	positive
['bagus', 'modern', 'wondr', 'by', 'bni', 'andal', 'ku', 'syudahlah']	positive
['tampil', 'colourful', 'kini', 'banget', 'guna', 'praktis', 'pantau', 'mudah']	positive
['mudah', 'cepat', 'ribet']	positive
['ribet', 'pakai', 'aplikasi', 'verifikasi', 'wajah', 'ktp', 'terus', 'masuk', 'no', 'hp', 'kayak', 'bank']	negative
['rumit', 'registrasi', 'aplikasi', 'foto', 'wajah', 'sulit', 'deteksi', 'aplikasi', 'ulang', 'ulang', 'coba', 'esok', 'kantor', 'cabang', 'bantu', 'satpam', 'mohon', 'baik', 'rumit']	negative
['banget', 'error', 'aplikasi', 'transaksi', 'enggak bisa', 'dibukaduh']	negative
['mudah', 'transaksi']	positive
['interface', 'lebih', 'mudah', 'cepat', 'fitur', 'transaksi', 'tarik', 'setor', 'atm', 'pasang', 'seperti', 'mobile', 'banking']	neutral
['wondr', 'by', 'bni', 'keren', 'praktis', 'memudahkn', 'transaksi', 'genggam']	positive
['mudah', 'cepat', 'akurat']	positive
['selamat', 'malam', 'semenjak', 'pakai', 'wondr', 'masalah', 'login', 'info', 'perbaikandri', 'malam', 'malam', 'bertransakasimohon', 'baik', 'system']	neutral
['menu', 'saldo', 'pinjam', 'bni', 'flexi', 'bni', 'mobile', 'mudah', 'penting', 'lapor', 'lhkpn', 'wondr', 'effort', 'lapor', 'bank', 'transaksi', 'autodebet', 'bayar', 'cicil', 'kredit', 'flexy', 'muncul', 'mutasi', 'rekening', 'rekening', 'tabung', 'muncul', 'bni', 'mobile', 'banking']	neutral
['daftar', 'log', 'ini', 'suruh', 'daftar', 'ulang', 'mohon', 'bantu']	neutral
['wondr', 'bnitransaksi', 'lancar', 'selang', 'transaksi', 'masalah', 'transfer', 'bank', 'bni', 'terima', 'bank', 'payah', 'tinggal', 'banget', 'teknologi', 'bank']	negative
['enak', 'pakai', 'bni', 'mobile', 'banking', 'bendahara', 'giat', 'kantor', 'pakai', 'bni', 'mobile', 'banking', 'pegawai', 'tau', 'rincian', 'nama', 'giat', 'masuk', 'wondr', 'dari', 'rincoan', 'rekening', 'kirim', 'nominal', 'uang', 'teman', 'keluh', 'cek', 'aplikasi', 'uninstall', 'wondr', 'pakai', 'bni', 'mobile', 'error', 'login']	neutral
['aplikasi', 'buka', 'tulis', 'aplikasi', 'henti', 'jdinya', 'login', 'susah', 'masuk']	negative
['mohon', 'baik', 'guna', 'apk', 'harap', 'bantu', 'nasabah', 'transaksi', 'lambat', 'login', 'situasi', 'urgen', 'download', 'apk', 'gara', 'enggak', 'isi', 'token', 'listrik', 'apk']	neutral
['bantu', 'lola', 'kirim', 'otp', 'buka', 'rekening']	positive
['tampil', 'aplikasi', 'bagus', 'mudah', 'jarang', 'pakai', 'cash', 'jajan', 'belanja', 'tinggal', 'pakai', 'qris', 'transfer', 'uang', 'bulan', 'beli', 'pulsakuota', 'bayar', 'tagih', 'belanja', 'ecommerce', 'gampang', 'rumah']	positive
['tarik', 'tunai', 'pakai', 'aplikasi', 'nomor', 'otpnya', 'kirim', 'coba', 'bsi', 'masuk', 'nomor', 'hp', 'kode', 'transisi', 'langsung', 'uang', 'pakai', 'kirim', 'nomor', 'kirim', 'aplikasi', 'bni', 'wondr', 'tarik', 'tunai', 'aplikasi']	negative
['masak', 'kode', 'qr', 'kadaluarsa', 'aneh', 'banget', 'bagaimana', 'bayar', 'pakai', 'qr', 'barcode', 'enggak', 'muncul', 'sudah', 'baru']	negative
['tingkat', 'performa']	positive
['jam', 'transfer', 'gagal', 'aneh', 'mengerti', 'begini', 'menyusahkan', 'orang', 'transaksi']	negative
['bikin', 'aplikasi', 'enggak', 'lengkap', 'tarik', 'tunai', 'kartu', 'enggak', 'pakai', 'bni', 'mobile', 'enggak', 'akses', 'tarik', 'tunai', 'kartu']	neutral
['alih', 'mobile', 'banking', 'wondr', 'fiturnya', 'sudah', 'lengkap', 'mudah', 'proses', 'klik', 'klik', 'fitur', 'mobile', 'tunai', 'enggak']	neutral
['maaf', 'kakak', 'tolong', 'baik', 'karena', 'akun', 'ku']	positive
['urus', 'mudah', 'tata', 'rapi', 'terimakasi', 'wondr', 'by', 'bni']	positive
['jujur', 'sebenarnya', 'suka', 'simpel', 'cuman', 'plis', 'kalo', 'baru', 'apa', 'plis', 'jam', 'kerja', 'kalo', 'transaksi', 'suka', 'enggak']	neutral
['lelet', 'tks', 'wondr', 'by', 'bni', 'guna']	positive
['aplikasi', 'mudah', 'transaksi', 'mana', 'mudah', 'guna', 'aplikasi', 'moga', 'depan', 'kembang']	positive
['pakai', 'wondr', 'by', 'bni', 'mudah', 'simple', 'desain', 'mudah', 'paham', 'transaksi', 'mudah']	positive
['bni', 'aplikasi', 'aplikasi', 'bikin', 'ribet', 'kadang', 'lupa', 'passwordnya', 'bni', 'mobile', 'wondr', 'tolong', 'salah', 'tingkat', 'biar', 'banyak', 'aplikasi', 'terima', 'kasih', 'bni', 'bantu']	positive
['malam', 'susah', 'transaksi']	positive
['aplikasi', 'wondry', 'reksa', 'dana', 'ribu', 'an', 'cocok', 'reksa', 'dana', 'uang', 'minim', 'rekomendasi']	positive
['aplikasi', 'mudah', 'transaksi', 'the', 'one']	positive
['senang']	positive
['haloo', 'bni', 'sedia', 'fitur', 'transaksi', 'kartu', 'tunggu', 'bni', 'mobil', 'setor', 'tunai', 'kartu', 'arah', 'wondr', 'by', 'bni', 'saran', 'lengkap', 'fitur', 'minimal', 'bni', 'mobile', 'tutup', 'aplikasi', 'wondr', 'by', 'bni']	negative
['gampang', 'mudah', 'aplikasi', 'wondr']	positive
['enggak jelas', 'syaratketentuan', 'sudah', 'login', 'hp', 'ram', 'iya', 'mengaco', 'mah', 'aplikasi', 'down', 'payah', 'mending', 'bni', 'mobile', 'banking']	negative
['saran', 'baik', 'sistem', 'jam', 'salah', 'perbaikanpengoptimalan', 'jam', 'malam', 'ganggu', 'transaksi', 'nasabah', 'siang']	neutral
['aplikasi', 'bagus', 'proses', 'transaksi', 'cepat', 'enggak', 'ribet', 'enggak', 'pakai', 'maju', 'bni']	positive
['kadang', 'lot']	neutral
['mudah', 'cepat', 'transaksi', 'apa']	positive
['eye', 'catching', 'warna', 'tarik', 'gampang', 'top', 'up', 'e', 'wallet', 'keren', 'pokok', 'lupa', 'tambahkan', 'fitur', 'tarik', 'tunai', 'ya', 'bossku', 'manyala', 'bni']	positive
['pakai', 'wondr', 'by', 'bni', 'suka', 'tampil', 'lucu', 'beli', 'makan', 'pakai', 'qris', 'wondr', 'sat', 'set', 'helpfull', 'easy', 'tapi', 'use']	positive
['aplikasi', 'jelaspindah', 'aplukasi', 'baiktp', 'susahkalo', 'paksa', 'nasabah', 'pindahperbaiki', 'aplikasi']	negative
['lihat', 'histori', 'kalo', 'nagih', 'enggak', 'byrtapi', 'libur']	neutral
['enggak jelas', 'nih', 'apk', 'mending', 'pakai', 'bni', 'mobile', 'login', 'bilang', 'sesi', 'login', 'ngabisin', 'ulang', 'twrus', 'gajetotflah']	negative
['simpel', 'manfaat']	positive
['registrasi', 'tambah', 'pergi', 'bank', 'terdekatkenapa', 'suruh', 'registasi', 'ulang']	negative
['pakai', 'wondr', 'susah', 'kali', 'top', 'up', 'tap', 'cash', 'sudah', 'kali', 'mencoba', 'gagal', 'mohon', 'baik', 'aplikasi', 'susah', 'ngisi', 'etoll']	neutral
['baik', 'transfer', 'uang', 'enggak', 'nomor', 'rekening', 'baik', 'kalau', 'aplikasi', 'baik', 'wajar', 'keluarga', 'transfer', 'uang', 'kendala', 'nomor', 'rekening', 'baik', 'mohon', 'jelas']	neutral
['mantap', 'bantu']	positive
['banyak', 'aplikasiharus', 'bayar', 'listrik', 'mobile', 'banking', 'download', 'aplikasi', 'mudah', 'sulit']	negative
['fitur', 'masalah', 'ulang', 'kali', 'top', 'up', 'ewallet', 'dana', 'enggak', 'alas', 'sistem', 'masalah', 'menu', 'transfer', 'enggak', 'bni', 'mobile', 'banking', 'mudah', 'enggak', 'ribet', 'wondr', 'transfer', 'proses', 'transaksi', 'terkadang', 'gagal', 'malas', 'perlu', 'kantor', 'pos', 'dll', 'transfer', 'sulit', 'sesal', 'pakai', 'wondr', 'bagus', 'aplikasi', 'sistem', 'bagus', 'mending', 'buru', 'launching', 'apk']	neutral
['mudah', 'cepat', 'transaksi', 'ui', 'ux', 'keren', 'banget']	positive
['neng', 'banget', 'repot', 'dari', 'rumah', 'langsung', 'tf', 'batu', 'banget']	positive
['aplikasi', 'sial', 'kali', 'coba', 'verifikasi', 'wajah', 'enggak', 'sudah', 'sama', 'banking', 'mala', 'bikin', 'app', 'ribet', 'kayak', 'gin']	negative
['menu', 'tarik', 'tunai', 'kartu']	positive
['notifikasi', 'transaksi', 'uang', 'masuk', 'baik']	positive
['kamera', 'selfie', 'rusak', 'aplikasi', 'aplikasi', 'guna', 'menverifikasi', 'wajah', 'mohon', 'maintenance', 'kaji', 'ulang', 'orang', 'handphone', 'bagus', 'aplikasi', 'guna', 'terima', 'kasih']	negative
['moga', 'upgrade', 'fitur', 'bni', 'mbanking', 'wondr', 'kayak', 'fitur', 'mobile', 'tunai', 'tarik', 'tunai', 'wondr', 'sedia', 'atm', 'bni', 'tarik', 'tunai', 'alfa', 'setor', 'tunai', 'app', 'wondr', 'sampai', 'aplikasi', 'mbanking', 'karena', 'proper', 'notif', 'masuk', 'buka', 'app', 'sudah', 'bagus', 'sih', 'wondr', 'tunggu', 'sentuh', 'baru']	neutral
['instal', 'aplikasi', 'aplikasi', 'simple', 'praktis', 'fitur', 'aplikasi', 'mudah', 'transaksi', 'transfer', 'kemanamana', 'ribet', 'rumah', 'tinggal', 'buka', 'aplikasi', 'terimakasih', 'wondr', 'by', 'bni']	positive
['teransaksi', 'mudah', 'banget', 'bikin', 'ribet', 'aplikasi', 'bagus']	positive
['gue', 'menyarankan', 'bagus', 'apps', 'wonder', 'serba', 'sudah', 'bagus', 'sesuai', 'nama', 'ganti', 'wonder', 'bingung', 'enggak']	negative
['gagal', 'verifkasi', 'wajah', 'entah', 'salah', 'settingan', 'hp', 'sesuai', 'ribet', 'wonder', 'bni', 'buset', 'verifikasi', 'wajah', 'kantor', 'cabang', 'gagal', 'verfikasi', 'wajah', 'verifikasi', 'wajah', 'gagal', 'kantor', 'cabang', 'gagal', 'vermuk', 'solusi', 'salah', 'dimanaa', 'ikut', 'sesuai', 'dengan', 'atur', 'kagak']	negative
['enak', 'bni', 'mobile', 'transaksi', 'tera', 'saldo', 'belah', 'terus', 'byr', 'pakai', 'virtual', 'accaount', 'gagal', 'kali', 'mohon', 'aplikasi', 'baik', 'tera', 'saldo', 'setelah', 'transaksi']	neutral
['bantu', 'transaksi', 'apk']	positive
['tolong', 'verifikasi', 'wajah', 'mata', 'baik', 'lagisangat', 'susah', 'daftarin', 'wajah', 'kalo', 'kasih', 'bintang', 'full']	negative
['aplikasi', 'loading', 'ken', 'isi', 'token', 'listrik', 'fiturnya', 'pakai', 'plis', 'token', 'listrik', 'deh', 'habis', 'kemarin']	neutral
['halosaya', 'sulit', 'ecek', 'riwayat', 'transaksi', 'pasu', 'pengeluaransepertinya', 'bug', 'pilih', 'filter', 'tanggal']	negative
['simple', 'tampil', 'keren']	positive
['wonder', 'tanggal', 'maret', 'enggak', 'buka', 'pencet', 'aplikasi', 'wonder', 'enggak', 'masuk', 'kenapa', 'ya', 'tolong']	neutral
['lapor', 'mutasi', 'rekening', 'kenpa', 'tanggal', 'lengkap', 'sampai', 'tanggal', 'baru', 'bisa', 'lihat', 'setelah', 'tanggal', 'mohon', 'update']	neutral
['enak', 'bni', 'mobile', 'transaksi', 'tera', 'saldo', 'belah', 'terus', 'byr', 'pakai', 'virtual', 'accaount', 'gagal', 'kali', 'mohon', 'aplikasi', 'baik', 'tera', 'saldo', 'setelah', 'transaksi']	neutral
['mantap', 'cepat']	positive
['keren', 'banget', 'tampilannyatransaksi', 'mudah', 'cepat']	positive
['halo', 'wonder', 'bni', 'aplikasi', 'lot', 'tibaa', 'akses', 'tlong', 'jelas', 'bagaimana', 'pakai', 'transaksi', 'jam', 'akses', 'bagaimana', 'rugi', 'tlong', 'baik', 'servernya', 'ya', 'penggunaa', 'wonderbni', 'banyak', 'loh', 'padahal', 'kenpa', 'servernya', 'murah']	neutral
['jalan']	positive
['muas']	positive
['close', 'daftar', 'ulang', 'baik', 'bug', 'min', 'tq']	neutral
['bantu', 'transaksi']	positive
['puas', 'sangat', 'kecewa', 'dengan', 'aplikasi', 'wonder', 'slma', 'pakai', 'mbanking', 'bni', 'ajmasa', 'pakai', 'wonder', 'tagih', 'shopipaylater', 'main', 'potong', 'shopipaylater', 'masalah', 'sekarang', 'padahal', 'sudah', 'potong', 'langsung', 'tagih', 'shopipaylater', 'wonder']	negative
['mantap', 'daftar', 'mudah', 'enggak', 'ribet', 'moga', 'mantap']	positive
['mudah', 'pakai', 'enak', 'bni', 'mobile', 'karena', 'histori', 'transaksi', 'simpan', 'bentuk', 'pdf', 'kemarin', 'bikin', 'bingung', 'transaksi', 'bayar', 'qris', 'uang', 'cek', 'riwayat', 'transaksi', 'bayar', 'gagal', 'lupa', 'transaksi', 'sisa', 'saldo', 'apk', 'saldo', 'masuk', 'saldo', 'ruang']	neutral
['suka', 'banget', 'aplikasi', 'desain', 'keren', 'fiturnya', 'mudah', 'notifikasi', 'muncul', 'transaksi', 'rp', 'moga', 'depan', 'ubah', 'biar', 'transaksi', 'nominal']	positive
['detail', 'uang', 'masuk', 'bni', 'mobile']	neutral
['aplikasi', 'user', 'friendly', 'bayar', 'qris', 'ewallet', 'tapcash', 'mudah', 'cepat']	positive
['tolong', 'aplikasi', 'baik', 'dalam', 'proses', 'tingkat', 'system', 'dll', 'kadang', 'butuh', 'angkat', 'karena', 'urgent', 'menunggu', 'karena', 'baik', 'tingkat', 'dll', 'gila', 'menunggu', 'tolong', 'next', 'perhati', 'sering', 'proses', 'tingkat', 'system', 'trimaksih']	neutral
['hai', 'developer', 'winderkenapa', 'sistem', 'wonder', 'masalah', 'jaring', 'bagussngx', 'masalah', 'tolong', 'baik', 'cepat']	neutral
['banyak', 'aplikasi', 'gonta', 'ganti', 'bagus', 'apk', 'simple', 'enggak', 'neko', 'enggak', 'lot', 'apk', 'berat', 'grafis', 'kalo', 'hp', 'kentang']	negative
['layak', 'minggu', 'apam', 'tida', 'transaksi', 'karena', 'pin', 'pasword', 'sesuai', 'email', 'taut']	negative
['word', 'itu', 'fitur', 'pinjam', 'online', 'biar', 'bank', 'antri', 'aju', 'kredit']	positive
['aplikasi', 'keren', 'transaksi', 'cepat']	positive
['manfaat', 'mudah', 'konsumen']	positive
['fitur', 'login', 'pakai', 'biometrik', 'sidik', 'jari', 'aktif', 'tolong', 'sedia', 'menu', 'login', 'pakai', 'password', 'takut', 'login', 'sidik', 'jari', 'masalah', 'login', 'password']	positive
['mobile', 'tunai', 'bni', 'mobile', 'setor', 'mobile', 'tunai', 'mati', 'bukti', 'transaksi', 'uang', 'terima', 'transfer', 'bukti', 'detil', 'kirim']	neutral
['daftar', 'gagal', 'wawancara', 'gagal', 'bank', 'langsung']	negative
['mantap', 'cs', 'otomatis', 'terinstal', 'hp']	positive
['aplikasi', 'buka', 'pakai', 'bayar', 'susah', 'baru', 'bagaimana']	positive
['susah', 'identifikasi', 'wajah']	negative
['aplikasi', 'banding', 'versi', 'terdahhlu', 'cepat', 'moga', 'fiturfitur', 'depan', 'lengkap']	positive
['transfer', 'hasil', 'wonder', 'saldo', 'masuk', 'rekening', 'yang', 'transfer', 'bagaimana', 'min']	neutral
['coba', 'ulang', 'kali', 'foto', 'wajah', 'kali', 'kali', 'gagal', 'mending', 'enggak', 'nabung', 'bni', 'ribet', 'kantor', 'cabang', 'ndemak', 'e', 'sidik', 'jari', 'enggak', 'baca', 'suruh', 'terang', 'kedukcapil', 'lah', 'nabung', 'cari', 'ktpkk', 'sontoloyo', 'bikin', 'susah']	negative
['top', 'banget', 'wondr', 'by', 'bni', 'mudah', 'bayar', 'tagih', 'beli', 'pulsa', 'data', 'kuota']	positive
['kok', 'baik', 'urgent', 'riweuh', 'jaring', 'bagus', 'wifi', 'oke', 'akses', 'notifnya', 'kendala', 'coba', 'coba', 'pakai', 'axis', 'telkomsel', 'indosat', 'smartfren', 'kalo', 'jaring', 'masalah', 'youtube', 'netflix', 'pakai']	neutral
['buka', 'pesan', 'tim', 'baik', 'uninstall', 'kali', 'belum', 'dieprbaiki']	negative
['eror', 'fitur', 'akses', 'apl']	neutral
['aplikasi', 'henti', 'buka']	neutral
['masuk', 'notif', 'notif', 'uang', 'masuk', 'telat', 'kadang', 'laku', 'bisnis', 'nyaman', 'karena', 'langgan', 'transfer', 'dp', 'notif', 'histori', 'saldo', 'masuk', 'mudah', 'mudah', 'bank', 'belah', 'beli', 'pulsa', 'token', 'listrik', 'moga', 'tingkat', 'depan', 'langgan', 'tetap', 'betah', 'pakai']	neutral
['mudah', 'cepat']	positive
['tolong', 'baik', 'tambah', 'menu', 'transaksi', 'non', 'kartu']	negative
['layan', 'puas', 'cepat', 'transaksi', 'trimakasih']	positive
['mudah', 'cepat']	positive
['ribet', 'setor', 'tunai', 'download', 'apk', 'sudah', 'download', 'tetap', 'belum', 'setor', 'menunggu', 'fiturnya', 'ribet', 'woi', 'balikin', 'fitur', 'stor', 'apk', 'bni', 'urgent', 'enggak', 'isi', 'saldo']	negative
['password', 'sudah', 'memasuki', 'aneh', 'login', 'terang', 'password', 'salah', 'aneh', 'padahal', 'password', 'pakai', 'login']	neutral
['keren', 'fitur', 'lengkap']	positive
['mudah', 'bertran', 'saksi', 'sisa', 'pinjam']	neutral
['kode', 'verifikasi', 'kirim', 'via', 'email', 'muncul', 'tolong', 'baik', 'aplikasi']	negative
['ulang', 'kali', 'masuk', 'ktp', 'login', 'gagal', 'rang', 'tim', 'baik', 'aplikasi']	negative
['aplikasi', 'cepat', 'aman', 'mudah', 'habis', 'transaksi', 'transfer', 'bank', 'saldo', 'langsung', 'terupdate', 'keren', 'cuuyy']	positive
['password', 'kalo', 'lupa', 'ribet', 'kali', 'pencet', 'batal', 'ganti', 'password', 'ribet', 'enggak', 'ganti']	neutral
['cepat', 'mudah', 'tampil', 'kini']	positive
['maintenance', 'mulu', 'orang', 'buru', 'menunggu']	neutral
['bantu', 'banget', 'aplikasi', 'promo', 'merchant', 'langgan', 'untung', 'banget', 'pakai', 'wondr', 'pokok', 'mah', 'mantap', 'bni']	positive
['buka', 'smartphone', 'ku', 'nge', 'bug', 'update']	neutral
['mbankin', 'beroprasi', 'alih', 'wondr', 'pakai', 'wonder', 'bom', 'bulan', 'vertivikasi', 'ulang', 'merugikn', 'paket', 'daftar', 'selamany', 'harusny', 'aplikasi', 'baru', 'jamin', 'nyaman', 'nasabah', 'aplikasi', 'sebelumny']	negative
['ngalamai', 'bug', 'transfer']	negative
['mudah', 'cepat']	positive
['kalau', 'habis', 'transaksi', 'tf', 'langsung', 'rekap', 'contoh', 'tf', 'rekening', 'orang', 'benar', 'lapor', 'rekap', 'tf', 'an', 'rekap', 'transaksi', 'kalau', 'lupa', 'ss', 'bukti', 'transfer', 'alamt', 'kalau', 'mencari', 'besok']	negative
['bagus', 'sih', 'aplikasi', 'nyacuman', 'banget', 'transfer', 'top', 'up', 'dana', 'gagal', 'terusterus', 'kadang', 'sudah', 'hasil', 'masuk', 'nominal', 'uang', 'ulang', 'kali', 'cuman', 'bagus', 'aplikasi', 'malahanapa', 'versi', 'beta', 'kah', 'developer', 'tolong', 'solusi', 'guna', 'setia', 'mobile', 'banking', 'bni', 'thank', 'you']	neutral
['aplikasi', 'enggak', 'buka', 'play', 'store', 'updatenya', 'tolong', 'kembang', 'baik']	neutral
['buka', 'kartu', 'blokir', 'mengaco']	neutral
['cepat', 'aman']	positive
['aplikasi', 'hampis', 'gangguang', 'bis', 'qris', 'loading', 'inyernet', 'kencang', 'error', 'sistem', 'endingnya', 'aplikasi', 'bni', 'jengkel', 'kadang', 'dipakek', 'registrasi', 'ulangana', 'pakai', 'ktp', 'wajah', 'bikin', 'antre', 'minimarket', 'aplikasi']	neutral
['kerensmakin', 'lengkap', 'transaksi']	positive
['aplikasi', 'error', 'enggak', 'login', 'karena', 'halaman', 'utama', 'muncul', 'halaman', 'utama', 'daftar', 'login', 'muncul', 'syaratsyarat', 'pakai', 'daftar', 'sudah', 'diikutin', 'step', 'daftar', 'muncul', 'situ', 'login', 'muncul', 'halaman', 'login', 'tolong', 'atas']	negative
['bagus', 'cepat']	positive
['kasih', 'bintang', 'dulu', 'deh', 'pakai', 'qris', 'gbisa', 'sudah', 'jam', 'menunggu', 'untung', 'bawa', 'uang', 'cash', 'benerin', 'aplikasi', 'mengesalkan', 'tau', 'enggak', 'bayar', 'aplikasi', 'error', 'malas', 'bikin', 'bete', 'saja']	neutral
['simple', 'praktis']	positive
['mudah', 'transaksi']	positive
['enggak', 'login', 'wajib', 'daftar', 'ulang', 'ribet', 'suruh', 'kantor', 'cabang', 'dekat', 'daerah', 'aceh', 'enggak', 'kantor', 'cabang', 'mesti', 'kluarkota', 'baik', 'online']	negative
['aplikasi', 'tingkat', 'bravo', 'bni']	positive
['sih', 'wondr', 'baik', 'banget', 'gilir', 'butuhin', 'error', 'baik', 'apa', 'baik', 'coba', 'kayak', 'sudah', 'sen', 'bawa', 'belanja', 'enggak', 'bawa', 'uang', 'cash', 'gilir', 'buka', 'wondr', 'gin', 'sudah', 'lo', 'gin', 'kasih', 'rating', 'gin', 'kalo', 'baik', 'tolong', 'segera', 'sudah', 'percaya', 'mbanking', 'bni', 'wondr']	negative
['cepat', 'lelet']	positive
['aplikasi', 'mantull', 'banget', 'sih', 'fitur', 'fitur', 'dalam', 'simpel', 'cashless', 'sih', 'cocok', 'qr', 'begitu', 'sayang', 'sih', 'enggak ada', 'tarik', 'tunai', 'aman', 'bagus']	positive
['turun', 'bintangtolong', 'fitur', 'tarik', 'tunai', 'kartu', 'atm', 'bantu', 'lupa', 'kartu', 'kartu', 'atm', 'blokir', 'tolong', 'perhati', 'fitur', 'bantu', 'sudah', 'fitur', 'cocok', 'bintang', 'sekarang', 'masih', 'bintang']	neutral
['tampil', 'oke', 'all', 'transaksi', 'terposting', 'debit', 'kredit', 'cepat', 'mudah']	positive
['mudah', 'transfer', 'uang', 'wonder', 'bni', 'moga', 'nasabah', 'bni']	positive
['keren', 'layan', 'internet', 'banking', 'tampil', 'aplikasi']	positive
['kok', 'wondr', 'by', 'bni', 'buka', 'ya', 'doang', 'transaksi', 'kemarin', 'buka', 'min', 'aplikasi', 'kenapa', 'uninstall', 'dulu', 'aduh', 'bingung', 'jelasinnya', 'bagaimana', 'ya', 'klik', 'aplikasi', 'wondr', 'stuck', 'gambar', 'kayak', 'min', 'gambar', 'kayak', 'playstore', 'stuck', 'saja']	neutral
['aplikasi', 'bagus', 'lapor', 'uang', 'detail', 'tunggu', 'estatement', 'bulan', 'cek', 'transaksi', 'uang', 'bank', 'bni', 'mobile', 'lihat', 'wondr', 'kecewa', 'berat', 'sih']	neutral
['aplikasi', 'bagustampilannya', 'kerenuntuk', 'fitur', 'gampang', 'dipakaiworth', 'itu', 'banget', 'mudah', 'transaksitampilan', 'warna', 'monoton', 'bikin', 'hati', 'neng', 'liatnyamantep', 'deh']	positive
['buka', 'aplikasi']	neutral
['tampil', 'bikin', 'mata', 'segar', 'fitur', 'promo', 'launching', 'keren']	positive
['tolong', 'aplikasi', 'benerin', 'sudah', 'instal', 'aplikasi', 'sudah', 'daftar', 'tinggal', 'login', 'aplikasi', 'buka', 'suruh', 'login', 'kes', 'aplikasi', 'abal', 'abal']	negative
['transfer', 'ku', 'tolong', 'bantu']	positive
['contoh', 'beli', 'token', 'listrik', 'isi', 'no', 'meter', 'manual', 'simpan', 'memori']	neutral
['aplikasi', 'bni', 'resmi', 'aplikasi', 'bni', 'bikin', 'rumit', 'tua', 'rakyat', 'muda', 'bikin', 'susah', 'rakyat', 'aplikasi']	negative
['serius', 'bni', 'kayak', 'gin', 'transaksi', 'gagal', 'duit', 'reff', 'buset', 'bagaimana', 'cerita', 'tera', 'tim', 'baik', 'gin', 'gin', 'mohon', 'coba', 'trf', 'kali', 'begitu', 'bujed', 'dah', 'reff', 'lah', 'kck', 'menunggu', 'menit', 'trf', 'appan', 'kagak', 'reff', 'lucu', 'benar', 'deh', 'hdehh', 'bank', 'kalo', 'sudah', 'masalah', 'reff', 'jir', 'gandi', 'reff', 'kck']	neutral
['transaksi', 'tampil', 'aplikasi', 'wondr', 'keluar', 'biaya', 'administrasi', 'kartu', 'tampil']	neutral
['aplikasi', 'tarik', 'mudah', 'aman']	positive
['menu', 'bayar', 'biaya', 'didik', 'kagak', 'kalo', 'dah', 'bni', 'mobile', 'menu', 'didik', 'sudah', 'lucu', 'pilih', 'guru', 'tinggi', 'adahanya', 'ui', 'doang']	neutral
['riwayat', 'transaksi', 'detail', 'didownload', 'format', 'pdf', 'mobile', 'banking', 'transaksi', 'masalah', 'orang', 'sulit', 'sendiri', 'bukti', 'riwayat', 'transaksi', 'valid']	neutral
['jalan', 'lancar', 'aplikasi']	positive
['bug', 'login', 'terms', 'condition', 'sudah', 'ceklis', 'login', 'begitu']	negative
['aplikasi', 'wondr', 'tampil', 'kia', 'banget', 'manja', 'mata', 'mudah', 'gen', 'saja', 'transaksi', 'banyal', 'diskon', 'kalo', 'restoran', 'belanja', 'pakai', 'qris', 'wondr']	positive
['keren', 'lo', 'mudah', 'transaksi']	positive
['wordr', 'bni', 'error', 'suaa', 'buka', 'danbnyk', 'kendalafalam', 'transaksi', 'top', 'up', 'dana', 'sudah', 'hasil', 'dana', 'potong', 'saldo', 'dana']	neutral
['puas', 'nice']	positive
['punya', 'enggak', 'aktifin', 'biometrik', 'ya', 'tolong', 'tanggap']	neutral
['bintang', 'mudah', 'pahamidan', 'aplikasi', 'berattransaksi', 'mudah']	positive
['baik', 'wonder', 'bni', 'nyaman', 'limit', 'top', 'up', 'dana', 'batas']	negative
['wondr', 'by', 'bni', 'depan', 'new', 'mobile', 'banking', 'bni', 'tampil', 'eye', 'cathching', 'fitur', 'tarik', 'bantu', 'nasabah', 'mudah', 'transaksi', 'tingkat', 'inovasi', 'bni']	positive
['good', 'job', 'wondr', 'aplikasi', 'ringan', 'tampil', 'simpel', 'enak', 'pakenya', 'lancar', 'pakai', 'enggak', 'pakai', 'loading', 'pokok', 'suka', 'fiturnya', 'lengkap', 'gampang', 'erti']	positive
['mantul', 'beranda', 'lihat', 'history', 'sentuh', 'nomor', 'rekening', 'ubah', 'daftar', 'nama', 'favorit', 'transfer', 'sedia', 'nama', 'eksplor', 'kait', 'privasi', 'matur', 'nuwun', 'thx', 'bni', 'all', 'the', 'best']	positive
['bagus', 'lancartp', 'kadang', 'kalo', 'baik', 'ada', 'info']	positive
['pakai', 'lancar', 'minggu', 'notif', 'masuk', 'transfer', 'masuk', 'riwayat', 'transaksi', 'on', 'time', 'butuh', 'jam', 'hari', 'riwayat', 'transaski', 'muncul', 'pakai', 'bni', 'mobile', 'tunggu', 'baik']	negative
['kecewa', 'bni', 'wonder', 'buka', 'bantu', 'kantor', 'dekat', 'transaksi', 'katornya', 'buang', 'buang']	neutral
['puas', 'pakai', 'aplikasi', 'wondr', 'by', 'bni']	positive
['kecewa', 'akun', 'terdaftarmau', 'login', 'verifikasi', 'e', 'ktp']	negative
['ayo', 'kemarin', 'mbanking', 'bni', 'sekarang', 'kena', 'wonder', 'jaring', 'aman', 'aman', 'pin', 'aman', 'aman', 'ngeloading', 'mulu', 'belanja', 'bulan', 'auto', 'kecewa', 'berat']	negative
['bagus', 'simple', 'bug', 'aplikasi', 'enggak', 'buka', 'buka', 'enggak', 'pakai', 'wifidi', 'daerah', 'enggak', 'buka', 'bayar', 'belanja', 'ah', 'menyusahkan', 'enggak', 'andal', 'beda', 'bni', 'mobile', 'signal', 'jelek', 'buka', 'syukur', 'ta', 'uninstall', 'bni', 'mobileku', 'baik', 'dong']	neutral
['layan', 'bagus', 'mantap']	positive
['aplikasi', 'bagus', 'mudah', 'transaksi', 'dega', 'cepat']	positive
['keren', 'banget', 'aplikasi', 'benar', 'bantu', 'transaksi', 'ribet', 'mindahin', 'data', 'bni', 'mobile', 'wondr', 'goodjob', 'bni']	positive
['transaksi', 'mudah', 'aplikasi', 'uang', 'tata', 'lancar']	positive
['sayang', 'ada', 'fitur', 'card', 'less']	positive
['jujur', 'kecewa', 'buka', 'rekening', 'bni', 'buka', 'rekening', 'taplus', 'muda', 'april', 'pemberitahuan', 'otomatis', 'ubah', 'taplus', 'biaya', 'admin', 'bulan', 'mahal', 'saldo', 'endap', 'jujur', 'kalo', 'kayak', 'gin', 'enggak', 'sanggup', 'kalo', 'segitu', 'mah', 'nyaman', 'rekening', 'taplus', 'muda', 'pindah', 'pandah', 'enggak', 'kalo', 'mending', 'pindah', 'bank', 'biaya', 'admin', 'murah']	negative
['aplikasi', 'wondr', 'terkadang', 'transfer', 'bi', 'fast', 'rekening', 'aplikasi', 'bni', 'mobile', 'banking', 'transfer', 'bi', 'fast', 'rekening', 'tolong', 'baik']	neutral
['off', 'wib', 'bagus', 'online', 'susah', 'bayar', 'pakai', 'wonder']	neutral
['guna', 'bank', 'bni', 'kayak', 'wonder', 'ganti', 'peran', 'mbangking', 'bni', 'wonder', 'cepat', 'bayar', 'casslesh', 'fitur', 'fress', 'kelemkapan', 'mutasi', 'bukti', 'tranferfitur', 'dukung', 'bayar', 'mbangking', 'bni', 'migrasi', 'aplikasi', 'sempurna', 'mbanking', 'user', 'frendly']	neutral
['isi', 'camat', 'enggak', 'muncul', 'bagaimana']	negative
['tambah', 'aman', 'ketika', 'pncet', 'tombol', 'home', 'otomatis', 'keluar', 'log', 'out', 'otomatis']	neutral
['aplikasi', 'bantu', 'mudah', 'cepat', 'lihat', 'mutasi', 'rekening', 'ribet', 'dann', 'akses', 'qris', 'mudah']	positive
['mantap', 'bantu', 'transaksi']	positive
['aplikasi', 'aneh', 'susah', 'login', 'pakai', 'data', 'wifi', 'susah', 'login', 'login', 'notif', 'bikin', 'aplikasi', 'mending', 'bikin', 'buang', 'paket', 'bikin', 'nama', 'bni', 'cemar', 'auto', 'uninstall']	negative
['aplikasi', 'tarik', 'suka', 'friendly', 'gampang', 'pakai', 'mudah', 'beli', 'bayar']	positive
['lumayan', 'mudah', 'tinggal', 'tingkat']	positive
['aplikasi', 'sesi', 'login', 'begitu', 'bagus', 'bni', 'mobile']	negative
['lebih', 'bagus', 'aplikasi', 'kalau', 'mt', 'mlmni', 'wondr', 'aplikasi', 'baru', 'srg', 'mt', 'soreklu', 'belum', 'aplikasi', 'lahnyusahin', 'ajasekarang', 'jadi', 'tanggal', 'desember', 'transaksi', 'bank', 'ribu', 'juta', 'belum', 'hasil', 'saldo', 'potong', 'bagaimana', 'bnicb', 'layan', 'call', 'centre', 'bni', 'sekarang', 'suruh', 'tunggu', 'tanggapanparah']	negative
['kali', 'transaksi', 'terima', 'terima', 'status', 'hasil', 'saldo', 'potong', 'apk', 'rusak']	negative
['app', 'wordr', 'ganggu', 'buka', 'pakai', 'wifi', 'buka', 'pakai', 'paket', 'internet', 'bagaimana', 'app']	neutral
['muas']	positive
['bagus', 'aplikasi', 'wonder', 'bni', 'ganggu', 'menu', 'lengkap', 'data', 'transaksi', 'rekening', 'koran', 'enggak ada']	negative
['tolong', 'baik', 'teller', 'bni', 'aktifasi', 'rekening', 'suruh', 'aktivasi', 'wondr', 'wondr', 'tulis', 'fitur', 'aktivasi', 'sedia', 'rekening', 'aktif', 'aktif', 'tulis', 'fitur', 'aktivasi', 'sedia']	neutral
['bagaimana', 'aplikasi', 'terus', 'dapat', 'buka', 'alas']	positive
['transaksi', 'verifikasi', 'akun', 'sudah', 'sayah', 'ganti', 'pin', 'word', 'masuk', 'enggak', 'login', 'lupa', 'paswor', 'sudah', 'sayah', 'ganti', 'pasword', 'ya', 'enggak', 'transaksi', 'pinword', 'salah', 'terus', 'sudah', 'minggu', 'bingung', 'sayah', 'aplikasi']	negative
['suka', 'ngelag', 'hambat', 'proses', 'cek', 'saldo', 'transaksi', 'dlebih', 'bagus', 'aplikasi', 'menu', 'simple', 'yamg', 'ngelagmesti', 'baik', 'lagibintang', 'dulu', 'kasih', 'full', 'sudah', 'baik']	negative
['aplikasi', 'bagus', 'bantu', 'bansos', 'perintah']	positive
['pakai', 'apk', 'kendala', 'sih', 'transfer', 'mudah', 'terus', 'biaya', 'admin', 'mahal', 'banget', 'suka', 'aplikasi', 'mengatur', 'uangkebutuhan', 'hari']	positive
['bingung', 'suruh', 'memasuki', 'password', 'mbangking', 'sudah', 'benar', 'salah', 'suruh', 'verifikasi', 'verifikasi', 'wajah', 'duh', 'lin', 'banget', 'srh', 'tengok', 'kanan', 'kiri', 'verifikasi', 'padahal', 'benar', 'pliss', 'gue', 'tahu', 'wajah', 'gue', 'jelek', 'dibenerin', 'kesel', 'deh']	negative
['seringkali', 'gagal', 'transaksi', 'qris', 'transfer', 'nyangkut']	positive
['riwayat', 'transaksi', 'muncul', 'tau', 'berapa', 'nominal', 'masuk', 'selalu', 'igay', 'saldo', 'tolong', 'baik']	negative
['kali', 'transaksi', 'banget', 'error', 'masuk', 'aplikasi']	negative
['wondr', 'bagustp', 'pasti', 'dulu', 'fitur', 'fungsi', 'minim', 'bug', 'fitur', 'standar', 'mobile', 'bnisetor', 'tunai', 'tarik', 'tunai', 'kartu', 'mobile', 'bni']	neutral
['nyaman', 'simpel', 'amanah', 'terimakasih', 'bni']	positive
['aplikasi', 'ribet', 'transaksi', 'suruh', 'verifikasi', 'akun', 'sudah', 'laku', 'verifikasi', 'sudah', 'transaksi', 'kali', 'pakai', 'wondr', 'suruh', 'verifikasi']	negative
['uninstal', 'serius', 'appss', 'kayak', 'jaman', 'dluh', 'banget', 'logo', 'bagus', 'transaksi', 'enggak', 'beres', 'malas', 'gue', 'memakai', 'aplikasih']	negative
['muas', 'mudah', 'transaksi', 'apa']	positive
['kasih', 'tambah', 'verifikasi', 'negrisemakin', 'ribet', 'aplikasi']	neutral
['mudah', 'bayar', 'pakai', 'aplikasi', 'wondr', 'by', 'bni', 'banget', 'promo', 'tarik', 'transaksi', 'palai', 'wondr']	positive
['simpel', 'colorful', 'cepat', 'sih', 'banding', 'mbanking', 'mbanking', 'apk', 'full', 'service', 'bni', 'pakai', 'transfer', 'qris', 'topup', 'ewallet', 'pakai', 'wondr', 'sudah', 'jos']	positive
['tampil', 'fresh', 'fungsi', 'fitur', 'cepat', 'layan', 'kes', 'ribet', 'salam', 'akhlak']	neutral
['sudah', 'bni', 'mobile', 'banking', 'download', 'apk', 'bayar', 'tagih', 'listrik', 'mudah', 'ribet', 'nambahin', 'aplikasi']	negative
['tingkat', 'system', 'terkadang', 'loading']	positive
['cepat', 'banyak', 'fitur', 'keren']	positive
['aplikasi', 'eror', 'tambah', 'menu', 'setor', 'tarik', 'tunai']	neutral
['log', 'ini', 'biometrik', 'pakai', 'aplikasi', 'error', 'hp', 'beda', 'coba']	negative
['repot', 'update', 'loginnya', 'lagindr', 'kemarin', 'mobile', 'banking', 'enggak', 'update', 'update']	negative
['fiturnya', 'bagustapi', 'bikin', 'verifikasi', 'pin', 'selalu', 'tulis', 'salah', 'sistem', 'terus', 'verifikasi', 'ulang', 'pin', 'henti', 'situ', 'enggak', 'halaman', 'selanjutnyaini', 'sudah', 'inikendalanya', 'habis', 'foto', 'ktp', 'ngisi', 'nomor', 'kartu', 'habis', 'verifikasi', 'pinbikin', 'pinnah', 'ngisi', 'pin', 'selalu', 'tulis', 'maaf', 'salah', 'sistemterus', 'coba', 'kannah', 'henti', 'situ', 'masuk', 'akun']	neutral
['allhamdulilah', 'cepat', 'kirim', 'layan', 'muas', 'semoga', 'lancar', 'sukses', 'wondr', 'by', 'bni', 'mantap']	positive
['susah', 'daerah', 'rawan', 'sinyal', 'bayar', 'kerja', 'lambat', 'enak', 'sama', 'vendor', 'gara', 'sengaja', 'tf', 'aplikasi', 'wondernya', 'bikin', 'pusing', 'login', 'mental', 'buka', 'tolong', 'memperbaiki']	negative
['top', 'up', 'tapcash', 'jam', 'belum', 'masuk', 'saldo', 'padahal', 'status', 'hasil']	neutral
['mantap', 'wondr', 'bni', 'transaksi', 'mudah']	positive
['aplikasi', 'buka', 'pakai', 'wifi', 'diam', 'bisa', 'login', 'kalo', 'pakai', 'data', 'login', 'eror', 'wifiku', 'aplikasi', 'padahal', 'wifinya', 'login', 'aplikasi', 'bank', 'bisa']	positive
['aplikasi', 'bantu']	positive
['banget', 'buka', 'mentok', 'logo', 'masuk', 'log', 'ini']	negative
['bembantu', 'terimakasih', 'bang', 'bni']	positive
['handphone', 'pakai', 'normalbegitu', 'ganti', 'handphone', 'enggak', 'dipakaipasword', 'bisapin', 'wonders', 'enggak', 'bisaferivikasi', 'terus', 'bosanmasih', 'enak', 'aplikasi', 'lamawondr', 'repot', 'nasabah']	negative
['cepat', 'proses', 'kirim', 'tetbaik']	positive
['cocok', 'enak', 'pakai', 'simpel', 'kendala', 'ewalet', 'belum', 'sinkronsy', 'anggap', 'wajar', 'karena', 'apliksi', 'upgrate']	positive
['enak', 'aplikasi', 'wondr', 'cuaca', 'mendung', 'dikit', 'susah', 'log', 'ini']	neutral
['kok', 'enggak', 'tampil', 'qris', 'rekening', 'tampil', 'qris', 'bayar', 'orang', 'transfer', 'mengetik', 'no', 'rekening', 'maaf', 'kasih', 'bintang', 'kalo', 'deh', 'tampil', 'qris', 'kasih']	neutral
['aplikasi', 'bagus', 'lapor', 'uang', 'detail', 'tunggu', 'estatement', 'bulan', 'cek', 'transaksi', 'uang', 'bank', 'bni', 'mobile', 'lihat', 'wondr', 'kecewa', 'berat', 'sih']	neutral
['buka', 'aplikasi', 'banget', 'enggak', 'kayak', 'sama', 'bangking', 'cepat', 'transaksi']	neutral
['moga', 'wond', 'keren', 'untuk', 'depan']	positive
['bank', 'genggam', 'nyata', 'wujud', 'perban', 'tampil', 'segar', 'transaksi', 'bayar', 'simpel', 'pokok', 'easy', 'for', 'use', 'deecch']	positive
['lot', 'fitur', 'lengkap', 'bni', 'mobile', 'baik', 'suka', 'malu', 'kalo', 'antri', 'wondernya', 'lot', 'lot', 'bikin', 'emosi', 'saja']	negative
['suruh', 'download', 'wonder', 'fiturfiturnya', 'lengkap', 'tarik', 'tunai', 'bayar', 'didik', 'universitas', 'pilih', 'maksud', 'siapin', 'apknya', 'sebar', 'luas', 'apa', 'bni', 'download', 'apk', 'kocak', 'ya']	neutral
['bug', 'jam', 'enggak bisa', 'transaksi', 'online', 'enggak ada', 'menu', 'cardless']	negative
['lancar', 'cepat', 'hasil']	positive
['kmpa', 'enggak', 'fitur', 'tarik', 'tunai', 'kartu']	positive
['teman', 'enggak', 'masuk', 'bmb', 'kartu', 'rekening', 'no', 'debit', 'terima kasih']	positive
['aneh', 'bagus', 'kemarin', 'aneh', 'sumpah', 'aku', 'fitur', 'bagus', 'aman', 'tolong', 'baik', 'ya', 'bni', 'nyaman', 'kalo', 'pakai', 'butuh', 'dadak']	negative
['tulis', 'gagal', 'kirim', 'saldo', 'uang', 'tetap', 'potong', 'sudah', 'kali', 'uang', 'hilang', 'mana', 'hilang', 'sia', 'sia']	neutral
['bikin', 'akun', 'verifikasi', 'wajah', 'tulis', 'coba', 'besok', 'tunggu']	neutral
['mohon', 'maaf', 'kelas', 'bni', 'tampil', 'aplikasi', 'bagus', 'password', 'transaksi', 'angka', 'kombinasi', 'angka', 'huruf', 'kura', 'aman']	negative
['transaksi', 'gagal', 'iya', 'download', 'rekening', 'mudah', 'lancar', 'jaya', 'wajtu', 'isi', 'pulsa', 'transfer', 'transaksi', 'gagal', 'terus', 'tolong', 'benah']	neutral
['fiturnya', 'lengkap', 'suka', 'warna', 'ceria']	positive
['mudah', 'simpel', 'transaksi']	positive
['aneh', 'verivikasi', 'wonder', 'cabang', 'sudah', 'verivikasi', 'ktp', 'wajah', 'ujung', 'cabang']	negative
['aplikasi', 'wondr', 'format', 'paswordnya', 'sama', 'aplikasi', 'bni', 'hafal', 'pasword', 'sudah', 'kali', 'ting', 'ulang', 'paswordnya', 'wondr', 'pakai', 'aplikasi', 'bni']	neutral
['bagus', 'mutasi', 'rekening', 'lengkap', 'tolong', 'update', 'detail', 'informasi', 'transaksi']	positive
['bagus', 'tahan', 'kembang', 'terus']	positive
['sudah', 'pakai', 'mbanking', 'bni', 'sampai', 'wondr', 'by', 'bni', 'suka', 'karena', 'tampil', 'keren']	positive
['mudah', 'bantu']	positive
['aplikasi', 'bantu', 'mudah', 'transaksi', 'tampil', 'interface', 'tarik']	positive
['mudah', 'yatapi', 'update', 'data', 'pribadi', 'kantor', 'bni', 'sayang', 'sekaliaku', 'itu', 'mudah', 'daftar', 'bank', 'online', 'begitu']	neutral
['buruk', 'daftar']	negative
['transaksi', 'pakai', 'qris', 'bukti', 'transaksi', 'hasil', 'saldo', 'kurang', 'refres', 'bolak', 'tetap', 'enggak']	negative
['tingkat', 'kualitas', 'layan', 'puas', 'nasabah']	positive
['aplikasi', 'sial', 'lot', 'banget', 'aku', 'pakai', 'buka', 'aplikasi', 'lancar', 'gilir', 'buka', 'aplikasi', 'lot', 'banget', 'kalah', 'game', 'online']	negative
['tolong', 'kerjasamanya', 'buka', 'aplikasi', 'mbangking', 'buka', 'deh', 'update', 'terus']	neutral
['buka', 'aplikasi']	neutral
['enggak', 'kalo', 'ewalet', 'limit', 'dibanyakin']	positive
['sudah', 'daftar', 'sudah', 'transfer', 'tinggal', 'jam', 'buka', 'suruh', 'daftar', 'tolong', 'baik']	neutral
['kecewa', 'layan', 'custamer', 'servis', 'bni', 'pagi', 'nelfon', 'alas', 'tugas', 'sibuk', 'lapor', 'saldo', 'potong', 'isi', 'etol', 'masuk', 'etoll', 'transaksi', 'hasil', 'terang', 'saldo', 'potong', 'tolong', 'bni', 'layan', 'bagusin']	negative
['layan', 'cepatdan', 'mudah', 'akses', 'tahan']	positive
['bagaimana', 'mu', 'transfer', 'hasil', 'jam', 'jam']	negative
['aplikasi', 'mudah', 'transaksi', 'gampang', 'transfer', 'bayar', 'air', 'listrik', 'recommended']	positive
['halo', 'nasabah', 'bni', 'log', 'ini', 'aplikasi', 'wondr', 'menu', 'tera', 'arah', 'tabung', 'solusi', 'buka', 'rekening']	neutral
['catat', 'tarik', 'tunai', 'kartu', 'sebal', 'pulsa', 'otp', 'kayak', 'baca', 'bri', 'simpel', 'no', 'hp', 'kode', 'tarik', 'tunai', 'masak', 'bni', 'kalah', 'bions', 'bsi', 'tiru', 'baca', 'bri', 'otp', 'pakai', 'pulsa', 'estatement', 'masak', 'kasih', 'download', 'kasih', 'biar', 'mudah', 'track', 'uang', 'masuk', 'contoh', 'baca', 'bri', 'sih', 'saran', 'lebih', 'sudah', 'oke', 'tampil', 'simpel', 'enggak', 'menu', 'aneh', 'aneh']	neutral
['sip', 'tarik', 'tunai', 'kartu', 'yey']	positive
['aplikasi', 'bagus', 'mbanking', 'mudah', 'dalam', 'operasionalnyasaat', 'verifkasi', 'wajah', 'harus', 'ulang', 'ulang', 'padahal', 'terang', 'cahaya', 'kirim', 'kode', 'otp', 'begitu', 'terima', 'masuk', 'sudah', 'laku', 'hadeh']	neutral
['manfaat']	positive
['aplikasi', 'bagus', 'tampil', 'simpel', 'ringan', 'lancar', 'mudah', 'paham', 'kendala', 'transaksi', 'dll', 'mantap', 'sukses', 'tingkat']	positive
['bni', 'butuh', 'nasabah', 'kah', 'sistem', 'verifikasi', 'wajah', 'app', 'kayak', 'main', 'orang', 'sudah', 'susah', 'kedetect', 'mesti', 'coba', 'berkalikali', 'hasil', 'eh', 'muncul', 'prompt', 'sistem', 'kendala', 'sila', 'coba', 'tolong', 'tingkat', 'budgetnya', 'hire', 'developer', 'becus', 'mending', 'bank', 'pakai', 'ribet']	negative
['tampil', 'menariksaat', 'transaksi', 'transfer', 'rekening', 'langsung', 'simpan', 'riwayat', 'memudahkansaran', 'mutasi', 'rekening', 'perinci']	positive
['sulit', 'banget', 'daftar', 'buka', 'mulut', 'kedip', 'enggak bisa', 'masuk', 'bni', 'sudah', 'beli', 'solusi']	neutral
['aplikasi', 'aku', 'wonder', 'nya', 'buka', 'pakai', 'wifi', 'buka', 'sulit']	neutral
['transfer', 'ewalet', 'enggak', 'aduh']	negative
['aplikasi', 'bni', 'mobile', 'sekarang', 'lebih', 'kini', 'lengkap', 'dalam', 'genggam', 'tampil', 'juga', 'lebih', 'eye', 'catching', 'asik', 'pakai']	positive
['otp', 'mobile', 'tunai', 'jarang', 'muncul']	negative
['aplikasi', 'bagussaldo', 'aneh', 'login', 'maff', 'sistem', 'baik']	negative
['apk', 'stack', 'logo', 'ponsel', 'apk', 'lelet']	negative
['maintenance', 'siangsiang', 'moga', 'depan', 'oke', 'maksimal', 'notifikasi', 'maintenance', 'jadwal', 'guna', 'ricuh', 'makan', 'siang']	positive
['proses', 'verifikasi', 'jengkel', 'tahap', 'ttd', 'apk', 'ulang', 'tetap']	negative
['aplikasi', 'wondr', 'hp', 'eror', 'buka', 'kadang', 'saldo', 'tambah', 'notif', 'pasu', 'bagus', 'aplikasi']	negative
['update', 'proses', 'login', 'wonder', 'bni', 'banking', 'tulis', 'kendala', 'sudah', 'hari', 'enggak', 'buka', 'wonder', 'bni']	neutral
['susah', 'saar', 'verifikasi', 'wajah', 'ikut', 'pandu', 'hasil', 'tolong', 'baik', 'nyaman']	negative
['deh', 'daftar', 'sudah', 'transaksi', 'aplikasi', 'mengira', 'langsung', 'masuk', 'suruh', 'foto', 'ktp', 'enggak', 'banget']	negative
['cepat', 'jaring', 'luas']	positive
['gagal', 'transaksi', 'bayar', 'saldo', 'refund', 'komplain', 'email', 'cerita', 'tolong', 'baik']	neutral
['mantap', 'cepat', 'akurat']	positive
['ganggu']	negative
['keren', 'tampil', 'fresh', 'mudah', 'gampang', 'moga', 'depan', 'menu', 'menu', 'bayar', 'wondr']	positive
['fitur', 'setor', 'dann', 'tarik', 'tunai', 'atm', 'pakai', 'aplikasi', 'wndr']	positive
['alih', 'mobile', 'banking', 'wondr', 'fiturnya', 'sudah', 'lengkap', 'mudah', 'proses', 'klik', 'klik', 'fitur', 'mobile', 'tunai', 'enggak']	neutral
['bagus', 'bantu']	positive
['heran', 'wonder', 'transfer', 'saldo', 'habis', 'muncul', 'capai', 'limit', 'limit', 'wonder', 'jam', 'habisin', 'saldo', 'muncul', 'limit', 'saldo']	neutral
['bagus', 'aplikasi']	positive
['lumayan', 'bantu', 'transaksi']	positive
['isi', 'ulang', 'pulsa', 'transaksi', 'gagal', 'cek', 'mutasi', 'saldo', 'potong', 'transaksi', 'isi', 'ulang', 'pulsa', 'bikin', 'lapor', 'menunggu', 'kerja', 'lelet', 'sih', 'tunggu', 'kerja', 'nih', 'bni', 'sekarang', 'untung', 'wonder', 'bikin', 'hidup', 'ribet']	negative
['enggak', 'login', 'akun', 'paksa', 'bikin', 'akun', 'email', 'setel', 'jebak']	neutral
['darurat', 'beli', 'token', 'listriksi', 'aplikasi', 'dipakaiterpaksa', 'pakai', 'aplikasi', 'belah']	neutral
['aplikasi', 'wondernya', 'kemarin', 'masalah', 'kah', 'notifnya', 'baik', 'silah', 'coba', 'kayak', 'bagaimana', 'adu']	negative
['aneh', 'apk', 'wondr', 'sudah', 'daftar', 'login', 'gagal', 'terus', 'tolong', 'baik']	neutral
['praktis', 'cepat']	positive
['aktifin', 'biometrik', 'memasuki', 'pin', 'muncul', 'ktrangan', 'salah', 'pin', 'kmudian', 'verifksi', 'dengan', 'pin', 'baru', 'set', 'slesai', 'saya', 'login', 'kembali', 'e', 'e', 'loginnya', 'gagal', 'padahal', 'sblumnnya', 'sudah', 'login', 'dengan', 'psw', 'sama', 'ulang', 'beda', 'tetap', 'hasil']	negative
['aplikasi', 'repot', 'verifikasi', 'wajah', 'kayak', 'dpo', 'saja', 'suruh', 'toleh', 'lihat', 'baca', 'perintah', 'kamera', 'ribet', 'banget', 'banget']	negative
['keren', 'transaksi', 'mudah', 'thanks']	positive
['aplikasi', 'errortidak', 'buka', 'install', 'ulang', 'error', 'buru', 'transaksi']	negative
['rubah', 'cicil', 'kartu', 'kredit', 'wondr', 'by', 'bni', 'bni', 'mobile', 'ubah', 'cicil', 'penggunaa', 'kartu', 'kredit']	negative
['bni', 'salah', 'bank', 'bumn', 'tua', 'tingkat', 'nasional', 'kalah', 'bumd', 'verifikasi', 'wajah', 'deh', 'gagal', 'entah', 'verif', 'system', 'detail', 'goyang', 'dikit', 'bagaimana', 'harus', 'pakai', 'tripod', 'hadeehmana', 'harus', 'ulang', 'langkah', 'lgfix', 'the', 'problem', 'maksimal', 'fitur', 'entar', 'kasih', 'bintang']	negative
['app', 'bagus', 'bantu', 'terimakasih', 'wondr']	positive
['alhamdulillah', 'maju', 'moga', 'baik']	positive
['kak', 'kok', 'wondr', 'by', 'bni', 'susah', 'akses', 'terus', 'butuh', 'verifikasi', 'tambah', 'tolong', 'bantu']	neutral
['aplikasi', 'mobile', 'banking', 'mudah', 'nasabah', 'transaksi', 'online']	positive
['mudah', 'transaksi']	positive
['mudah', 'layan', 'cepat']	positive
['mantab', 'hidup', 'mudah']	positive
['tulis', 'registrasi', 'wondr', 'coba', 'kali', 'padahal']	negative
['bikin', 'rekening', 'transaksi', 'sistem', 'kendala']	positive
['mudah', 'praktis']	positive
['unggul', 'ui', 'bagus', 'lancar', 'mudah', 'lemah', 'riwayat', 'rekening', 'lengkap', 'transaksi', 'masuk', 'riwayat', 'rekening', 'download', 'statement', 'rekening', 'data', 'rekening', 'lengkap', 'rekening', 'tabung', 'deposito', 'kredit', 'rekening', 'pilih', 'buka', 'rekening', 'atur', 'notifikasi', 'bni', 'mobile', 'lengkap', 'bagus', 'simpul', 'bni', 'mobile', 'banking', 'andal']	negative
['beli', 'pulsa', 'ribu', 'pemberitahuan', 'mutasi', 'gagal', 'saldo', 'enggak', 'sudah', 'komplain', 'kustomer', 'service', 'data', 'doang', 'saldo', 'enggak', 'bank', 'bumn', 'banget', 'kekuranganya', 'beda', 'bank', 'swasta', 'baca']	negative
['login', 'muter', 'kayak', 'gangsigan', 'lihat', 'saldo', 'ribet', 'baik', 'sistem']	neutral
['mohon', 'maaf', 'nih', 'error', 'transfer', 'bank', 'terang', 'errorgagal', 'padahal', 'sebenarnya', 'sudah', 'hasil', 'habis', 'loading', 'mohon', 'baik', 'ya']	neutral
['fitur', 'pinjam', 'flexi', 'fitur', 'tarik', 'tunai', 'kartu', 'aplikasi', 'beres', 'luncur', 'bagus', 'bni', 'mobile']	negative
['riwayat', 'transaksi', 'terupdate', 'tolong', 'baik']	neutral
['bintang', 'login', 'kadang', 'ganggu', 'apalagi', 'transfer', 'jaring', 'sinyal', 'bangus', 'untung', 'pakai', 'bni', 'mobile', 'bangking', 'transaksi', 'moga', 'dieprbaiki', 'aplikasi', 'trm']	neutral
['apk', 'rusak', 'suka', 'gangguanerror', 'sudah', 'install', 'sampai', 'kali', 'tetap', 'enggak', 'mending', 'pindah', 'ajadah', 'livinbrimo']	negative
['masalah', 'kah', 'aplikasi', 'wondr', 'nyatolong', 'selesai', 'masalah', 'nyaagar', 'guna', 'aplikasi']	positive
['siang', 'malam', 'jam', 'apk', 'wondr', 'error', 'akses', 'update', 'pagi', 'apk', 'transaksi']	positive
['top', 'up', 'gamasuk', 'sudah', 'bukti', 'transfer', 'hasil', 'kecewa', 'beratt']	neutral
['aplikasi', 'bagus', 'fitur', 'bagussimpel', 'kurang', 'riwayat', 'transaksi', 'enggak', 'langsung', 'muncul', 'habis', 'transaksi', 'menunggu', 'jam', 'muncul', 'tolong', 'baik']	neutral
['bagustidak', 'kendala', 'apa', 'sihfitur', 'segar', 'layan', 'transaksi', 'cepat']	positive
['neng', 'transfer', 'tagih', 'keindomaret', 'sayang', 'potong', 'banget', 'h', 'juta', 'wonder', 'bni', 'tutup', 'sajadah', 'kali', 'transfer', 'uang', 'hilang', 'kemarin', 'juta']	negative
['sudah', 'verifikasi', 'wajah', 'enggak bisa', 'suruh', 'kedip', 'mata', 'bagaimana', 'solusi']	negative
['aplikasi', 'bagus', 'mutar', 'mutar', 'saja', 'enggak', 'install', 'itu', 'saja', 'tolong', 'baik', 'aplikasi', 'ini', 'susah', 'pripasi', 'wajah', 'enggak', 'terima', 'tunggu', 'besok', 'besok', 'mutermuter', 'jelek', 'banget', 'ini', 'aplikasi']	negative
['bagus', 'banget', 'ngemudahin', 'transaksi', 'fitur', 'aplikasi', 'bikin', 'ribet', 'bayar', 'beli', 'butuh', 'penting', 'beli', 'tiket', 'woosh']	positive
['aplikasi', 'canggih', 'cepat', 'aman', 'praktis', 'ribet', 'solusi', 'trimkasih', 'bni', 'jaya', 'bni']	positive
['gua', 'sudah', 'daftar', 'sesion', 'kacau', 'aplikasi', 'optimal', 'aplikasi']	negative
['lupa', 'password', 'login', 'wonder', 'ngurusnya', 'ribet']	negative
['membantugood', 'job', 'wondr', 'banyak', 'bni']	positive
['maintenance', 'waktu', 'saat']	neutral
['eror', 'menarik', 'uang', 'saldo', 'potong', 'uang', 'indak', 'kalain', 'adek', 'deh', 'pakai', 'bni', 'asli', 'bikin', 'repot']	negative
['error', 'padahal', 'transaksi', 'tf', 'qriss', 'coba', 'download', 'ulang', 'menyushkan', 'aplikasi', 'riba', 'eror', 'padahal', 'sudah', 'transaksi', 'mohon', 'bantu', 'upgrade', 'biar', 'nyaman', 'dengan', 'aplikasi', 'nyaterima', 'kasih']	neutral
['data', 'benar', 'gagal', 'data', 'salah', 'jelek', 'apk', 'bni']	negative
['tanggal', 'masuk', 'cetak', 'tagih', 'credit', 'cardnya']	positive
['mudah', 'praktis', 'butuh', 'laut']	positive
['error', 'padahal', 'transaksi', 'tf', 'qriss', 'coba', 'download', 'ulang', 'menyushkan', 'aplikasi', 'riba', 'eror', 'padahal', 'sudah', 'transaksi', 'mohon', 'bantu', 'upgrade', 'biar', 'nyaman', 'dengan', 'aplikasi', 'nyaterima', 'kasih']	neutral
['bagus', 'wonder', 'bula', 'aplikasi', 'loadingnya', 'luama', 'banget', 'kalo', 'pakai', 'ting', 'desak', 'tunggu', 'menit', 'buka']	neutral
['transaksi', 'tampil', 'aplikasi', 'wondr', 'keluar', 'biaya', 'administrasi', 'kartu', 'tampil']	neutral
['proses', 'transakasi', 'cepat']	positive
['bagus', 'sayang', 'ganguan']	positive
['guna', 'investasi', 'wondr', 'by', 'bni', 'bantu', 'tutorial', 'mudah', 'paham', 'fitur', 'simulasi', 'investasi', 'manfaat']	positive
['simpel', 'sih', 'menu', 'fx', 'mobile', 'hilang', 'lengkap', 'menumenunya', 'tolong', 'lengkap', 'terimakasih']	neutral
['benerin', 'topup', 'tap', 'cash', 'tambahkan', 'bintang', 'topup', 'tap', 'cash', 'gagal', 'mulu', 'kalo', 'pagi', 'gagal', 'kali', 'saldo', 'enggak', 'bagaimana', 'coba']	negative
['aneh', 'apk', 'wondr', 'sudah', 'daftar', 'login', 'gagal', 'terus', 'tolong', 'baik']	neutral
['aplikasi', 'badut', 'verifikasi', 'email', 'salah', 'kode', 'benar']	negative
['mudah', 'mudah', 'bagusgood', 'jobaku', 'suka', 'apk', 'inikarna', 'mudah']	positive
['halo', 'log', 'ini', 'verifikasi', 'kode', 'otp', 'email', 'kirim', 'kirim', 'kode', 'otp', 'valid', 'padahal', 'kode', 'kirim', 'milik', 'batas', 'valid', 'menit', 'kode', 'masuk', 'wondr', 'log', 'ini', 'ulang', 'besok', 'mohon', 'cerah', 'terimakasih']	neutral
['aplikasi', 'riwayat', 'transaksi', 'enggak', 'langsung', 'muncul', 'transaksi', 'bayar', 'transaksi', 'uang', 'masuk', 'transfer', 'uang', 'riwayat', 'enggak', 'muncul', 'enggak', 'mungkin', 'berapa', 'saldo', 'tau', 'masuk', 'enggak', 'uang']	negative
['teman', 'kirim', 'uang', 'korea', 'resit', 'kirim', 'sukses', 'nominal', 'kirim', 'masuk', 'notifikasi', 'wonder', 'saldo', 'masuk', 'tambah', 'akun', 'saldo', 'mohon', 'jelas', 'mohon', 'baik', 'trimakasih']	negative
['senang', 'hati', 'gabung', 'bni', 'garcep', 'mudah', 'amanah', 'pokok', 'pakai', 'bni']	positive
['tampil', 'ui', 'aplikasi', 'bagus', 'guna', 'guna', 'hari']	positive
['tampil', 'kini', 'akses', 'cepat', 'mbanking', 'versi', 'mudah', 'kalang']	positive
['info', 'ganti', 'aplikasi', 'bni', 'mobile', 'banking', 'mohon', 'tambah', 'fitur', 'tarik', 'tunai', 'cardless', 'detail', 'mutasi', 'detail', 'aplikasi', 'biar', 'banyak', 'aplikasi', 'mbanking', 'baru', 'fitur', 'mampir', 'kesini', 'bintang']	neutral
['enggak jelas', 'banget', 'maba', 'terima', 'kipk', 'suruh', 'install', 'aplikasi', 'mengecek', 'saldo', 'hubung', 'rekening', 'bni', 'suruh', 'foto', 'ktp', 'suruh', 'memasuki', 'nomor', 'kartu', 'teman', 'teman', 'foto', 'ktp', 'langsung', 'verifikasi', 'wajah', 'suruh', 'memasuki', 'nomor', 'kartu', 'bagaimana', 'cerita', 'sudah', 'minggu', 'coba', 'tetap']	neutral
['bintang', 'mutasi', 'transaksi', 'kolom', 'saldo', 'terang', 'transaksi', 'banget', 'mobile', 'banking']	neutral
['lancar', 'pakai', 'aplikasi', 'mbanking', 'bni', 'suruh', 'transaksi', 'user', 'friendly', 'timbang', 'bisa', 'transaksi', 'mbanking', 'bni', 'terimakasih', 'moga', 'manfaat']	negative
['mutasi', 'rekening', 'terang', 'jam', 'transfer', 'mending', 'aplikasi', 'detail', 'mutasi']	neutral
['aplikasi', 'buka', 'pakai', 'data', 'seluler', 'bisa', 'payah', 'bagaimana', 'jangkau', 'wifi', 'terus', 'transaksi', 'payah']	positive
['bisa', 'tambah', 'menu', 'bisa', 'tarik', 'tunai', 'setor', 'tunai', 'atm', 'lebih', 'mmpermudah', 'konsumen']	neutral
['download', 'nyaman', 'aplikasi', 'praktis', 'cepat', 'transaksi', 'fitur', 'pantau', 'lapor', 'uang', 'atur', 'uang', 'bulan', 'mudah', 'daftar', 'cepat', 'gaperlu', 'cs', 'mantap']	positive
['riwayat', 'transaksi', 'terupdate', 'tolong', 'baik']	neutral
['beli', 'pulsa', 'indonesia', 'muncul', 'ngisi', 'nomor', 'debit', 'lupa', 'nomor', 'tolong', 'bantu', 'bni']	negative
['sangat', 'bagus', 'gampang']	positive
['mudah', 'aplikasi', 'wondr', 'by', 'bni', 'transaksi', 'gampang', 'terima', 'kasih']	positive
['situ', 'terang', 'transfer', 'gagal', 'saldo', 'kurang', 'balikin', 'saldo', 'saya']	neutral
['kecewa', 'pakai', 'aplikasi', 'bni', 'kemarin', 'pakai', 'bni', 'mobile', 'maintenance', 'pakai', 'wondr', 'jugadibilangnya', 'fitur', 'sedia', 'baik', 'sistem', 'hari']	negative
['eror', 'bagaimana', 'gua', 'transaksi', 'orang', 'masuk', 'masuk', 'saldo', 'gua', 'kali', 'ganti', 'sldo', 'gua', 'ganti', 'ganti', 'saldo', 'gua', 'sudah', 'kpotong', 'saldo', 'gua', 'krim', 'krim', 'krim']	neutral
['fitur', 'fx', 'mobile', 'lihat', 'kurs', 'tukar', 'dollar', 'app', 'bni', 'app', 'bni', 'sptnya', 'lebih', 'lengkap']	neutral
['lengkap', 'bni', 'mobile', 'menu', 'hilang', 'fitur', 'debit', 'online', 'kecewa', 'enggak', 'langgan', 'layan', 'mundur', 'kayak', 'banking']	negative
['mudah']	positive
['verifikasi', 'email', 'muncul', 'ulang', 'sudah', 'muncul', 'kode', 'salah', 'tingkah', 'bikin', 'aplikasi', 'mending', 'sudah', 'tingkat']	negative
['bug', 'terahir', 'guna', 'aplikasi', 'kena', 'bug', 'laman', 'syarat', 'tentu', 'centang', 'lanjut', 'muncul', 'notif', 'sesi', 'login', 'habis', 'harap', 'login', 'ulang', 'efisien', 'memperibet', 'sinyal', 'hapus', 'cache', 'hapus', 'data', 'login', 'ulang', 'install', 'ulang', 'bug', 'konsisten', 'tempat', 'hebat', 'selamat']	negative
['kocak', 'saldo', 'mas', 'transaksi']	negative
['wondr', 'by', 'bni', 'kendala', 'transfer', 'kirim', 'dana', 'hubung', 'customer', 'service', 'tarik', 'tunai']	negative
['fast', 'bni', 'mobile', 'banking']	positive
['bank', 'enggak', 'niat', 'aplikasi', 'fitur', 'hilang', 'aplikasi', 'bni', 'mobile', 'banking', 'parah', 'enggak', 'niat', 'customer', 'service', 'wa', 'direspon', 'jam', 'bilang', 'menunggu', 'parah', 'makan', 'uang', 'gabut', 'kerja']	negative
['aplikasi', 'wondr', 'by', 'bni', 'mudah', 'digunakansimple', 'bantu', 'bayar', 'apa', 'negeri']	positive
['bantu', 'banget', 'mudah', 'bantu']	positive
['kembang', 'hormat', 'banding', 'enak', 'bni', 'mobile', 'wonder', 'lapor', 'mutasi', 'siring', 'tampil', 'terima', 'dana', 'mutasi', 'uang', 'masuk', 'untung', 'dana', 'masuk', 'muncul', 'mutasi', 'dana', 'bahaya', 'mutasi', 'detail']	negative
['malam', 'kakak', 'minimal', 'saldo', 'memang', 'berapa', 'gregetan', 'bayar', 'tagih', 'saldo', 'padahal', 'lumyan', 'banyak', 'dari', 'bayar']	neutral
['sudah', 'daftar', 'gagal', 'pin', 'login', 'tolong', 'gan', 'solusi']	neutral
['sudah', 'daftar', 'minggu', 'daftar', 'isi', 'data', 'teross', 'mending', 'app', 'bni', 'jelas', 'lengkap', 'sudah', 'daftar', 'jalan', 'oke', 'aman', 'minggu', 'jalan', 'transaksi', 'login', 'suruh', 'daftar', 'oke', 'gua', 'turutin', 'fine', 'sekarang', 'login', 'suruh', 'daftar', 'ulang', 'daftar', 'app', 'kembang']	negative
['tampil', 'keren', 'guna', 'mudah', 'pin', 'angka', 'kemusahan', 'transaksi', 'disetting', 'sesuai', 'transaksi', 'bantu', 'kelola', 'keuangantopbanget']	positive
['bagaimana', 'aktif', 'wondr', 'by', 'bni', 'tampa', 'cabang', 'selesai', 'sesi', 'tinggal', 'pilih', 'cabang', 'mengolola', 'bingung', 'proses', 'daftar', 'henti', 'tolong', 'alih', 'cabang', 'bni', 'dekat', 'selesai', 'daftar', 'terimakasih']	positive
['keren', 'aplikasi', 'wondr', 'by', 'bni', 'bug', 'fitur', 'bagus', 'simple', 'mudah', 'transaksi']	positive
['apk', 'bagus', 'daftar', 'ulang', 'baik', 'apk']	neutral
['ngescan', 'gagal', 'baca', 'scan', 'muka', 'tolong', 'baik', 'scan', 'muka', 'ngebug']	neutral
['lelet', 'buka', 'aplikasi', 'nyaentah']	negative
['nama', 'feri', 'audi', 'beli', 'pulsa', 'apk', 'wondr', 'bni', 'masuk', 'pulsa', 'transaksi', 'gagal', 'saldo', 'saya', 'saya', 'kirim', 'pesan', 'email', 'whatsapp', 'resmi', 'bni', 'respon', 'minggu', 'pakai', 'apk', 'kecewa']	negative
['limit', 'top', 'up', 'ewallet', 'batas', 'tolong', 'kasih', 'limit', 'dikit']	negative
['eksplor', 'adakan', 'baik']	neutral
['bintang', 'kak', 'transaksi', 'qris', 'error', 'kak', 'jaring', 'kondisi', 'bagus', 'kak', 'harap', 'baik', 'ya', 'kak']	positive
['bagus', 'mudah']	positive
['wonder', 'bagusgak', 'mutasigak', 'tau', 'saldo', 'sebelumnyapengen', 'enggak', 'bisa', 'bayar', 'listrik', 'dllmumet', 'aplikasibuat', 'aplikasi', 'bagus', 'donkjgn', 'menghilangkan', 'fitur']	neutral
['bagus', 'banget', 'sihhlebih', 'gampang', 'simpel', 'mudah', 'transaksitampilannya', 'tarik', 'ribet', 'verifikasi', 'daftar', 'mudah', 'dalam', 'ganti', 'email', 'kantor', 'cabang', 'bni', 'email', 'sudah', 'enggak', 'aktipsangat', 'puas', 'baru', 'aplikasi']	positive
['apknya', 'bagus', 'uang', 'sekian', 'ribu', 'habis', 'wondr', 'ambil', 'uang', 'nasabah', 'karena', 'lihat', 'uang', 'sekian', 'ribu', 'tolong', 'sekian']	neutral
['kasih', 'bintang', 'dulusemoga', 'segara', 'update', 'proses', 'tarik', 'tunai', 'cepat', 'masuk', 'pemberitahuan', 'transaksi', 'transaksi', 'kali', 'saji', 'saldo', 'saldo', 'saldo', 'masuk', 'moga']	neutral
['download', 'install', 'rekening', 'bni', 'muncul', 'suruh', 'kantor', 'cabang', 'huhh', 'apan', 'bikin', 'capek', 'tau', 'cs', 'antri', 'bikin', 'emosi', 'butuh', 'hari', 'mengantri', 'mengira', 'aplikasi', 'mudah', 'eh', 'sulit', 'beda', 'baca', 'swasta', 'aplikasi', 'guna']	negative
['jam', 'atas', 'suka', 'enggak bisa', 'transaksi']	positive
['bantu']	positive
['bug', 'susah', 'dipakek', 'mending', 'bni', 'mobile', 'wondr', 'enggak', 'aplikasi', 'cek', 'teliti', 'sebar', 'publik']	negative
['tampil', 'login', 'nge', 'lag', 'jaring', 'bagus']	negative
['aplikasi', 'bolak', 'aktivasi', 'ulang', 'nasabah', 'malas', 'transaksi', 'sempurna', 'aplikasinyanasabah', 'bolak', 'komplain', 'kapok', 'pakai', 'wondr']	negative
['transaksi', 'va', 'enggak', 'operasi', 'aplikasi', 'memang', 'aplikasi', 'masih', 'error']	negative
['lambat', 'buka', 'rugi', 'saat', 'cepat', 'transaksi']	neutral
['cek', 'menu', 'hutang', 'mana', 'aplikasi', 'dulu', 'top', 'upshopee', 'pay', 'limit', 'pakai', 'wonder', 'limit', 'menu', 'lihat', 'portofolio', 'enggak']	positive
['aplikasi', 'bagus', 'notif', 'transaksi', 'cepat', 'banget', 'cuman', 'keluh', 'bapakibuk', 'dev', 'aplikasi', 'crash', 'buka', 'stuck', 'logo', 'mohon', 'kenan', 'baik', 'ibuk', 'terimakasih']	neutral
['list', 'transaksi', 'lengkap', 'aplikasi', 'transaksi', 'muncul', 'aplikasi', 'untung', 'mobile', 'banking', 'bni', 'mbanking', 'bni', 'sudah', 'otw', 'pindah', 'bank']	negative
['mbaking', 'bni', 'update', 'deh', 'transaksi', 'batal', 'melulu']	negative
['worth', 'itloading', 'transaksi', 'ulang', 'kendala', 'pakai', 'tf', 'beda', 'bank', 'enggak bisa', 'lot', 'baik', 'kalo', 'buka', 'baik']	negative
['aplikasi', 'inimobile', 'tunai', 'adabelum', 'sering', 'error']	negative
['bni', 'pakai', 'aplikasi', 'lengkap', 'app', 'harap', 'mundurr', 'kecewa', 'balikin', 'pakai', 'app', 'sebelum']	neutral
['sih', 'bagus', 'kalo', 'topup', 'ewallet', 'batas', 'beda', 'mbanking']	positive
['aplikasi', 'fitur', 'modern', 'simpel', 'mudah', 'transaksi']	positive
['super', 'apk', 'fitur', 'tari', 'uang', 'tunai', 'kartu', 'atm', 'fitur', 'bagus']	positive
['kurang', 'banding', 'bni', 'mobile', 'lalot', 'loginnya', 'kadang', 'susah', 'buka']	negative
['smooth', 'bni', 'mobile', 'banking', 'mohon', 'lengkap', 'fitur', 'bni', 'mobile', 'wondr', 'by', 'bni', 'setortarik', 'tunai', 'bayar', 'uang', 'kuliah', 'verifikasi', 'kedip', 'mata', 'fitur', 'insight', 'akurat', 'catat', 'tercatatterlewatkan', 'screenshoot', 'bug', 'ganggu', 'tunggu', 'versi', 'improve', 'bintang', 'naik', 'terimakasih']	neutral
['layan', 'buruk', 'adu', 'via', 'chat', 'menunggu', 'sampai', 'jam', 'respon', 'gilir', 'telat', 'respon', 'menit', 'langsung', 'chatnya']	negative
['bagaimana', 'login', 'sampai', 'jam', 'enggak bisa', 'stak', 'logo', 'wonder', 'sekali', 'kali', 'ku', 'hapus', 'mencari', 'sinyal', 'bagus', 'sudah', 'ku', 'logout', 'tetap', 'kayak', 'mulu', 'bagaimana', 'tolong', 'baik']	neutral
['moga', 'hadiah', 'tf']	neutral
['cepat', 'keren', 'mudah']	positive
['kirim', 'uang', 'saldo', 'kurang', 'terima', 'terima', 'dana', 'nih', 'apk']	negative
['enggak', 'fitur', 'tarik', 'tunai', 'kartu', 'kalo', 'tambahkan', 'fitur', 'mudah', 'kalo', 'enggak', 'bawa', 'kartu', 'atm']	neutral
['transaksi', 'mudah', 'wonder']	positive
['daftarin', 'kartu', 'atm', 'bansos', 'bank', 'bnitp', 'transferdengan', 'alas', 'kartu', 'aktifmemang', 'bank', 'bni', 'ya', 'itupedahal', 'saldo']	neutral
['susah', 'login', 'hp']	neutral
['wondr', 'gagal', 'transaksi', 'mulu', 'top', 'up', 'bingung', 'bagaimana', 'ngatasinnya', 'saldo', 'transaksi', 'hasil']	negative
['banyak', 'bug', 'update', 'restart', 'daftar', 'ulang', 'tolong', 'baik']	negative
['bagus', 'aplikasi', 'mudah', 'bulan', 'aktif', 'sekarang', 'bisa', 'buka', 'sih', 'bulan', 'pakai', 'transaksi', 'kenapa', 'ya']	neutral
['cepat']	positive
['ribet', 'verifikasi', 'wajah', 'suruh', 'buka', 'mulut', 'suruh', 'tengok', 'kiri', 'kanan', 'coba', 'kali', 'tetap', 'coba', 'besok', 'karena', 'salah', 'perhati', 'karena', 'dampak', 'depan']	neutral
['sudah', 'bagus', 'tambahiin', 'bonus', 'buatt', 'pelang', 'sriing', 'transaksihehehe']	positive
['user', 'interface', 'dati', 'bni', 'mobile', 'banking', 'fiturnya', 'lengkap', 'lengkap', 'bni', 'mobile', 'banking', 'aju', 'tukar', 'kartu', 'bni', 'mobile', 'banking']	neutral
['cepat', 'aplikasi']	positive
['app', 'menyusahkan', 'sudah', 'kali', 'nyangkut', 'mulu', 'transaksi', 'saldo', 'potong', 'memang', 'sih', 'malas', 'telp', 'cs', 'mulu', 'deh', 'transaksi', 'pakai', 'wonder']	negative
['bagus', 'mudah', 'aplikasi', 'lambat', 'buka', 'menu', 'lamaharap', 'baru', 'specknya', 'cepat', 'transaksi']	positive
['apkikasi', 'bagus', 'transaksi']	positive
['biometrik', 'berkalikali', 'coba', 'daftar', 'login', 'biometrik', 'sidik', 'daftar', 'stag', 'halaman', 'syarat', 'tentu', 'tombol', 'tuju', 'kedip', 'tombol', 'data', 'sidik', 'jari', 'simpan', 'ulang']	negative
['bagus', 'bni', 'mobile', 'pakai', 'payah', 'ribet', 'panyak', 'baik', 'pakai', 'bayar']	negative
['kena', 'promosi', 'iklan', 'download', 'overall', 'fiturnya', 'oke', 'sudah', 'lengkap', 'cuman', 'minus', 'sistem', 'tarik', 'tunai', 'by', 'apps', 'ya', 'moga', 'upgrade']	positive
['apk', 'bagus', 'mantap']	positive
['kecewa', 'app', 'susah', 'verifikasi', 'wajahsetelah', 'hasil', 'senang', 'ganti', 'app', 'bni', 'mobile', 'terima', 'kasih', 'wonder', 'by', 'bni']	positive
['tim', 'baik', 'sistem', 'login', 'alami', 'kendala', 'transaksi', 'aplikasi', 'download', 'solusi', 'data', 'terima', 'kasih']	neutral
['bagus', 'tingkat']	positive
['tolong', 'bantu', 'login']	negative
['ganggu', 'lambat', 'aplikasi', 'gin', 'terus', 'aplikasi', 'bni', 'apai', 'hapus', 'kirim', 'harus', 'aplikasi', 'wondr', 'cari', 'untung', 'terus', 'coba', 'aplikasi', 'janjok', 'bikin', 'ribet']	negative
['update', 'sudah', 'fitur', 'cardless', 'pengin', 'mencoba', 'kartu', 'fisik', 'aduh']	negative
['tolong', 'aplikasi', 'tingkat', 'bayar', 'masuk', 'kalo', 'bawa', 'cash']	neutral
['sempurna', 'limit', 'transaksi', 'sesuai', 'aplikasi', 'limit', 'transfek', 'bank', 'bank', 'atur', 'guna']	neutral
['registrasi', 'infomasinya', 'verifikasi', 'tambah', 'suruh', 'telepon', 'bni', 'call', 'cabang', 'dekat', 'telepon', 'bni', 'call', 'data', 'sesuai', 'suruh', 'bni', 'dekat', 'bni', 'dekat', 'informasi', 'data', 'sesuai', 'infomasi', 'coba', 'kali', 'notifnya', 'registrasi', 'wondr', 'verifikasi', 'tambah', 'bagaimana']	neutral
['kakbang', 'daftar', 'wondery', 'bni', 'alsannya', 'karena', 'data', 'update', 'datasaya', 'ktp', 'sudah', 'update', 'apk', 'sudah', 'update', 'mohon', 'kerja', 'sama']	negative
['tambahkan', 'fitur', 'login', 'biar', 'kalo', 'tuh', 'enggak', 'daftar', 'ribet']	negative
['bagus', 'pemberitahuan', 'maintenance', 'indak', 'kaget', 'gagal', 'login']	positive
['bantu', 'mudah', 'transaksi', 'butuh']	positive
['februari', 'usia', 'wondr', 'by', 'bni', 'tanya', 'menu', 'kalah', 'bni', 'mobile', 'banking', 'fitur', 'kembang', 'wondr', 'by', 'bni', 'mana', 'sd', 'fitur', 'ganti', 'pin', 'kakak', 'tambah', 'fitur', 'layan', 'ib', 'bni', 'fungsi', 'ib', 'bni', 'bni', 'mobile', 'banking', 'suntik', 'mati', 'menu', 'layan', 'wondr', 'by', 'bni', 'maksimal', 'minimal', 'sama', 'bni', 'mobile', 'banking']	neutral
['cepat', 'mudah', 'mengoprasikannya']	positive
['aplikasi', 'wondr', 'by', 'bni', 'keren', 'warna', 'aplikasi', 'kini', 'fiturnya', 'lengkap', 'mudah', 'paham', 'aman', 'extra']	positive
['praktis']	positive
['buka', 'lag', 'jam', 'jaring', 'bagus', 'sinyal', 'bagus', 'buka']	negative
['mudah', 'cpat', 'transaksi']	positive
['transaksi', 'kadang', 'aplikasi']	positive
['wonder', 'fitur', 'aktivadi', 'transaksi', 'kartu', 'luar', 'negeri', 'bni', 'mobile', 'banking']	neutral
['daftar', 'enggak', 'terang', 'proses', 'enggak', 'mnit', 'unistal', 'aplikasi']	negative
['eror', 'pindah', 'wondr', 'eror', 'tolong', 'kalo', 'bom', 'rilis', 'coba', 'kalo', 'aplikasi', 'atm', 'balas', 'dungu']	negative
['wondr', 'by', 'bni', 'kencang', 'banget', 'kayak', 'jalan', 'langsung', 'tuju', 'transfer', 'menu', 'transaksi', 'lengkap', 'i', 'wondr', 'by', 'bni', 'ayo', 'download', 'wondr', 'by', 'bni', 'rasa', 'mudah', 'transaksi']	positive
['aplikasi', 'enggak', 'buka', 'informasi', 'kartu', 'kredit', 'cuman', 'tulis', 'muat', 'ulang']	positive
['februari', 'usia', 'wondr', 'by', 'bni', 'tanya', 'menu', 'kalah', 'bni', 'mobile', 'banking', 'fitur', 'kembang', 'wondr', 'by', 'bni', 'mana', 'sd', 'fitur', 'ganti', 'pin', 'kakak', 'tambah', 'fitur', 'layan', 'ib', 'bni', 'fungsi', 'ib', 'bni', 'bni', 'mobile', 'banking', 'suntik', 'mati', 'menu', 'layan', 'wondr', 'by', 'bni', 'maksimal', 'minimal', 'sama', 'bni', 'mobile', 'banking']	neutral
['tolong', 'kembali', 'fitur', 'tarik', 'tunai', 'kartu', 'apk', 'tambahkan', 'fitur', 'fitur', 'buang', 'aduh']	neutral
['pakai', 'mobile', 'banking', 'bni', 'isi', 'dana', 'juta', 'hari', 'wonder', 'dibatasin', 'juta', 'suka', 'transfer', 'uang', 'pakai', 'dana', 'gratis', 'limit']	neutral
['repot', 'laci', 'transaksi', 'habis', 'scroll', 'laci', 'transaksi', 'mesti', 'seret', 'bawah', 'otomatis', 'tutup', 'transaksi', 'buka', 'ngulang', 'scroll', 'cek', 'riwayat', 'transaksi', 'bulan']	neutral
['aplikasi', 'bagus', 'suka', 'user', 'imterfacenya', 'nyaman', 'pandang', 'keren', 'bni']	positive
['simpel', 'sih', 'enggak', 'move', 'on', 'app', 'bni', 'terkadang', 'app', 'gampang', 'mengambek', 'sinya', 'l', 'lancar', 'paket', 'data', 'aman', 'kagak', 'buka', 'app']	neutral
['aplikasi', 'mudah']	positive
['fitur', 'bayar', 'sayang', 'mobile', 'tunai']	positive
['mantab', 'lancar', 'percaya']	positive
['aplikasi', 'sedih', 'ganggu', 'login', 'loading', 'ganggu', 'aplikasi', 'aplikasi', 'bank', 'mandiri', 'livin', 'bri', 'britama', 'dll']	negative
['aplikasi', 'nge', 'bug', 'halaman', 'login', 'centang', 'transaksi']	negative
['tolong', 'riwayat', 'bni', 'simponi', 'muncul', 'aplikasi']	positive
['muas']	positive
['enak', 'pakai', 'aplikasi', 'bni', 'aplikasi', 'wondr', 'tolong', 'lengkap', 'fitur', 'tarik', 'tunai', 'setor', 'tunai', 'butuh', 'transaksi', 'kartu']	neutral
['login', 'muter', 'kayak', 'gangsigan', 'lihat', 'saldo', 'ribet', 'baik', 'sistem']	neutral
['ui', 'fresh', 'enggak', 'bikin', 'bosan', 'mudah', 'bikin', 'rekening', 'kurang', 'fitur', 'belum', 'akses', 'moga', 'developer', 'terus', 'ngembangin', 'fiturnya', 'enggak', 'bikin', 'ribet', 'guna', 'moga', 'depan', 'tambah', 'fitur', 'setor', 'tarik', 'tunai', 'teller', 'atm']	positive
['kkekurangan', 'banding', 'bni', 'belum']	positive
['kadang', 'lot']	neutral
['transfer', 'bni', 'mobile', 'catat', 'transaksi', 'masuk', 'wonder', 'saldo', 'tambah', 'tingkat', 'catat', 'masuk', 'transfer', 'biar', 'cepat', 'baca', 'wonder']	neutral
['wondre', 'aplikasi', 'keren', 'mudah', 'nasabah']	positive
['aplikasi', 'lot', 'bayar', 'qris', 'gagal', 'kali', 'internet', 'lancar', 'saldo', 'isi']	negative
['mantap', 'pokoknyasimple', 'keren', 'tampil']	positive
['tanggal', 'aplikasi', 'ganggu', 'dari', 'pagi', 'malamselama', 'kah', 'baik', 'aplikasi', 'butuh']	negative
['bantu', 'aplikasi']	positive
['aplikasi', 'jam', 'malam', 'masuk', 'subuh', 'gagal', 'jaring', 'sistim', 'gondok', 'banget', 'butuh', 'gagal', 'jaring', 'mending', 'hapus', 'aplikasi']	negative
['bayar', 'didik', 'sulit', 'ganggu', 'tolong', 'baik']	negative
['smart', 'bantu']	positive
['harap', 'top', 'up', 'e', 'wallet', 'enggak', 'batas', 'nominal', 'transaksi', 'hari', 'karena', 'butuh', 'orang', 'beda', 'beda']	neutral
['bagaimana', 'sih', 'tarik', 'tunai', 'kartu', 'app', 'jengkel', 'mencari', 'enggak ada', 'bagus', 'artefak', 'enggak bisa', 'tarik', 'tunai', 'alfa', 'saja', 'bikin', 'jengkel']	neutral
['eroro', 'bayar', 'daftar', 'snbt', 'enggak', 'tolong', 'lah']	negative
['manfaat', 'cepat']	neutral
['wondr', 'baik', 'bingung', 'bayar', 'trans', 'padang', 'pakai', 'qr', 'baik', 'pemberitahuan', 'kalo', 'baik', 'diberitahu', 'pemberitahuannya', 'prepare', 'bawa', 'kartu', 'bagaimana']	neutral
['aplikasi', 'baguslebih', 'mudah', 'praktis', 'simpel', 'satset', 'transaksi', 'pakai', 'pin', 'tampil', 'full', 'colour', 'cinta', 'wondr', 'by', 'bni']	positive
['off', 'line', 'tuh', 'off', 'line', 'jadwalin', 'saja', 'seminngu', 'kali', 'malam', 'off', 'line', 'kacau', 'malam', 'susah']	negative
['senang', 'banget', 'aplikasi', 'wondr', 'by', 'bni', 'bayar', 'atas', 'dengan', 'cepat']	positive
['tolong', 'tingkat', 'layan', 'bayar', 'air', 'bni', 'mobile', 'banking', 'layan', 'server', 'pdam', 'kab', 'madiun', 'wondr', 'sedia', 'bantu', 'save', 'recent', 'payment', 'biar', 'input', 'ulang', 'ulang', 'token', 'listrik', 'bayar', 'air', 'terimakasih']	neutral
['aplikasi', 'loding', 'buka']	neutral
['tampil', 'fresh', 'mudah', 'paham', 'fitur', 'ewalet', 'kendala', 'kendala', 'sistem', 'tolong', 'baik']	neutral
['suasah', 'banget', 'login', 'tampil', 'awal', 'syarat', 'tentu', 'muncul', 'notif', 'sesi', 'edit', 'ulas', 'sudah', 'uninstall', 'download', 'kendala', 'enggak', 'guna', 'aplikasi', 'sampai', 'login']	negative
['wondr', 'ganggu', 'log', 'ini', 'aplikasi', 'repot', 'optimal']	negative
['isi', 'pulsa', 'kali', 'notifnya', 'beli', 'pulsa', 'gagal', 'saldo', 'hangus', 'refund', 'sekali', 'aplikasi', 'baik', 'bni', 'mobile', 'banking', 'sblumnya', 'sekali']	neutral
['simpel', 'mudah', 'baik']	positive
['minggusetelah', 'update', 'aplikasi', 'buka', 'error', 'baik', 'tim', 'tlong', 'sgera', 'baik']	neutral
['wonderku', 'enggak', 'pilih', 'setor', 'tunai', 'tarik', 'tunai']	neutral
['aplikasi', 'wondrselalu', 'dramaverifikasi', 'wajah', 'minggu', 'enggak', 'beres', 'beresselalu', 'ulang', 'gagal', 'ulang', 'lagisedangkn', 'darurat', 'tolong', 'baik', 'mudah']	neutral
['aplikasi', 'word', 'bni', 'kenapa', 'masuk', 'sampai', 'ganggu', 'bikin', 'enggak', 'nyaman', 'bni']	negative
['lancar', 'trouble', 'maintenance']	positive
['mudah', 'bantu']	positive
['bagus', 'mudah']	positive
['pakai', 'aplikasi', 'wondr', 'by', 'bni', 'transaksi', 'mudah', 'praktisdari', 'menabungcek', 'saldosampai', 'deposito', 'bank', 'atm', 'mengantri', 'aman', 'kalo', 'buka', 'aplikasi', 'pin', 'biometri', 'sidik', 'jari']	positive
['alhamdulillah', 'lancar', 'transaksi']	positive
['aplikasi', 'aslikartu', 'kredit', 'sudah', 'bayar', 'terang', 'tagih', 'aneh']	negative
['login', 'masuk', 'password', 'salah', 'ganti', 'password', 'password', 'password', 'salah', 'cari', 'solusi', 'bni', 'hubung', 'langsung', 'outlet', 'kantor', 'buru', 'kantor', 'pusat', 'bni', 'tolong', 'bni', 'kasih', 'mudah', 'saat', 'nasabah', 'konfirmasi', 'hubung']	negative
['aplikasi', 'mantap']	positive
['transfer', 'dana', 'enggak bisa', 'tim', 'baik', 'coba', 'enggak bisa']	neutral
['kayak', 'mbankingnya', 'otp', 'enggak', 'masuk', 'no', 'enggak', 'tau', 'no', 'ngarepnya', 'sistem', 'otp', 'app', 'biar', 'tarik', 'tunai', 'kartu']	neutral
['aplikasi', 'wondr', 'blokir']	negative
['enggak', 'verifikasi', 'ktp', 'wajah', 'malas', 'banget', 'kalau', 'akun', 'logout', 'verifikasi']	positive
['aplikasi', 'bagus', 'bantu']	positive
['aplikasi', 'mudah', 'efektif', 'akses', 'bayar', 'lega', 'aplikasi', 'mbanking']	positive
['mudah', 'muas']	positive
['atas', 'jam', 'malam', 'kacau', 'mulu', 'gua', 'perhatikan', 'tolong', 'baik']	neutral
['limit', 'ewalletnya', 'banget']	neutral
['bantu', 'mudah', 'butuh', 'transaksi', 'aplikasi', 'ringan']	positive
['verifikasi', 'enggak', 'hasil', 'aplikasi', 'sampah', 'suruh', 'verifikasi', 'besok', 'besok', 'uninstal', 'saja', 'enggak', 'perban', 'good', 'bye', 'bnikami', 'cari', 'saja']	negative
['mudah', 'murah', 'simpel', 'dimana']	positive
['hlo', 'wonder', 'by', 'bni', 'bantu', 'terima', 'uang', 'lncar']	positive
['mantap', 'mudah', 'tran', 'saksi', 'wandr', 'bni', 'mantatap', 'banget']	positive
['ganti', 'kartu', 'enggak bisa', 'bikin', 'pin', 'ganti', 'pin', 'apps', 'plikasi', 'kendala', 'melulu', 'aplikasi', 'jelek', 'menyusahkan', 'nasabah']	negative
['sumpah', 'parah', 'memang', 'bagus', 'sih', 'aman', 'kayak', 'gin', 'mah', 'ngeriibetin', 'sudah', 'mengikuti', 'verifikasi', 'muka', 'verifikasi', 'sesuai', 'suruh', 'menengok', 'menengok', 'sudah', 'ubah', 'perintah', 'alhasil', 'suruh', 'coba', 'besok', 'malas', 'mending', 'pakai', 'bni', 'mobile', 'banking', 'langsung', 'kagak', 'ribetribet']	negative
['fitur', 'tarik', 'tunai', 'via', 'cardless', 'pada', 'history', 'transaksi', 'nominal', 'moga']	neutral
['pakai', 'wondr', 'by', 'bni', 'hidup', 'arah', 'tabung', 'pisahpisah', 'fokus', 'bayar', 'bayar', 'simpel', 'ribet', 'pergi', 'kemanakemana']	positive
['tolong', 'update', 'tampil', 'ui', 'acak', 'acak', 'ribet', 'bar', 'kanan', 'kiri', 'menu', 'drop', 'down', 'menu', 'search']	positive
['mantap', 'gercep', 'kendala']	positive
['operasi', 'mudah', 'transaksi', 'cepat', 'terimakasih']	positive
['mudah', 'transaksi']	positive
['aplikasi', 'enggak', 'buka', 'play', 'store', 'updatenya', 'tolong', 'kembang', 'baik']	neutral
['aplikasi', 'bantu', 'butuh', 'transaksi', 'uang', 'mudah', 'transaksi', 'qris', 'cepat', 'baca', 'pokok', 'recomended']	positive
['verifikasi', 'wajah', 'sulit', 'terang', 'bagus', 'pandu', 'kedip', 'mata', 'ulang', 'kali', 'coba', 'gagal', 'merasa', 'mata', 'sakit', 'tolong', 'developer', 'atas', 'pakai', 'aplikasi', 'orang', 'tua', 'bagaimana', 'coba', 'enggak', 'hasil']	negative
['aplikasi', 'masalah', 'tf', 'qris', 'pokok', 'serba']	negative
['ringan', 'innovatif', 'user', 'friendly', 'kaku', 'good', 'job', 'bni', 'krgnya', 'trik', 'tunai', 'belum', 'opsion']	positive
['aplikasi', 'kalo', 'buka', 'transaksi', 'satset', 'tolong', 'baik', 'ya', 'lengkap', 'beli', 'paket', 'data', 'wonder', 'biar', 'mudah']	positive
['pakai', 'sama', 'banking', 'lamakarena', 'wonder', 'bni', 'errornyakayaknya', 'pakai', 'nih', 'wondr', 'bni']	neutral
['ktp', 'susah', 'baca', 'daftar', 'ribet', 'banget', 'bisa', 'baca', 'ktp', 'konyol', 'wkwkwk']	neutral
['efisien', 'pakai', 'wonder']	positive
['bukaada', 'terang', 'kendala', 'sistem', 'yagak', 'hari', 'lohsudah', 'coba', 'clear', 'data', 'hapus', 'aplikasi', 'download', 'tetap', 'hasil', 'samabisa', 'masuk', 'terang', 'suruh', 'refresh', 'fyi', 'seminggumungkin', 'kantor', 'cabang', 'selesai']	neutral
['uinya', 'segar', 'bagus', 'utama', 'daftar', 'login', 'nyangkut', 'sesi', 'login', 'silah', 'ulang', 'hapus', 'aplikasi', 'instal', 'nyangkut', 'situ', 'tolong', 'kembang', 'aplikasi', 'perhati', 'bug', 'terima', 'kasih']	negative
['aktif', 'fitur', 'biometrik', 'error', 'trsmohon', 'baik', 'guna', 'nasabah', 'nyaman', 'apps', 'mondr', 'by', 'bni']	neutral
['masuk']	negative
['aplikasi', 'jelek', 'fitur', 'setor', 'tunai', 'tarik', 'tunai', 'nampaknya', 'mash', 'bagus', 'bni', 'mobile', 'setor', 'tunai', 'tarik', 'tunai', 'developer', 'amatir']	negative
['mudah', 'guna']	positive
['simpel', 'cepat']	positive
['mengira', 'kali', 'login', 'karena', 'setelah', 'beres', 'transaksi', 'eh', 'tetiba', 'logout', 'login', 'susah', 'padahal', 'password', 'sudah', 'benar', 'enggak bisa', 'masuk']	negative
['jelek', 'bagus', 'sanggup', 'casback', 'langgan', 'mending', 'mengadakan', 'promo', 'saldo', 'tarik', 'tunai', 'bayar', 'pakai', 'qris', 'enggak bisa', 'uang', 'endap', 'wondr', 'bni']	neutral
['pakai', 'wondr', 'mundah', 'banget', 'tinggal', 'klik', 'sudah', 'bayar']	positive
['ribet', 'bamget', 'vermuk', 'enggak', 'kamera', 'sudah', 'terang', 'pakai', 'wifi']	negative
['aplikasi', 'bagus', 'guna', 'lancar', 'tampil', 'tarik', 'ayo', 'lengkap', 'fitur', 'transaksi']	positive
['alhamdulilah', 'bantu', 'transaksi']	positive
['bagus', 'mudah', 'cepat']	positive
['aplikasi', 'bantu', 'banget', 'transaksi', 'mudah', 'fiturnya', 'lengkap', 'banget', 'fitur', 'insight', 'ngetrack', 'uang', 'masuk', 'uang']	positive
['aplikasi', 'keren']	positive
['bagus', 'banget', 'pasu', 'bayar', 'bni', 'wonder']	positive
['bintang', 'atur', 'aplikasi', 'susah']	neutral
['mewah', 'apk']	positive
['aplikasi', 'bagus', 'bni', 'mobile', 'mudah', 'guna', 'transaksi', 'nasabah', 'bni', 'enggak usah', 'khawatir', 'daftar', 'mengikuti', 'step', 'buka', 'rekening', 'oiya', 'bebas', 'biaya', 'admin', 'gratis', 'biaya', 'transfer', 'tarik', 'tunai', 'mantap', 'tahan', 'performa']	positive
['aplikasi', 'jelek', 'iya', 'buka', 'loading', 'doang', 'ampun', 'serasa', 'hp', 'kayak', 'hp', 'jadul', 'bagus', 'responsif']	negative
['good', 'bantu']	positive
['apknya', 'bagus', 'uang', 'sekian', 'ribu', 'habis', 'wondr', 'ambil', 'uang', 'nasabah', 'karena', 'lihat', 'uang', 'sekian', 'ribu', 'tolong', 'sekian']	neutral
['transaksi', 'gagal', 'dana', 'cek', 'mutasi', 'transaksi', 'bukti', 'cs', 'apa', 'fitur', 'tahap', 'kembang', 'hilang', 'duit', 'begitu']	negative
['cabang', 'dekat', 'nanganin', 'suruh', 'cabang', 'aplikasi', 'unfaedah']	negative
['astaga', 'bni', 'mobile', 'jarang', 'problem', 'pindah', 'kesini', 'fitur', 'sudah', 'bni', 'mobile', 'wondr', 'setor', 'kartu', 'astaga']	negative
['bayar', 'masuk', 'potong', 'potong']	neutral
['kode', 'otp', 'keluar', 'enggak', 'tolong', 'sering', 'trouble', 'aplikasi']	negative
['isi', 'token', 'listrik', 'gagal', 'saldo', 'potong', 'email', 'tanggap', 'transaksi', 'hasil', 'nomor', 'token', 'kirim', 'hari', 'komplen', 'enggak', 'fitur', 'tarik', 'tunai', 'kartu', 'atm']	negative
['apk', 'burik', 'iya', 'sudah', 'hak', 'akses', 'sama', 'guna', 'login', 'lupa', 'password', 'lupa', 'pin', 'databasenya', 'pakai', 'flashdisk', 'banding', 'bumn', 'warna', 'biru']	negative
['mohon', 'bantu', 'kak', 'aplikasi', 'kadang', 'suka', 'kak']	neutral
['verifikasi', 'email', 'aplikasi', 'ganti', 'bni', 'bangking', 'cmna', 'verifikasi', 'no', 'verifikasi', 'salah']	negative
['atas', 'jam', 'malam', 'kacau', 'mulu', 'gua', 'perhatikan', 'tolong', 'baik']	neutral
['terima', 'kasih', 'wonder', 'transaksi', 'bikin', 'cepat', 'lancar', 'hambat']	positive
['kenaapa', 'top', 'up', 'dana', 'wondr', 'batas', 'limit', 'jthari', 'aplikasi', 'dana', 'juta', 'aplikasi', 'mobile', 'banking', 'mudah', 'ribet', 'ginibisa', 'top', 'up', 'dana', 'hari', 'atas', 'juta', 'enak', 'pakai', 'bni', 'mobile', 'banking']	negative
['kok', 'riwayat', 'mutasi', 'enggak', 'lengkap', 'aplikasi', 'potong', 'uang', 'admin', 'kartu', 'aplikasi', 'enggak', 'tau', 'langsung', 'potong', 'riwayat', 'transaksi']	negative
['suka', 'pakai', 'wondr', 'mudah', 'ribet']	positive
['aplikasi', 'prabayar', 'enggak', 'kasih', 'bintang', 'dulukalau', 'aplikasi', 'gratis', 'enggak', 'uninstall', 'kalau', 'prabayar', 'uninstall', 'enggak', 'ferivikasi', 'wajah']	negative
['user', 'interface', 'dati', 'bni', 'mobile', 'banking', 'fiturnya', 'lengkap', 'lengkap', 'bni', 'mobile', 'banking', 'aju', 'tukar', 'kartu', 'bni', 'mobile', 'banking']	neutral
['bagus', 'beda', 'signifikan', 'fungsi', 'bni', 'mobile', 'beda', 'tampil']	positive
['mantap', 'kalau', 'tari', 'tunai', 'kartu', 'atm']	positive
['menggantikan', 'aplikasi', 'suruh', 'download', 'bug', 'enggak', 'buka', 'daftar', 'pakai', 'ktp', 'ribet', 'menyusahkan']	negative
['bagaimana', 'ganti', 'tanggal', 'belum']	negative
['very', 'user', 'friendly', 'suka', 'belanja', 'pakai', 'qris', 'wondr', 'gampang', 'banget', 'dipakenya', 'satsetsatset', 'bayar', 'enggak', 'pakai', 'masuk', 'aplikasi', 'promonya', 'banget', 'cinta', 'pakai', 'wondr', 'by', 'bni', 'warna', 'colourful', 'bikin', 'tampil', 'ciamik', 'poll', 'yuk', 'download', 'wondr', 'by', 'bni', 'biar', 'menikmati', 'promo', 'keren', 'wondr', 'sukses', 'wondr', 'by', 'bni', 'bravo', 'bni']	positive
['ganguan', 'worder', 'kacau', 'bni', 'tf', 'buka', 'poto', 'tolong', 'baik', 'jam', 'sih', 'wonder', 'ganguan', 'mulu']	neutral
['detail', 'transaksi', 'mantap', 'fiturnya', 'keren', 'fleksibel', 'gunainnya']	positive
['sudah', 'daftar', 'gagal', 'pin', 'login', 'tolong', 'gan', 'solusi']	neutral
['mantap', 'cepat', 'loading']	positive
['mutasi', 'rekening', 'terang', 'jam', 'transfer', 'mending', 'aplikasi', 'detail', 'mutasi']	neutral
['bantu', 'layan', 'respek', 'sat', 'set']	positive
['bantu']	positive
['sulit', 'nasabah', 'optimal', 'keburu', 'darah', 'tanggal', 'januari', 'susah', 'banget', 'transfer', 'alas', 'saldo', 'rangin', 'nilai', 'tf', 'coba', 'kendala', 'tolong', 'bni', 'bagaimana', 'sih', 'kalah', 'apk', 'dana']	negative
['min', 'enggak', 'jadi', 'kartu', 'kredit', 'sebagai', 'sumber', 'dana', 'beberapa', 'informasi', 'dapat', 'google', 'youtube', 'kartu', 'kredit', 'otomatis', 'daftar', 'wondr', 'karena', 'nik', 'cuma', 'rekening', 'debit', 'daftarin', 'manual', 'fitur', 'my', 'credit', 'card', 'seperti', 'bni', 'mbanking', 'mohon', 'bantu', 'bagaimana', 'taut', 'credit', 'card', 'app', 'wondr', 'thx']	neutral
['fitur', 'coba', 'bni', 'mobile', 'banking', 'enggak', 'log', 'ini', 'muncul', 'tulis', 'tingkat', 'layan', 'mobile', 'banking', 'kayak', 'duaduanya', 'nyaman', 'nyaman', 'pakai', 'bni', 'mobile', 'banking']	negative
['login', 'sudah', 'login', 'internet', 'stabil', 'main', 'game', 'nomor', 'cuman', 'masuk', 'langsung', 'notifikasi', 'jaring', 'stabil', 'barusaja', 'main', 'game', 'online']	negative
['semenjak', 'download', 'wondr', 'by', 'bni', 'tarik', 'tunai', 'uang', 'atm', 'bni', 'uang', 'saldo', 'rekening', 'potong', 'enggak', 'jelas', 'tolong', 'direspon', 'nasabah', 'bayar', 'pajak', 'ppn']	positive
['aplikasi', 'jelek', 'pakai', 'verifikasi', 'kode', 'otp', 'enggak', 'ulang', 'muncul', 'email', 'masuk', 'otp', 'gagal', 'ulang', 'begitu', 'sampai', 'kiamat']	negative
['keren', 'semenjak', 'wondr', 'sat', 'set']	positive
['saran', 'kasih', 'fitur', 'screenshot', 'screenshot', 'riwayat', 'transaksimutasi', 'enggak']	positive
['monyet', 'wondr', 'malam', 'enggak', 'dipakai', 'transaksiapp', 'enggak', 'mutu', 'hambat', 'transaksi', 'nasabah']	negative
['apk', 'wondr', 'by', 'bni', 'bantu', 'setor', 'tunai', 'kartu', 'bagus']	positive
['masuk']	positive
['alam', 'aplikasi', 'solusi', 'situasiprosesnya', 'cepatlancaryang', 'atm', 'bantu', 'aplikasi', 'wondr', 'by', 'bniyang', 'penting', 'mudah', 'erti', 'mula']	positive
['keren', 'kini']	positive
['aplikasi', 'mudah', 'transaksi', 'terimakasih', 'bni', 'wondr', 'jos', 'gandos']	positive
['wonder', 'tanggal', 'maret', 'enggak', 'buka', 'pencet', 'aplikasi', 'wonder', 'enggak', 'masuk', 'kenapa', 'ya', 'tolong']	neutral
['aplikasi', 'wondr', 'cepat', 'banding', 'aplikasi', 'mbak', 'aplikasi', 'wondr', 'jadiinmamumu', 'mantap']	positive
['kayak', 'aplikasi', 'daftar', 'buka', 'kayak', 'enggak', 'pakai', 'biar', 'hapus', 'aplikasi']	neutral
['selamat', 'pagi', 'tampil', 'aplikasi', 'keren', 'sayang', 'fitur', 'kadang', 'login', 'masuk', 'aplikasi', 'susah', 'enggak', 'buruburu']	neutral
['mudah', 'transaksi', 'cepat']	positive
['bagus', 'inj']	positive
['proses', 'cepatmantap']	positive
['kasih', 'bintang', 'karena', 'riwayat', 'transkasi', 'transfer', 'orang', 'enggak', 'nampakkaya', 'teman', 'trf', 'harini', 'initrus', 'cari', 'riwayanya', 'terang', 'enggak ada', 'trxtrus', 'nama', 'deh', 'sipenerasfer', 'tera', 'sudah', 'oke', 'sih']	neutral
['aplikasi', 'enggak', 'top', 'up', 'sudah', 'kali', 'kali', 'mencoba', 'tetap', 'enggak', 'tulis', 'aplikasi', 'baik', 'mulu', 'padahal', 'deh', 'hari']	neutral
['mudah', 'cepat']	positive
['wordr', 'bni', 'error', 'suaa', 'buka', 'danbnyk', 'kendalafalam', 'transaksi', 'top', 'up', 'dana', 'sudah', 'hasil', 'dana', 'potong', 'saldo', 'dana']	neutral
['situ', 'terang', 'transfer', 'gagal', 'saldo', 'kurang', 'balikin', 'saldo', 'saya']	neutral
['aplikasi', 'sih', 'aplikasi', 'main', 'anak', 'verifikasi', 'poto', 'wajah', 'suruh', 'tolah', 'toleh', 'kanan', 'kiri', 'bla', 'bla', 'bla', 'kali', 'coba', 'bolak', 'belum', 'berhasih', 'silah', 'coba', 'besok', 'turutin', 'syarat', 'frame', 'cahaya', 'backligth', 'pakai', 'aksesoris', 'hasil', 'bikin', 'aplikasi', 'benar', 'malu', 'maluin', 'masak', 'bni', 'aplikasi', 'kacang', 'kayak', 'gin']	negative
['enggak', 'buka', 'aplikasi', 'sinyal', 'full']	neutral
['masuk', 'muluharus', 'nonaktif', 'aksesibilitas', 'sudah', 'nonaktif', 'ribet', 'benar']	negative
['kualitas', 'bawah', 'bni', 'mobile', 'banking', 'topup', 'ewallet', 'dana', 'nominal', 'maksimal', 'jthari']	neutral
['susah', 'verifikasi', 'wajah', 'sudah', 'minggu']	positive
['fix', 'sudah', 'pindah', 'bank', 'aplikasi', 'enggak jelas', 'transaksi', 'enggak bisa', 'alas', 'maintenance', 'minimal', 'kalo', 'maintenance', 'siang', 'bolong', 'transaksi', 'janganpakebni']	negative
['muas', 'simple', 'praktis']	positive
['aplikasi', 'bantu']	positive
['wondr', 'mbni', 'fitur', 'mbni', 'enggak ada', 'wondr', 'riwayat', 'mutasi', 'rekening', 'sampai', 'transaksi', 'transfer', 'orang', 'transfer', 'mengasih', 'note', 'wondr', 'note', 'orang', 'menampak', 'menampak', 'nominal', 'padahal', 'turut', 'semua']	neutral
['aplikasi', 'bug', 'lot']	negative
['apk', 'bantu', 'penguna', 'infomasi', 'i', 'saldo', 'masuk', 'terima', 'kasih', 'bni']	positive
['wondr', 'bagustp', 'pasti', 'dulu', 'fitur', 'fungsi', 'minim', 'bug', 'fitur', 'standar', 'mobile', 'bnisetor', 'tunai', 'tarik', 'tunai', 'kartu', 'mobile', 'bni']	neutral
['aplikasi', 'bantu', 'guna', 'bni', 'transaksi', 'keren', 'pokok', 'mantap']	positive
['overall', 'tampil', 'bagus', 'sayang', 'menu', 'layan', 'bayar', 'uang', 'semester', 'kuliah', 'mohon', 'terima kasih']	positive
['mudah', 'senang', 'wondr', 'by', 'bni']	positive
['bgst', 'apk', 'sudah', 'jam', 'menunggu', 'baik', 'sistem', 'kasih', 'terang', 'kendala', 'sistem', 'bagaimana', 'nyaingin', 'mbanking', 'kalo', 'tolol', 'model', 'begitu', 'mulu']	negative
['aplikasi', 'enggak', 'buka', 'baca', 'masih', 'baik', 'sudah', 'enggak', 'buka', 'bagaimana', 'solusi', 'niat', 'ken', 'mudah', 'transper', 'malah', 'buka', 'aplikasi', 'kali', 'bagus', 'aplikasi', 'gin', 'tolong', 'baik', 'min']	negative
['verifikasi', 'pin', 'gagal', 'mohon', 'arahannyaterimakasih', 'kasih']	neutral
['bagus', 'siihtpi', 'tf', 'uang', 'hasil', 'saldo', 'sudah', 'kurang']	neutral
['wonder', 'by', 'bni', 'mudah', 'bayar', 'token', 'listrik', 'pulsa', 'transfer', 'bank', 'lai', 'cepat']	positive
['histori', 'transaksi', 'baru', 'terupdate', 'banding', 'apps', 'bni', 'mobile', 'apps', 'terupdate', 'transaksi', 'tolong', 'fix', 'bug']	neutral
['layan', 'bagus', 'top']	positive
['update', 'wondr', 'top', 'up', 'ewallet', 'lebih', 'juta', 'limit', 'hari', 'juta', 'juta', 'dikit', 'tulis', 'lebih', 'batas', 'hari', 'belum', 'transaksi', 'aneh', 'kalo', 'pakai', 'bni', 'mobile', 'top', 'up', 'ewallet', 'juta', 'sukses', 'baik', 'dong', 'habis', 'update', 'rusak']	negative
['ganggu', 'optimal', 'sistem', 'ganggu', 'jaring', 'login', 'susah', 'setiap', 'selalu', 'kendala', 'kayak', 'begitu']	negative
['transaksi', 'mudah', 'senang', 'keren', 'banget', 'sih', 'aplikasi', 'wondr', 'by', 'bni', 'thankyou', 'bni']	positive
['cepat', 'mudah', 'aman', 'pakai', 'hp', 'jadul', 'gercep', 'terimakasih']	positive
['aplikasi', 'manfaat', 'dengan', 'tampil', 'simple', 'modernfitur', 'tawar', 'relevan', 'butuh', 'seharihariproses', 'transaksi', 'cepat', 'lancaruntuk', 'perban', 'digital', 'praktis', 'lupa', 'download', 'wonder', 'by', 'bni']	positive
['apkikasi', 'sampah', 'eror', 'kok', 'nasabah', 'lwbih', 'mudah', 'nasabah', 'sulit', 'inngin', 'transaksi', 'eror', 'pulih', 'apa', 'aduh', 'baca', 'bri', 'baik']	negative
['minggusetelah', 'update', 'aplikasi', 'buka', 'error', 'baik', 'tim', 'tlong', 'sgera', 'baik']	neutral
['aplikasi', 'bagus', 'mbanking', 'mudah', 'dalam', 'operasionalnyasaat', 'verifkasi', 'wajah', 'harus', 'ulang', 'ulang', 'padahal', 'terang', 'cahaya', 'kirim', 'kode', 'otp', 'begitu', 'terima', 'masuk', 'sudah', 'laku', 'hadeh']	neutral
['bantu']	positive
['kecewa', 'menu', 'setor', 'tunai', 'tarik', 'tunai', 'setor', 'teller', 'terima']	negative
['situ', 'terang', 'transfer', 'gagal', 'saldo', 'kurang', 'balikin', 'saldo', 'saya']	neutral
['tahap', 'kembang', 'berterimakasih', 'puas', 'wondr', 'aplikasi', 'bantu', 'mudah', 'transaksi', 'belum', 'maksimal', 'mobile', 'banking', 'wondr', 'depan', 'lagipula', 'wondr', 'bni', 'tenang']	positive
['tampil', 'kece', 'enggak', 'ribet', 'keren', 'enggak', 'lot', 'banding', 'mbanking', 'bni', 'bagus', 'wondr', 'moga', 'wondr', 'fitur', 'lengkap']	positive
['tampil', 'segar', 'tarik', 'transaksi', 'apa', 'mudah', 'praktis', 'mudah']	positive
['performa', 'tampilanya', 'keren', 'mudah', 'transaksi']	positive
['manfaat', 'nasabah', 'lengkap', 'fiturnya', 'keren', 'tampil', 'mudah', 'guna', 'cepat', 'akses']	positive
['bni', 'buru', 'mem', 'publish', 'aplikasi', 'wondr', 'transaksi', 'gagal', 'berkalikali', 'enggak', 'fitur', 'tarik', 'tunai', 'aplikasi', 'bni', 'bantu', 'aplikasi', 'terkadang', 'enggak bisa', 'buka', 'alami', 'qris', 'eror', 'bayar', 'aplikasi']	negative
['balikin', 'bni', 'sama', 'banking', 'merah', 'keren', 'elegant', 'cupu', 'pada', 'pakai', 'fitur', 'lengkap', 'familiar', 'user', 'friendly', 'kesan', 'kelas', 'enggak', 'kayak', 'kayak', 'apk', 'ecek', 'kesan', 'apk', 'enggak', 'fitur', 'user', 'interface', 'mewah', 'tampil', 'balik', 'kayak', 'gin', 'fungsionalitas', 'juga', 'enggak', 'bagus', 'bni', 'sama', 'banking', 'merah']	negative
['download', 'sulit', 'verifikasi', 'email', 'ulang', 'kali', 'ikut', 'kode', 'otp', 'kirim', 'merah', 'kode', 'invalid', 'butuh', 'transaksi', 'tolong', 'sudah', 'pakai', 'jaring', 'data', 'kuota', 'full', 'hapus', 'cache', 'apk', 'cek', 'jaring', 'aman', 'lagilagi']	negative
['kalo', 'buka', 'looding', 'beda', 'dengan', 'aplikasi', 'bayar', 'air', 'kuwu', 'timir', 'belum']	positive
['ribet', 'sudah', 'enak', 'transaksi', 'pakai', 'bni', 'mobile', 'suruh', 'pindah', 'pakai', 'daftar', 'susah', 'banget', 'ribet', 'bni']	negative
['layan', 'cepat', 'fitur', 'transaksi', 'uang']	positive
['dapat', 'saldo', 'gopayovo', 'ribu', 'tranferan', 'bank', 'juta', 'top', 'up', 'gopay', 'rbtranfernya', 'sudah', 'masuk', 'eh', 'gilir', 'top', 'up', 'ewallet', 'enggak', 'bisaaplikasi', 'akal', 'enggak', 'rugi']	negative
['wondr', 'mudah', 'kelola', 'uang', 'simple', 'bayar', 'pakai', 'qris', 'user', 'friendly', 'isi', 'saldo', 'tapcash', 'mudah', 'tunggu', 'update', 'fiturfitur', 'thanks', 'wondr']	positive
['sudah', 'jam', 'kenapa', 'enggak', 'transfer', 'ku', 'ris', 'gin', 'terusending', 'caring', 'bank', 'capek', 'gin', 'terus']	negative
['overall', 'bagus', 'sih', 'mohon', 'fitur', 'cardless', 'karena', 'type', 'orang', 'malas', 'pakai', 'kartu', 'atm', 'fitur', 'guna']	positive
['aplikasi', 'bagus', 'banget', 'transaksi', 'gampang', 'enggak', 'ribet', 'daftar', 'gampang', 'lancar', 'pakai', 'aplikasi', 'thank', 'you']	positive
['tarik', 'tunai', 'kartu', 'kemarin', 'pakai', 'bni', 'mobile', 'lancar', 'karena', 'ganti', 'hp', 'bni', 'mobile', 'dipakai', 'pindah', 'wondr', 'dapat', 'tarik', 'tunai', 'tolong', 'update', 'biar', 'tarik', 'tunai', 'kartu', 'jarang', 'bawa', 'kartu']	negative
['enggak', 'kasih', 'saldo', 'pindah', 'dana', 'enggak', 'alesanya', 'sado', 'aplikasi', 'akun', 'shopeepay', 'baik', 'saran', 'pakai']	negative
['cakep', 'sayang', 'biaya', 'admin', 'kadang', 'telat', 'tunggu', 'estatement', 'bulan']	positive
['aplikasi', 'baru', 'jelek', 'bagus', 'lamaini', 'lengkap', 'perinci', 'dana', 'masuk', 'total', 'rentang', 'bulan', 'baik', 'aplikasi', 'min']	positive
['aplikasi', 'modern', 'moga', 'cepat', 'mudah', 'transaksi', 'pokok', 'good']	positive
['beli', 'token', 'suruh', 'aplikasi', 'enggak', 'login', 'mending', 'pakai', 'aplikasi', 'saja', 'dipindahin']	negative
['kesini', 'susah', 'log', 'ini', 'yatransaksi']	neutral
['informasi']	positive
['aplikasi', 'bahlulsering', 'eror', 'dikit', 'dikit', 'baik', 'systemklo', 'terbitin', 'donkmending', 'mbanking', 'bni', 'lengkap', 'fiturnya', 'kurang', 'fitur', 'saldo', 'langsung', 'ubah', 'otomatis', 'transaksifitur', 'transaksi', 'tarik', 'tunai', 'kartu', 'adalemot']	negative
['komplain', 'kalo', 'pakai', 'data', 'mutar', 'kalo', 'pakai', 'wifi', 'tolong', 'bantu']	neutral
['aplikasi', 'wondr', 'by', 'bni', 'keren', 'abistransaksinya', 'mudahsekarang', 'pusing', 'gampang', 'sandi', 'nomer', 'kayak', 'duluapalagi', 'login', 'by', 'fingerprint', 'nomer', 'sayang', 'fitur', 'sms', 'transaksitapi', 'mudah']	positive
['love', 'itu', 'wondr', 'by', 'bni', 'all', 'fiturnya', 'gampang', 'akses', 'meribetkan', 'transaksi', 'mudah', 'transfer', 'e', 'commerce', 'e', 'wallet', 'ribet', 'buka', 'aplikasi', 'beres', 'login', 'mudahqris', 'cepat', 'suka', 'bayar', 'non', 'cash']	positive
['mohon', 'developer', 'fiturnya', 'perinci', 'riwayat', 'dana', 'masuk', 'dana', 'sharedownload', 'notif', 'masuk', 'dengan', 'nominal', 'nol', 'hingga', 'mohon', 'modern', 'simpel', 'followup', 'tks']	neutral
['bintang', 'bicara']	positive
['fitur', 'tarik', 'tunai', 'atm']	positive
['entah', 'salah', 'kali', 'gagal', 'verifikasi', 'wajah', 'kedip', 'mata', 'verifikasi', 'wajah', 'lancar', 'muka', 'muka', 'normal', 'kali', 'maaf', 'saya', 'bintang', 'kalo', 'kasih', 'alas', 'knapa', 'selalu', 'gagal', 'verifikasi', 'wajah', 'kedip', 'mata']	negative
['komplain', 'kalo', 'pakai', 'data', 'mutar', 'kalo', 'pakai', 'wifi', 'tolong', 'bantu']	neutral
['aplikasi', 'lengkap', 'lihat', 'transaksi', 'autodebit', 'perbaurui']	neutral
['ktp', 'hilang', 'kayak', 'apk', 'belah', 'migrasi', 'pakai', 'data', 'kartu', 'debit']	negative
['aplikasi', 'masalah', 'banget', 'error', 'bank', 'bni', 'akan', 'perhati', 'serius', 'kendala', 'error', 'beda', 'bank', 'baca']	negative
['mudah', 'gampang', 'ajar', 'aplikasi']	positive
['kasih', 'bintang', 'masuk', 'notif', 'menerima', 'gaji', 'tolong', 'baik', 'notifnya', 'guna', 'aplikasi', 'tau', 'tf', 'masuk']	neutral
['mudahaman', 'senang', 'terimakasih', 'bni']	positive
['pripikasi', 'wajah', 'susah', 'aplikasi', 'repot', 'pada', 'aktif', 'dalam', 'bertesaksi', 'kali', 'tekeluar', 'masuk', 'pripikasi', 'wajah']	negative
['kendala', 'tim', 'baik', 'yuk', 'coba', 'notif', 'muncul', 'aplikasi', 'sudah']	negative
['bug', 'bikin', 'lancar', 'malah', 'bikin', 'ribet', 'kayak', 'gin']	negative
['mantap', 'cepat']	positive
['butuhin', 'transaksi', 'enggak', 'bukatak', 'mengira', 'karena', 'sinyal', 'buka', 'biru', 'sibank', 'enggak', 'lancar', 'saja']	negative
['mantap', 'mudah', 'aplikasi']	positive
['jam', 'sgni', 'enggak', 'tf', 'gila', 'dasar']	negative
['aplikasi', 'bagus', 'daftar', 'enggak', 'ribet', 'daftar', 'menu', 'contoh', 'bayar', 'biaya', 'didik']	neutral
['maksud', 'bagaimana', 'aplikasi', 'bni', 'mobil', 'ganti', 'aktif', 'semuakok', 'aplikasibukannya', 'simple', 'pindah', 'aplikasi']	neutral
['bagus', 'keluar', 'pasu', 'interface', 'manja', 'mata']	positive
['pakai', 'finger', 'print']	neutral
['mudah']	positive
['beli', 'pulsa', 'ribu', 'kali', 'bayar', 'hasil', 'saldo', 'rekening', 'potong', 'pulsa', 'masuk', 'saldo', 'bagaimana']	positive
['masuk', 'menu', 'ribet', 'verifikasi', 'mohon', 'bantu', 'aplikasi', 'cepat', 'simpel']	negative
['ukur', 'apk', 'smartphone', 'tengah', 'makan', 'simpan']	neutral
['tau', 'bni', 'bagus', 'mbangking', 'blokir', 'saran', 'aplikasi', 'wonder', 'aplikasi', 'buka', 'maintenance', 'terus', 'bank', 'naung', 'bumn', 'kayak', 'gin', 'pagi', 'transaksi', 'gunain', 'uang', 'sulit', 'deh', 'join', 'bni', 'mending', 'pindah', 'bank', 'swasta', 'menyusahkan', 'ribet', 'maintenance', 'mending', 'tutup', 'menyusahkan']	negative
['bagus', 'app', 'simpel', 'komplit', 'fitur', 'investasi', 'adakan', 'saham', 'biar', 'deh', 'bions', 'rdn', 'bni', 'singkronkan', 'simpel']	positive
['aktif', 'fitur', 'biometrik', 'error', 'trsmohon', 'baik', 'guna', 'nasabah', 'nyaman', 'apps', 'mondr', 'by', 'bni']	neutral
['maaf', 'kecewa', 'aplikasi', 'enggak', 'tupo', 'ewallet', 'gopay', 'dllharus', 'transfer', 'bank', 'gopay', 'denda', 'rupiah', 'pemberitahuan', 'dulusaya', 'hapus', 'aplikasi', 'enggak', 'ininyesel', 'instalnya']	negative
['tolong', 'halaman', 'isi', 'nama', 'nasabah', 'maksimal', 'huruf', 'tambah', 'coba', 'login', 'rekening', 'nama', 'sesuai', 'rekening', 'lebih', 'huruf', 'maksimal', 'alhasil', 'enggak', 'login', 'rekening', 'buka', 'rekening', 'alhasil', 'enggak', 'makek', 'aplikasi', 'aplikasi', 'mudah', 'transaksi', 'harap', 'ubah', 'terimakasih']	negative
['gagal', 'transfer', 'terang', 'riwayat', 'hasil', 'keren', 'aplikasi', 'bni']	negative
['cepat', 'ribet']	positive
['sena', 'gampang', 'transaksi']	positive
['ganggu', 'yas']	neutral
['layan', 'bagus', 'cepat', 'tanggap']	positive
['duh', 'parah', 'aplikasi', 'lelet', 'kayak', 'pentium', 'enggak', 'masuk', 'parah', 'deh', 'enggak', 'kayak', 'aplikasi', 'lvn', 'belah', 'wush', 'wush', 'enggak', 'error', 'masuk', 'login', 'ulang', 'ulang', 'enggak', 'masuk', 'masuk', 'enggak', 'baik', 'mending', 'kabur', 'deh', 'setia', 'belah', 'enak', 'banget', 'edit', 'terima', 'kasih', 'direspon', 'bintang', 'menambah']	neutral
['coba', 'downlod', 'aplikasi', 'wondr', 'by', 'bni', 'tabung', 'tabung', 'aplikasi', 'mudah', 'ribetdaftar', 'rekening', 'menit', 'langsung', 'benar', 'benar', 'wondr', 'by', 'bni']	positive
['lengkap', 'lengkap', 'bni', 'mobile']	negative
['alhamdulillah', 'lancar', 'transaksi']	positive
['bantu', 'lengkap']	positive
['aman', 'cepat']	positive
['masuk', 'notif', 'notif', 'uang', 'masuk', 'telat', 'kadang', 'laku', 'bisnis', 'nyaman', 'karena', 'langgan', 'transfer', 'dp', 'notif', 'histori', 'saldo', 'masuk', 'mudah', 'mudah', 'bank', 'belah', 'beli', 'pulsa', 'token', 'listrik', 'moga', 'tingkat', 'depan', 'langgan', 'tetap', 'betah', 'pakai']	neutral
['apk', 'eror', 'bagaimana', 'sih', 'bikin', 'atm', 'daftar', 'wonder', 'by', 'bni', 'kantor', 'cabang', 'bni', 'kelas', 'cs', 'kantor', 'bni', 'gagal', 'daftarin', 'wonder', 'by', 'bni', 'cs', 'besok', 'coba', 'rumah', 'daftar', 'daftar', 'sudah', 'bikin', 'atm', 'masih', 'verifikasi', 'wajah', 'karena', 'baca', 'lebih', 'verifikasi', 'wajahpadahal', 'kali', 'coba', 'bikin']	neutral
['alhamdulillah', 'moga', 'bagus']	positive
['wondr', 'by', 'bni', 'keren', 'banget', 'fitur', 'lengkap', 'tampil', 'tarik', 'mudah']	positive
['mantap', 'tingkat', 'kualitas']	positive
['guna', 'bank', 'bni', 'kayak', 'wonder', 'ganti', 'peran', 'mbangking', 'bni', 'wonder', 'cepat', 'bayar', 'casslesh', 'fitur', 'fress', 'kelemkapan', 'mutasi', 'bukti', 'tranferfitur', 'dukung', 'bayar', 'mbangking', 'bni', 'migrasi', 'aplikasi', 'sempurna', 'mbanking', 'user', 'frendly']	neutral
['kenapa', 'wonder', 'kirim', 'aplikasi', 'dana']	neutral
['fiturfitur', 'aplikasi', 'sama', 'banking', 'bni', 'beda', 'posisipenempatan', 'jujur', 'paham', 'bni', 'aplikasi', 'dengan', 'isi']	neutral
['limit', 'transfer', 'repot', 'kalo', 'kirim', 'uang', 'bank', 'lainaplikasi', 'loak', 'kau', 'capek', 'orang', 'bolak', 'atm']	negative
['top', 'up', 'gopay', 'gagal', 'saldo', 'tetap', 'kurang', 'tolong', 'baik', 'uang']	negative
['tampil', 'mudah', 'paham', 'praktis', 'sat', 'set', 'dalam', 'trx', 'apa']	positive
['aplikasi', 'bagus', 'mudah', 'masalah', 'tahan', 'bni']	positive
['kali', 'login', 'sudah', 'beli', 'token', 'listrik', 'bni', 'mobile', 'arah', 'wondr', 'login', 'app', 'publis']	neutral
['mudah', 'guna']	positive
['aplikasi', 'bagus', 'fitur', 'bagussimpel', 'kurang', 'riwayat', 'transaksi', 'enggak', 'langsung', 'muncul', 'habis', 'transaksi', 'menunggu', 'jam', 'muncul', 'tolong', 'baik']	neutral
['bayar', 'qris', 'tera', 'hasil', 'buka', 'email', 'tulis', 'saldo', 'kembalikantp', 'nyata', 'saldo', 'kurang']	neutral
['transaksi', 'gin', 'terus', 'transaksi', 'verifikasi', 'akun', 'verifikasi', 'login', 'masuk', 'transaksi', 'enak', 'pakai', 'mobile', 'banking', 'banding', 'wondr', 'bikin', 'pusing', 'nih', 'apk', 'cs', 'apk']	negative
['apk', 'jos', 'delay']	neutral
['lancar', 'nyaman', 'pakai']	positive
['pakai', 'wondr', 'hidup', 'gampang', 'transaksi', 'aplikasi', 'cek', 'tabung', 'dolar', 'terima', 'kasih', 'bni', 'mudah', 'butuh', 'finansial']	positive
['aplikasi', 'wondr', 'format', 'paswordnya', 'sama', 'aplikasi', 'bni', 'hafal', 'pasword', 'sudah', 'kali', 'ting', 'ulang', 'paswordnya', 'wondr', 'pakai', 'aplikasi', 'bni']	neutral
['lemah', 'wonder', 'jam', 'malam', 'ganggu', 'trx', 'jam', 'aman']	neutral
['layan', 'bagus', 'cepat']	positive
['mudah', 'transaksi', 'ribet']	positive
['menarik', 'tunai', 'mobile', 'bni', 'kode', 'kirim', 'sms', 'tolong', 'baik', 'sudah', 'mencoba', 'banyak', 'mesin', 'atm', 'kode', 'kirim', 'sms']	neutral
['ribet', 'tfr', 'log', 'ini', 'foto', 'ktp', 'menengok', 'kanan', 'kiri', 'terus', 'otomatis', 'klwr', 'apk', 'mudah', 'bikin', 'ribet', 'untung', 'mbanking', 'belum', 'ku', 'hapus']	negative
['bagus', 'bantu']	positive
['transaksi', 'gagal', 'coba', 'muncul', 'aplikasi', 'tae']	negative
['riwayat', 'transaksi', 'orang', 'kirim', 'req', 'riwayat', 'kirim', 'orang', 'daftar', 'riwayat']	negative
['mudah', 'cepat']	positive
['menu', 'pilih', 'aplikasi', 'pangkas', 'lengkap', 'kayak', 'tarik', 'tunai', 'kartu', 'atm', 'lupa', 'bawa', 'dompet', 'tolong', 'menu', 'tarik', 'uang', 'kartu', 'atm', 'tambah', 'menu', 'fitur', 'aplikasi', 'bni', 'aplikasi', 'fiturnya']	neutral
['riwayat', 'transaksi', 'terupdate', 'tolong', 'baik']	neutral
['wondr', 'bu', 'bni', 'mbanking', 'palin', 'mudah', 'fitur', 'jadi', 'guna', 'mudah', 'praktis', 'cepat', 'mudah', 'mana', 'sukses', 'wondr', 'bu', 'bni']	positive
['error', 'transaksi', 'e', 'wallet', 'batas', 'juta', 'aplikasi', 'payah']	negative
['banget', 'beli', 'pulsa', 'gagalpadahal', 'sinyal', 'bagus', 'terus', 'saldo', 'hilang', 'terus', 'masuk', 'pulsanyakyanya', 'sudah', 'banget', 'beli', 'pulsa', 'masuk', 'saldo', 'hilang']	negative
['lambat', 'banget', 'buka', 'compare', 'another', 'account', 'bank', 'lancar', 'terima', 'kasih', 'fast', 'respon', 'wondr', 'bni', 'lancar', 'nov', 'kasih']	positive
['mudah', 'transaksi']	positive
['kok', 'aplikasi', 'wonder', 'ku', 'kemarin', 'enggak', 'buka', 'saldo', 'aplikasi', 'tulis', 'hubung', 'cabang', 'dekat']	neutral
['mudah', 'cepat']	positive
['app', 'bagus', 'bgtakses', 'cepat', 'simple', 'ribet']	positive
['susah', 'nasabah', 'ide', 'bagus', 'fitur', 'sepenuh', 'fungsi', 'alih', 'wondr', 'fitur', 'bni', 'mbanking', 'pakai', 'bni', 'mbanking', 'fitur', 'mobile', 'tunai', 'setor', 'tunai', 'atmbaru', 'alih', 'wondr', 'wondr', 'enggak ada', 'menu', 'mobile', 'tunai', 'setor', 'via', 'atm', 'tolong', 'tindak', 'gembar', 'gembor', 'promo', 'wondr', 'kesiap', 'fitur', 'noll']	negative
['duh', 'parah', 'aplikasi', 'lelet', 'kayak', 'pentium', 'enggak', 'masuk', 'parah', 'deh', 'enggak', 'kayak', 'aplikasi', 'lvn', 'belah', 'wush', 'wush', 'enggak', 'error', 'masuk', 'login', 'ulang', 'ulang', 'enggak', 'masuk', 'masuk', 'enggak', 'baik', 'mending', 'kabur', 'deh', 'setia', 'belah', 'enak', 'banget', 'edit', 'terima', 'kasih', 'direspon', 'bintang', 'menambah']	neutral
['pakai', 'wondr', 'beberapa', 'error', 'muncul', 'pesan', 'kendala', 'tim', 'baik', 'sila', 'coba', 'coba', 'beberapa', 'kali', 'baik', 'kembang', 'ganggu', 'nyaman', 'nasabah', 'download', 'versi', 'orange', 'tempat', 'menu', 'cepatapa']	neutral
['menyesal', 'sudah', 'instal', 'aplikasi', 'enggak ada', 'mobile', 'tunai', 'bagus', 'aplikasi', 'lengkap', 'kalo', 'lupa', 'bawa', 'kartu', 'debit', 'sudah', 'enggak bisa', 'ambil', 'uang', 'atm', 'tau', 'begitu', 'tetap', 'pakai', 'aplikasi', 'aplikasi', 'mateng', 'sudah', 'luncurin', 'gin', 'sih', 'mudah', 'sulit']	negative
['efisien']	neutral
['bagus', 'mobile', 'tunai', 'kenapa', 'pakai', 'kode', 'otp', 'dimana', 'masuk', 'pakai', 'pulsa', 'moga', 'update', 'tanpa', 'kode', 'otp', 'bank', 'belah', 'nyaman']	positive
['topup', 'ewallet', 'enggak', 'masuk', 'akun', 'tuju', 'saldo', 'saldo', 'rekening', 'potong', 'qris', 'status', 'gagal', 'saldo', 'potong', 'telpon', 'call', 'center', 'bni', 'muas', 'topup', 'dana', 'rekening', 'kerja', 'qris', 'gagal', 'dana', 'rekening', 'kerja', 'masalah', 'sistem', 'nasabah', 'suruh', 'tunggu', 'hari', 'slogan', 'wondr', 'bikin', 'hidup', 'lancar', 'realistis', 'enggak', 'bni']	negative
['aplikasi', 'jelek', 'susah', 'vertivikasi', 'wajah']	negative
['tampil', 'lebih', 'bagus', 'promo', 'lebih', 'luas', 'aplikasi', 'nglink', 'kartu', 'kredit', 'lebih', 'mudah', 'transaksi']	positive
['bagus', 'bantu', 'transaksi']	positive
['min', 'enggak', 'jadi', 'kartu', 'kredit', 'sebagai', 'sumber', 'dana', 'beberapa', 'informasi', 'dapat', 'google', 'youtube', 'kartu', 'kredit', 'otomatis', 'daftar', 'wondr', 'karena', 'nik', 'cuma', 'rekening', 'debit', 'daftarin', 'manual', 'fitur', 'my', 'credit', 'card', 'seperti', 'bni', 'mbanking', 'mohon', 'bantu', 'bagaimana', 'taut', 'credit', 'card', 'app', 'wondr', 'thx']	neutral
['aplikasi', 'gampang', 'riwayat', 't', 'ansaksi']	positive
['apknya', 'bagus', 'apk', 'wondr', 'by', 'bni', 'bolak', 'atm', 'gaperlu', 'tinggal', 'cek', 'hp', 'sudah', 'tau', 'cek', 'saldo', 'sampai', 'pokok', 'apk', 'bantu', 'terimakasih', 'wondr', 'by', 'bni']	positive
['transaksi', 'cepat', 'mudah', 'berkat', 'aplikasi', 'terima', 'kasih', 'wondr']	positive
['tolong', 'baik', 'wonder', 'kasih', 'lapor', 'terang', 'kayak', 'bni', 'beking']	positive
['aplikasi', 'lumayan', 'bagus', 'habis', 'transaksi', 'tudak', 'notif', 'masuk', 'gmailmohon', 'baik']	positive
['aplikasi', 'sudah', 'bagus', 'simpel', 'kini', 'interfacenya', 'sudah', 'keren', 'lengkap', 'fiturny', 'banding', 'mbanking', 'sudah', 'coba', 'kali', 'kali', 'aktifin', 'login', 'biometrik', 'gagal', 'sampai', 'halaman', 'tuju', 'enggak', 'susah', 'login', 'mesti', 'memasuki', 'password']	neutral
['etdah', 'knapa', 'wonder', 'buka', 'sekli', 'tanggal', 'mental', 'mulu']	negative
['aktif', 'fitur', 'biometrik', 'error', 'trsmohon', 'baik', 'guna', 'nasabah', 'nyaman', 'apps', 'mondr', 'by', 'bni']	neutral
['wonder', 'by', 'bni', 'baik', 'kahkok', 'enggak', 'login', 'jaring']	neutral
['cepat', 'mudah']	positive
['verivikasi', 'wajah', 'tera', 'tulisanhari', 'verifikasi', 'wajah', 'coba', 'besok', 'verifikasi', 'wajahudah', 'mencoba', 'kayak', 'begitu', 'terus']	negative
['kalo', 'bisa', 'aplikasih', 'ringanin', 'biar', 'kalo', 'buka', 'aplikasi', 'enggak', 'berat', 'begitu', 'loding']	positive
['aplikasi', 'mbangking', 'bni', 'keren', 'banget', 'tampil', 'kes', 'mewah', 'detail', 'rekap', 'uang', 'fiturnya', 'lengkap', 'tingkat', 'bni']	positive
['uang', 'masuk', 'terang', 'tulis', 'bayar', 'kirim', 'namainstansino', 'rekening', 'kirim', 'uang', 'terang', 'kirim', 'muncul', 'terang', 'kirim', 'serta', 'terang', 'kirim', 'bayar', 'beda', 'mobile', 'banking', 'bni']	neutral
['aplikasi', 'bantu', 'proses', 'transaksi', 'cepat']	positive
['sangatsangat', 'proses', 'uang']	positive
['terbit', 'wonder', 'enggak', 'masuk', 'teller', 'bni', 'enggak', 'login', 'data', 'beda', 'masuk', 'bayar', 'listrik', 'enggak', 'mobile', 'bni']	negative
['jelekverifikasi', 'gagal']	negative
['verifikasi', 'wajah', 'emosi', 'gagal', 'ikut', 'pandu', 'aplikasi', 'huft']	negative
['kecewa', 'tingkat', 'sistem', 'tanggal', 'nov', 'kemarin', 'login', 'normal', 'verifikasi', 'login', 'aplikasi', 'simpel', 'hanya', 'psw', 'bisa', 'ganti', 'biometrik', 'pin', 'transaksi', 'buka', 'blokir', 'lupa', 'pin', 'kartu', 'debit', 'aplikasi', 'repot', 'tlpn', 'kesana', 'kesini', 'kemarin', 'coba', 'ganti', 'nomer', 'telpon', 'email', 'akses', 'cs', 'keren']	positive
['histori', 'transaksi', 'baru', 'terupdate', 'banding', 'apps', 'bni', 'mobile', 'apps', 'terupdate', 'transaksi', 'tolong', 'fix', 'bug']	neutral
['instal', 'sistem', 'maintenance', 'teman', 'mendownload', 'bareng', 'solusi']	neutral
['update', 'buka']	negative
['verifikasi', 'wajah', 'gagal', 'mulu', 'mengikuti', 'tunjuk', 'nasabah', 'sulit', 'instal', 'kalo', 'fix', 'tim', 'develop', 'ajar']	negative
['tolong', 'baik', 'masuklogin', 'respon', 'aplikasi', 'daftar', 'respon', 'aplikasi', 'cepat', 'jam', 'aplikasi', 'merespon']	neutral
['sungguh', 'kecewa', 'notif', 'transaksi', 'gagal', 'email', 'notif', 'transfer', 'gagal', 'saldo', 'bni', 'kurang', 'buset', 'habis', 'acara', 'ku', 'selesai', 'pindah', 'bank', 'belah', 'saja']	negative
['tolong', 'verifikasi', 'salah', 'kode']	neutral
['mudah', 'uang', 'masuk', 'lapor', 'mengecek', 'saldo']	positive
['aneh', 'apk', 'wondr', 'sudah', 'daftar', 'login', 'gagal', 'terus', 'tolong', 'baik']	neutral
['kasih', 'bintang', 'dulu', 'fitur', 'tunggu', 'sudah', 'rilis', 'mobile', 'tunai', 'kenapa', 'otp', 'masih', 'sms', 'kenapa', 'by', 'wa', 'padahal', 'aktivasi', 'kirim', 'otp', 'wa']	positive
['mudah', 'digunakandan', 'suka', 'sistem', 'aman', 'trm', 'kasih', 'bni']	positive
['tarik', 'tunai', 'kartu', 'ganti', 'pin', 'atm', 'apknya', 'harap', 'baru', 'bagus', 'dihilangin']	negative
['login', 'login', 'kali', 'buka', 'aplikasi', 'ujung', 'sesi']	neutral
['nyesal', 'download', 'wonder', 'transaksi', 'gagal', 'tabung', 'potong', 'mending', 'pakai', 'mobile', 'bangking']	negative
['paksa', 'pindah', 'wondr', 'bayar', 'listrik', 'mbanking', 'enggak', 'mulus', 'bayar', 'aplikasi', 'instal', 'ulang', 'ayo', 'bni', 'sistem', 'aplikasi', 'layak', 'mudah', 'customer', 'mbok', 'rilis', 'dulubayar', 'listrik', 'pasca', 'bayar', 'mudah', 'kesini', 'susahhadeh']	negative
['cepat', 'singkat']	positive
['enak', 'aplikasi', 'catat', 'kayak', 'buku', 'tabung', 'saldo', 'tinggal', 'inj', 'tampil', 'saldo', 'hadeh']	neutral
['sih', 'loading', 'banget', 'fiturnya', 'bagus', 'sih', 'canggih', 'log', 'ini', 'gagal', 'loading']	negative
['parah', 'sekalidari', 'bank', 'aplikasi', 'susah', 'daftar', 'onlinelanjutkan', 'aplikasi', 'parah']	negative
['ngebug', 'stuck', 'loading', 'tulis', 'wondr', 'masuk', 'menu', 'mbanking']	negative
['minum', 'mulupptongan', 'lu', 'deh', 'tinggisusah', 'bikin', 'kayak', 'baca']	negative
['aplikasi', 'bagus']	positive
['daftar', 'mudah', 'moga', 'guna', 'kendala']	positive
['mudah', 'praktis', 'makan', 'good', 'aplikasi']	positive
['bolak', 'suruh', 'verifikasi', 'ulang', 'password', 'sudah', 'gampang', 'pakai']	neutral
['top', 'up', 'gopay', 'enggak', 'saldo', 'cukup', 'top', 'up', 'saldo', 'kecil', 'enggak', 'notif', 'sisa', 'saldo', 'bawah', 'minimum', 'saldo', 'rekening', 'cukup', 'payah', 'bni', 'contoh', 'saldo', 'top', 'gopay', 'notif', 'sisa', 'saldo', 'cukup', 'sisa', 'sudah', 'coba', 'isi', 'gopay', 'begitu']	negative
['ganti', 'hp', 'terus', 'install', 'ulang', 'wonder', 'login', 'suruh', 'bikin', 'rekening']	neutral
['bagus', 'fiturfitur']	positive
['aplikasi', 'simpel', 'tampil', 'tarik', 'mudah', 'aplikasi', 'lengkap', 'banget', 'lihat', 'insight', 'uang', 'pasu', 'keluar', 'investasi', 'tabung', 'kembang', 'aset', 'mantap', 'banget', 'bni', 'maju']	positive
['guna', 'bank', 'bni', 'kayak', 'wonder', 'ganti', 'peran', 'mbangking', 'bni', 'wonder', 'cepat', 'bayar', 'casslesh', 'fitur', 'fress', 'kelemkapan', 'mutasi', 'bukti', 'tranferfitur', 'dukung', 'bayar', 'mbangking', 'bni', 'migrasi', 'aplikasi', 'sempurna', 'mbanking', 'user', 'frendly']	neutral
['bantu', 'mudah', 'ribet']	positive
['praktis', 'cepat', 'aman']	positive
['permisi', 'kakini', 'beli', 'paket', 'datasaya', 'beli', 'dapat', 'notifikasi', 'transaksi', 'hasil', 'tanda', 'kali', 'tulis', 'coba', 'transaksi', 'transaksi', 'gagalketika', 'lihat', 'saldo', 'mengurangsaya', 'beli', 'paket', 'data', 'harga', 'kali', 'hilang', 'kak', 'kirim', 'bukti', 'transaksi', 'wa', 'bnidi', 'mohon', 'solusi', 'kak']	negative
['aman', 'nasabah', 'perhati']	positive
['ganguan', 'terkadang', 'butu', 'transaksi', 'suka', 'tulis', 'tim', 'baik']	negative
['simpel', 'mudah', 'bantu']	positive
['aplikasi', 'akses', 'data', 'seluler', 'akses', 'wifi', 'hambat', 'transaksi', 'metode', 'qris', 'moga', 'bapakibu', 'merespon', 'terima', 'kasih']	negative
['oke', 'apk', 'deh', 'bagus', 'tingkat', 'biar', 'tambah', 'mntp']	neutral
['tambah', 'adaptive', 'icon', 'support', 'themed', 'icon', 'ponsel', 'pixel', 'developer', 'tambah', 'layer', 'monochrome', 'adaptive', 'icon', 'iclauncherxml', 'terimakasih']	positive
['cakep', 'benar', 'aplikasi', 'sumpah', 'kali', 'daftar', 'mudah', 'nomor', 'handphone', 'apa', 'nomor', 'handphone', 'daftar', 'internet', 'banking', 'bni', 'kurang', 'kurang', 'cuman', 'aplikasi', 'fitur', 'tarik', 'setor', 'tunai', 'tolong', 'baik']	positive
['aplikasi', 'lengkap']	neutral
['heran', 'dengan', 'manajemen', 'bank', 'kelas', 'bni', 'ken', 'adsense', 'downloadan', 'aplikasi', 'wondr', 'sayangnya', 'aplikasi', 'kemarin', 'paksa', 'mendownload', 'wordr', 'beli', 'token', 'listrik', 'pakai', 'aplikasi', 'bni', 'download', 'buka', 'sompret']	negative
['berkalikali', 'masuk', 'verifikasi', 'wajah', 'ikut', 'perintah', 'lurus', 'jauh', 'dekat', 'dll', 'ulang', 'esok', 'jadi', 'ulang']	negative
['bagus', 'layan']	neutral
['aplikasi', 'simple', 'resume', 'uang', 'tarik', 'tampil', 'fitur', 'mobile', 'tunai', 'mobile', 'banking']	positive
['merpermudah', 'dalam', 'transaksi', 'mana']	positive
['bagus', 'banget', 'aplikasi', 'registrasi', 'mudah', 'enggak', 'bank', 'daftar', 'rumah', 'nyaman', 'lancar', 'pakai', 'wondr', 'by', 'bni']	positive
['berita', 'terang', 'transaksi', 'masuk', 'berita', 'transfer', 'masuk', 'beda', 'aplikasi', 'bagus', 'aplikasi', 'bni', 'urai', 'detail', 'berita', 'terang', 'transaksi']	negative
['mudah', 'transaksi', 'uang', 'digital', 'transfer', 'rekening', 'atm', 'beli', 'pulsa', 'mudah', 'karena', 'online', 'terimakasih', 'ya', 'wondr', 'bni']	positive
['kali', 'otp', 'sms', 'wa', 'susah', 'banget', 'jaring', 'lancar']	neutral
['aplikasi', 'berguna', 'login', 'jam', 'login']	negative
['tingkat', 'mudah', 'langgan', 'guna', 'qrish', 'terkadang', 'sulit', 'payment', 'responding', 'fiture', 'info', 'baik', 'ganggu']	positive
['ganggu', 'ngebug', 'mending', 'mobile', 'banking']	negative
['bug', 'halaman', 'syarat', 'tentu', 'guna', 'ulang', 'ulang', 'login']	negative
['pesan', 'transfer', 'dana', 'huruf', 'titik', 'koma', 'dll']	neutral
['info', 'ganti', 'aplikasi', 'bni', 'mobile', 'banking', 'mohon', 'tambah', 'fitur', 'tarik', 'tunai', 'cardless', 'detail', 'mutasi', 'detail', 'aplikasi', 'biar', 'banyak', 'aplikasi', 'mbanking', 'baru', 'fitur', 'mampir', 'kesini', 'bintang']	neutral
['transaksi', 'oke', 'banget']	positive
['modus', 'ada', 'aplikasi', 'biyang', 'korupsi', 'mobil', 'banking', 'bni', 'dimaksimalin', 'aplikasi', 'anjirakyat', 'tipu', 'jokowi', 'negara', 'banyak', 'aplikasi', 'boros', 'uang', 'nilai', 'trilun', 'kerja', 'enggak', 'cus', 'bolak', 'aplikasi', 'jabat', 'negara', 'engkau', 'jadi', 'ladang', 'korupsi', 'proyek', 'proyek', 'engko', 'jadi', 'korupsi']	negative
['wonder', 'by', 'bni', 'enggak', 'login', 'saya', 'transaksi', 'susah', 'padahal', 'wifi', 'lancar', 'coba', 'baik', 'terimakasih']	negative
['aplikasi', 'wondr', 'by', 'bni', 'bagus', 'bantu', 'transaksi', 'apa', 'atm', 'wondr', 'by', 'bni', 'beres', 'nasabah', 'bank', 'bni', 'lupa', 'gabung', 'oke', 'banget', 'mantap', 'istar', 'lubis', 'medan', 'sumatera', 'utara']	positive
['duh', 'saldo', 'banyak', 'susah', 'transfer', 'dana', 'rekening']	neutral
['kacau', 'update', 'valid', 'update', 'uninstall', 'install', 'versi', 'update', 'versi', 'tidak', 'sesuai', 'codingan']	negative
['punya', 'enggak', 'aktifin', 'biometrik', 'ya', 'tolong', 'tanggap']	neutral
['minggusetelah', 'update', 'aplikasi', 'buka', 'error', 'baik', 'tim', 'tlong', 'sgera', 'baik']	neutral
['kualitas', 'jeleek', 'enggak', 'login', 'gampang', 'ganggu', 'tarik', 'tunai', 'kartu', 'mending', 'aplikasi', 'buka', 'ringan', 'jelek', 'lelet']	neutral
['ktp', 'susah', 'baca', 'daftar', 'ribet', 'banget', 'bisa', 'baca', 'ktp', 'konyol', 'wkwkwk']	neutral
['ganti', 'wondr', 'kacau', 'error', 'dikit', 'baik', 'sistem', 'loadingnya', 'lot', 'sinyal', 'wifi', 'paket', 'kuat', 'lopot']	negative
['cepat']	positive
['aneh', 'banget', 'enggak bisa', 'login', 'data', 'sudah', 'benar', 'login', 'muncul', 'suka', 'guna', 'wonder', 'sudah', 'klik', 'tuju', 'enggak bisa', 'login', 'bagaimana', 'min']	neutral
['semenjak', 'pakai', 'wondr', 'by', 'bni', 'transaksi', 'mudah', 'banget', 'mall', 'mall', 'main', 'belanja', 'enggak', 'bawa', 'uang', 'cash', 'mudah', 'banget', 'berkat', 'wondr']	positive
['riwayat', 'menu', 'transaksi', 'debit', 'kredit', 'posisi', 'saldo', 'susah', 'menganalisa', 'uang', 'masuk', 'saldo']	negative
['muas']	positive
['aplikasi', 'bagaimana', 'sih', 'login', 'sudah', 'minggu', 'verifikasi', 'wajah', 'sudah', 'kali', 'kali']	negative
['rating', 'aplikasi', 'busuk', 'kaya', 'gin']	negative
['verifikasi', 'wajah', 'gagal', 'mulu', 'cahaya', 'bagus', 'sudah', 'mengikuti', 'tunjuk', 'tetap', 'enggak', 'acc', 'ber', 'ulangtetep', 'begitu', 'coba']	negative
['simpel', 'cepat', 'banget']	positive
['transaksi', 'mudah']	positive
['mantap', 'modern', 'tampil', 'fitur', 'bagus', 'sudah', 'pakai', 'aplikasi', 'wondr', 'by', 'bni', 'alhamdulillah', 'aman']	positive
['kasih', 'bintang', 'aplikasi', 'sulit', 'nasabah', 'cetak', 'rekening', 'koran', 'kantor', 'cabang', 'dekat', 'online', 'wonder']	negative
['tingkat']	positive
['aplikasi', 'low', 'respon', 'kalo', 'login']	neutral
['enggak', 'login', 'akun', 'paksa', 'bikin', 'akun', 'email', 'setel', 'jebak']	neutral
['transfer', 'aplikasi', 'sudah', 'hasil', 'masuk', 'terima', 'enggak', 'kayak', 'aplikasi', 'bni', 'mobile', 'rugi', 'saldo', 'potong', 'masuk', 'terima']	neutral
['transaksi', 'bayar', 'pdamselalu', 'errorpdhal', 'bank']	neutral
['aplikasi', 'lengkap', 'simple', 'digunakanada', 'fitur', 'insight', 'ut', 'rekap', 'transaksikeuangan', 'bulan', 'respon', 'transaksi', 'cepatkereen']	positive
['scan', 'ktp', 'buruk', 'presisi', 'tulis', 'ganggu', 'cahaya', 'gagal', 'verifikasi', 'ktp']	negative
['prtama', 'kali', 'transaksi', 'pakai', 'wondr', 'transper', 'gagal', 'notif', 'lebih', 'limit', 'transaksi', 'coba', 'hasil', 'gagal', 'notif', 'lebih', 'limit', 'transaksi', 'mana', 'atur', 'limit', 'pungsi']	neutral
['aplikasi', 'bagus', 'bantu', 'masuk', 'aplikasi', 'info', 'kendala', 'ganggu', 'kalo', 'transaksi', 'banking']	neutral
['apps', 'lot', 'susah', 'login']	neutral
['mudah', 'cepat']	positive
['huruf']	positive
['apk', 'erti', 'ferevikasi', 'wajah', 'ikut', 'intruksidari', 'capek', 'ferevikasi', 'mending', 'uninstal', 'ajagx', 'membantuapk']	negative
['keren', 'mudah', 'sompel']	positive
['ada', 'kontak', 'buku', 'rekening', 'transferuntuk', 'mudah', 'akses', 'transfer', 'bank', 'dunia']	neutral
['bantu', 'proses', 'kirim', 'dana', 'nasabah']	positive
['notif', 'banget', 'kadang', 'sudah', 'transfer', 'pakai', 'qris', 'riwayat', 'transaksi']	negative
['kali', 'login', 'sudah', 'beli', 'token', 'listrik', 'bni', 'mobile', 'arah', 'wondr', 'login', 'app', 'publis']	neutral
['aplikasi', 'bagus', 'desain', 'praktis', 'fiturnya', 'mudah', 'akses']	positive
['sempurna', 'limit', 'transaksi', 'sesuai', 'aplikasi', 'limit', 'transfek', 'bank', 'bank', 'atur', 'guna']	neutral
['halo', 'wonder', 'bni', 'aplikasi', 'lot', 'tibaa', 'akses', 'tlong', 'jelas', 'bagaimana', 'pakai', 'transaksi', 'jam', 'akses', 'bagaimana', 'rugi', 'tlong', 'baik', 'servernya', 'ya', 'penggunaa', 'wonderbni', 'banyak', 'loh', 'padahal', 'kenpa', 'servernya', 'murah']	neutral
['sayang', 'banget', 'kalo', 'ambil', 'foto', 'enggak bisa', 'dari', 'galeri']	neutral
['aplikasi', 'eror', 'enggak', 'niat']	negative
['rumit', 'feripikasi', 'muka', 'wajah', 'gagal', 'terus', 'aneh', 'sudah', 'coba', 'sampai', 'gagal', 'mudah', 'mempersuliy']	neutral
['tungguin', 'depan', 'atm', 'jam', 'dikirimkirim', 'otp', 'sms', 'tarik', 'tunai', 'kartu']	negative
['aplikasnya', 'bagus', 'biometriknya', 'set', 'pakai', 'enggak', 'kak']	positive
['fitur', 'pinjam', 'fitur', 'tap', 'tapi', 'pay', 'nih', 'biar', 'lengkap', 'fiturnya']	neutral
['history', 'terang', 'transaksi', 'bni', 'mbanking', 'terang', 'lebih', 'bagus', 'sih', 'moga', 'cepat', 'kembang', 'biar', 'mudah', 'riwayat', 'transaksi', 'ku', 'naik', 'bintang', 'terimakasih', 'merespon', 'detail', 'transaksi', 'ayo', 'jelas', 'bni', 'mobil', 'banking']	neutral
['aflikasi', 'verifikasi', 'wajah', 'sulit', 'ampun', 'pinjol', 'enggak', 'gin', 'sudah', 'terang', 'wajah', 'lurus', 'enggak', 'baca']	negative
['hadeh', 'kemarin', 'atm', 'masalah', 'gin', 'mobile', 'banking', 'tolong', 'menyusahkan', 'customer', 'gin', 'transaksi', 'hasil', 'uang', 'masuk', 'saldo', 'potong', 'lapor', 'ribet', 'habis', 'pulsa', 'menunggu', 'sambung', 'cs', 'saja', 'kecewa', 'menunggu', 'kerja', 'hadeh']	negative
['mudah', 'cepat', 'koneksi']	positive
['aplikasi', 'enggak', 'mengikuti', 'tutorial', 'youtube', 'buka', 'izin', 'aplikasi', 'enggak', 'buka']	neutral
['bagus', 'layan', 'cepat']	positive
['membantumudahbermanfaat']	positive
['terkadang', 'maintenace', 'loading', 'moga']	neutral
['bagusmudah', 'transaksi']	positive
['plis', 'dehsusah', 'verifikasi', 'wajahaplikasi', 'stabil']	negative
['pakai', 'finger', 'print']	neutral
['tolong', 'aplikasi', 'ubah', 'ada', 'orang', 'transfer', 'riwayat', 'kadang', 'kadang', 'bingung', 'masuk', 'engak', 'ditf', 'karena', 'mbanking', 'muncul', 'saldo', 'tau', 'saldo', 'menambah']	negative
['bantu', 'puas', 'banget']	positive
['maaf', 'verifikasi', 'foto', 'ktp', 'ulang', 'an', 'gambar', 'an', 'ulang', 'mohon', 'perhati', 'aplikasi', 'ulang', 'an']	negative
['fiuturnya', 'mudah', 'penggunatapi', 'sayank', 'transaksi', 'isi', 'paket', 'data', 'hasil', 'gagal', 'saldo', 'kembali', 'rekening']	negative
['verifikasi', 'susah', 'benar', 'kode', 'otp', 'email', 'muncul', 'muncul', 'sudah', 'menit', 'sudah', 'refresh', 'susah', 'transaksi', 'tau', 'enggak', 'developer', 'kacau', 'pantas', 'mbanking', 'bikin', 'emosi']	negative
['tampil', 'tarik', 'simpelverifikasi', 'mudahmudah', 'fahami', 'tingkat', 'semuga', 'manfaat']	positive
['deh', 'pakai', 'wondr', 'bni', 'ganti', 'hp', 'hp', 'masuk', 'gagal', 'terang', 'masuk', 'kreteria', 'wondr', 'begitu', 'deh', 'berapa', 'kali', 'coba', 'tetap', 'gagal', 'solusi']	neutral
['aplikasi', 'ganggu']	neutral
['iklan', 'fitur', 'bagus', 'rekap', 'pasu', 'keluar', 'fitur', 'akurat', 'data', 'sinkron', 'bni', 'mobile', 'tingkat', 'wondr']	neutral
['mantap', 'transaksi', 'lancar', 'cepat']	positive
['buruk', 'hade', 'login', 'enggak', 'bobrok', 'kalikalah', 'bank', 'sampah', 'wonder', 'komplen', 'bagusabis', 'sudah', 'enggak', 'buka', 'sampah', 'memang', 'tolang', 'baik', 'bagus']	negative
['gampang']	positive
['puasdan', 'lambang', 'pengembangannyamasak', 'tinggal', 'bank', 'biru', 'sebalahstor', 'tunai', 'tarik', 'tunai', 'adaklo', 'kurang', 'fitur', 'jaman', 'sekarang', 'digital', 'sudah', 'kental', 'menjadi', 'butuh', 'mentalsya', 'naik', 'ratingnya', 'sudah', 'baik', 'fiturnya']	neutral
['aplikasi', 'eror', 'sesi', 'sedia', 'coba', 'mutasi', 'transfer', 'masuk', 'tulis', 'transfer', 'enggak', 'nama', 'kirim', 'enggak', 'tau', 'transfer', 'an', 'bagus', 'lengkap', 'mohon', 'baik', 'tingkat', 'enggak', 'aplikasi', 'mbanking', 'susah', 'orang']	negative
['masuk', 'wonder', 'yasllu', 'gagal']	neutral
['download', 'aplikasi', 'terus', 'log', 'ini', 'kok', 'susah', 'sihada', 'terang', 'sesi', 'berakhirjdi', 'susah', 'log', 'innya']	neutral
['fitur', 'tarik', 'tunai', 'kartu', 'terus', 'beli', 'token', 'listrik', 'karena', 'butuh', 'nomer', 'nomernya', 'beli', 'pulsa', 'ya', 'beli', 'pulsa', 'paket', 'nomer']	negative
['bagus', 'top', 'up', 'ewallet', 'nominal', 'batas', 'menu', 'tarik', 'tunai', 'kartu']	neutral
['tf', 'bank', 'apk', 'kendala', 'teruske', 'bni', 'masuk', 'apk', 'nyatolong', 'baik', 'apk']	negative
['sungguh', 'kecewa', 'fitur', 'bni', 'mobile', 'hilang', 'wondr', 'informasi', 'saldo', 'transaksi', 'bni', 'transparan', 'nasabah', 'berpikir', 'bni', 'bank', 'menabungmenyimpan', 'uang']	negative
['assalamualaikum', 'min', 'tambah', 'notifikasi', 'sudah', 'aktif', 'notifikasi', 'transaksi', 'masuk', 'cek', 'aplikasi', 'transaksi', 'masuk']	positive
['aplikasi', 'gakjelassaya', 'transfer', 'gagal', 'email', 'tulis', 'dana', 'kembali', 'cek', 'aplikasi', 'dana', 'berkurangmohon', 'cerah', 'nasabah', 'kecewa', 'kendala', 'inipadahal', 'butuh', 'desak', 'aplikasi', 'error', 'jelassungguh', 'kecewa', 'chat', 'cs', 'balas', 'sekarang']	negative
['ribet', 'baik', 'verifikasi', 'wajah', 'masak', 'bolak', 'enggak', 'baca', 'habis', 'kedip', 'mata', 'buka', 'mulut', 'ujung', 'ulang', 'besok', 'bagaimana', 'pakai', 'aplikasi', 'klq', 'verifikasi', 'lambat', 'seperti']	negative
['nayamul', 'loginnya', 'enggak', 'mudah', 'aplikasi']	neutral
['enak', 'bni', 'mobile', 'menu', 'lengkap', 'setortarik', 'tunai', 'kartu']	neutral
['bantu']	positive
['tampil', 'warna', 'fresh', 'bagus', 'cepat', 'mudah', 'pakai', 'wonder', 'keren']	positive
['keren', 'poll', 'aplikasi']	positive
['mantap', 'cepat', 'mudah']	positive
['verifikasi', 'wajah', 'susah', 'sampai', 'patah', 'leher', 'mending', 'pakai', 'aplikasi']	negative
['halo', 'wondr', 'by', 'bni', 'kendala', 'alami', 'gagal', 'login', 'masuk', 'akun', 'harap', 'baik', 'terima', 'kasih']	negative
['aplikasi', 'akun', 'ter', 'logout', 'daftar', 'kak', 'sisa', 'isi', 'username', 'password', 'kayak', 'apk', 'enggak', 'mesti', 'daftar']	negative
['buka', 'rekening', 'masalah', 'data', 'bank', 'bni', 'data', 'rusak', 'teman', 'rusak', 'teror', 'depcollector']	negative
['word', 'baik']	positive
['sih', 'aplikasi', 'wondr', 'by', 'bni', 'gagal', 'masuk', 'aplikasi', 'beda', 'banking', 'bni', 'jarang', 'ganggu', 'wondr', 'tolong', 'baik', 'aplikasi', 'update', 'kali', 'ganggu', 'tolong', 'atas', 'baik', 'ganggu']	positive
['fitur', 'pinjam', 'fitur', 'tap', 'tapi', 'pay', 'nih', 'biar', 'lengkap', 'fiturnya']	neutral
['menu', 'saldo', 'pinjam', 'bni', 'flexi', 'bni', 'mobile', 'mudah', 'penting', 'lapor', 'lhkpn', 'wondr', 'effort', 'lapor', 'bank', 'transaksi', 'autodebet', 'bayar', 'cicil', 'kredit', 'flexy', 'muncul', 'mutasi', 'rekening', 'rekening', 'tabung', 'muncul', 'bni', 'mobile', 'banking']	neutral
['bikin', 'aplikasi', 'tinggal', 'tingkatin', 'mutu', 'kualitas', 'bni', 'mobile', 'bikin', 'ribet', 'nasabah', 'kebnykn', 'aplikasi', 'tujuanya']	negative
['mudah', 'cepat', 'proses', 'transaksi']	positive
['history', 'transaksi', 'lengkap', 'aplikasi']	negative
['enak', 'bni', 'mobile', 'menu', 'lengkap', 'setortarik', 'tunai', 'kartu']	neutral
['verifikasi', 'susah', 'coba', 'kali', 'gagal', 'oke', 'alas', 'aman', 'syarat', 'dukung', 'sulit', 'aplikasi', 'sulit', 'aman', 'jamin']	negative
['sayang', 'banget', 'kalo', 'ambil', 'foto', 'enggak bisa', 'dari', 'galeri']	neutral
['bantu', 'transaksi', 'trm', 'kasih', 'wonder', 'bni']	positive
['transaksi', 'non', 'tunai']	positive
['lambat', 'buka', 'apk', 'transaksi', 'qris', 'ganggu', 'lebih', 'oke', 'aplikasi', 'internet', 'banking', 'sekarang', 'sudah', 'lambat', 'ribet', 'mutasi', 'rekening', 'tarik', 'mobile', 'tunai', 'masih', 'tahap', 'kembang', 'buru', 'dganti', 'wondr', 'apk', 'ibanking', 'lebih', 'cepat', 'mudah', 'paham']	negative
['manfaat']	positive
['keren', 'biasapermudahakan', 'belanja']	positive
['kalau', 'menarik', 'mesin', 'atm', 'troubel', 'uang', 'enggak', 'saldo', 'potong', 'urus', 'pengaduaninfo', 'menunggu', 'kerjapas', 'info', 'customer', 'terima', 'uang', 'lucuakhirnya', 'suruh', 'bandingudah', 'urus', 'banding', 'kabartolong', 'baik', 'adu', 'sistem', 'jaring']	positive
['pakai', 'wondr', 'beberapa', 'error', 'muncul', 'pesan', 'kendala', 'tim', 'baik', 'sila', 'coba', 'coba', 'beberapa', 'kali', 'baik', 'kembang', 'ganggu', 'nyaman', 'nasabah', 'download', 'versi', 'orange', 'tempat', 'menu', 'cepatapa']	neutral
['aplikasi', 'error', 'terimakasih', 'fix', 'pakai', 'app', 'preprod', 'deh', 'kali', 'history', 'nomor', 'disave', 'hilang', 'buka', 'hari', 'weekend', 'butuh', 'transaksi', 'loh']	negative
['wonder', 'bni', 'mudah']	positive
['manfaat', 'mudah', 'insyaallah', 'aman']	positive
['bagus', 'bantu']	positive
['bagus', 'bantu']	positive
['aplikasi', 'buka', 'muncul', 'tulisanaplikasi', 'wonder', 'baik']	neutral
['sungguh', 'mati', 'aplikasi', 'mantap', 'e', 'tong', 'papua', 'rasa', 'deh', 'punya', 'mudah', 'cepat', 'transaksi', 'kamu', 'kota', 'e', 'wondr', 'by', 'bni', 'andal', 'susah', 'mudah', 'nice']	positive
['aplikasi', 'tampil', 'oke', 'simpel', 'cepatuntuk', 'transaksi', 'pakai', 'pin', 'pakai', 'password', 'ribet', 'mobile', 'tunai', 'dicaricari', 'ketemukalopun', 'verifikasi', 'pakai', 'token', 'aplikasi', 'pakai', 'pulsa', 'smskalo', 'pulsa', 'tarik', 'tunaibank', 'belah', 'tarik', 'tunai', 'cuman', 'pakai', 'tokensekian', 'terima', 'kasih']	positive
['bagus', 'aplikasi', 'wondr']	positive
['menu', 'pilih', 'aplikasi', 'pangkas', 'lengkap', 'kayak', 'tarik', 'tunai', 'kartu', 'atm', 'lupa', 'bawa', 'dompet', 'tolong', 'menu', 'tarik', 'uang', 'kartu', 'atm', 'tambah', 'menu', 'fitur', 'aplikasi', 'bni', 'aplikasi', 'fiturnya']	neutral
['lumayan', 'bagus', 'menu', 'tidk', 'bayar', 'air', 'top', 'up']	negative
['scan']	neutral
['bayar', 'pakai', 'qris', 'word', 'cepat', 'bangetkemarin', 'bayar', 'makan', 'masa', 'padang', 'butuh', 'scant', 'langsung', 'selesai', 'pokok', 'paket', 'qris', 'cepat', 'mudahmakasih', 'bni', 'mengasih', 'aplikasi', 'mudah', 'untuk', 'transaksi']	positive
['bantu', 'mudah', 'transaksi']	positive
['bagus', 'ui', 'beli', 'pulsa', 'transaksi', 'hasil', 'saldo', 'sudah', 'kurang', 'suruh', 'tunggu', 'kali', 'jam', 'pulsa', 'masuk', 'terang', 'wondr', 'gagal', 'bagaimana']	positive
['suka', 'aplikasi', 'aplikasi', 'batas', 'transaksi', 'transfer', 'ewallet', 'maksimal', 'transaksi', 'kalo', 'aplikasi', 'batas']	negative
['transaksi', 'mudah', 'pakai', 'wonder']	positive
['kerenlebih', 'mudah', 'penuh', 'butuh', 'transaksi', 'uang', 'butuh']	positive
['instal', 'sistem', 'maintenance', 'teman', 'mendownload', 'bareng', 'solusi']	neutral
['registrasi', 'suruh', 'registrasi', 'ulang', 'coba', 'enggak', 'tolong', 'aplikasi', 'sempurna', 'versi', 'terimakasih']	negative
['tampil', 'simple', 'tarik', 'fitur', 'limpah', 'akses', 'mudah']	positive
['aplikasi', 'bni', 'mobile', 'suruh', 'download', 'wonder', 'fitur', 'bni', 'mobile', 'transaksi', 'bni', 'moblie', 'suruh', 'kewonder', 'bikin', 'ful', 'memori', 'aplikasi', 'soe', 'sudah', 'transaksi', 'suruh', 'kewonder', 'verifikasi', 'belit', 'sudah', 'foto', 'ktp', 'isi', 'nik', 'veri', 'wajah', 'kali', 'sudah', 'masuk', 'suruh', 'veri', 'email', 'kode', 'otp', 'kirim', 'buru', 'transaksi', 'tunda', 'aplikasi', 'soe', 'transaksi', 'nama', 'tuju', 'sensor', 'toll']	negative
['bantu', 'mudah']	positive
['keren', 'bagus']	positive
['kurang']	negative
['aplikasi', 'parah', 'parah', 'kali', 'erorr', 'masuk', 'data', 'ktp', 'verikasi', 'pakai', 'aplikasi', 'baik', 'fitur', 'kembang', 'aplikasi', 'problem', 'buang', 'buang', 'duit', 'informasi', 'bank', 'belah', 'aplikasi', 'kembang', 'handal', 'aplikasi', 'bikin', 'bingung', 'nasabah']	negative
['aplikasi', 'leletgagal', 'qris', 'uang', 'bulan', 'enggak', 'kalo', 'gagal', 'langsung', 'saldoini', 'enggak', 'langsung', 'urus', 'bank', 'dll', 'urus', 'bulan', 'enggak', 'baliksampe', 'close', 'case', 'balikharus', 'aju', 'banding', 'lainjadi', 'ngeri', 'transaksi', 'aplikasi']	negative
['aplikasi', 'verifikasi', 'email', 'enggak', 'muncul', 'muncul', 'kode', 'jam', 'jam', 'menunggu', 'enggak ada', 'masuk', 'kalo', 'kayak', 'gin', 'mending', 'enggak usah', 'nyuruh', 'pindah', 'aplikasi', 'cacat']	negative
['ribet', 'trouble', 'hi', 'enggak', 'bisa', 'buka', 'paksa', 'download', 'apk', 'bni', 'mobile', 'apk', 'bagus', 'bni', 'mobile', 'mending', 'kayak', 'pakai', 'bni', 'mobile', 'enggak', 'wondran']	negative
['transaksi', 'beli', 'listrik', 'pulsa', 'bni', 'mobile', 'banking', 'enggak', 'pakai', 'wondr', 'transaksi', 'kartu', 'eh', 'wondr', 'bni', 'mobile', 'banking', 'kalo', 'belum', 'ribet', 'butuh', 'uang', 'lupa', 'kartu', 'atm', 'antri', 'eh', 'menu', 'transaksi', 'kartu', 'bni', 'mobile', 'banking', 'hapus', 'instal']	negative
['aplikasi', 'mudah', 'hidup', 'urus', 'uang', 'atur', 'uang', 'kontrol', 'fiturnya', 'variatif', 'enggak', 'ribet']	positive
['all', 'fiturnya', 'gampang', 'akses', 'meribetkan', 'transaksi', 'mudah', 'transfer', 'e', 'commerce', 'e', 'wallet', 'ribet', 'buka', 'aplikasi', 'beres', 'login', 'mudah', 'qris', 'cepat', 'suka', 'bayar', 'non', 'cash']	positive
['apk', 'bantu', 'transfer', 'uang', 'bank']	positive
['tarik', 'tunai', 'kadang', 'error', 'huuft', 'ganggu', 'moga', 'lekas', 'optimal', 'bantu']	neutral
['rumit', 'guna', 'ganti', 'hp', 'daftar', 'ulang', 'enggak', 'kayak', 'apk', 'tinggal', 'login']	neutral
['aplikasi', 'sampah', 'verifikasi', 'wajah', 'sampai', 'kali', 'kali', 'gagal', 'bank', 'aman', 'aman', 'sempak']	negative
['selamat', 'pagi', 'tampil', 'aplikasi', 'keren', 'sayang', 'fitur', 'kadang', 'login', 'masuk', 'aplikasi', 'susah', 'enggak', 'buruburu']	neutral
['aplikasi', 'ganggu', 'norak', 'recomend', 'urgen', 'karena', 'aplikasi', 'ganggu', 'normal', 'payah']	negative
['tampil', 'keren', 'mudah', 'riwayat', 'transaksi', 'bagus', 'ku', 'senang', 'bantu', 'banget']	positive
['tolong', 'baik', 'aplikasinyaa', 'gagal', 'terus', 'kalo', 'login', 'aplikasi']	neutral
['bagus', 'mbanking', 'bni', 'wondr', 'mutasi', 'rekeningriwayat', 'transaksi', 'menampak', 'saldo', 'tolong', 'wondr', 'kasih', 'info', 'saldo', 'mutasi', 'rekeningriwayat', 'transaksi', 'aplikasi', 'ganti', 'bagus', 'down', 'grade']	negative
['verif', 'wajah', 'salah', 'bikin', 'malas', 'ribet', 'sekali', 'masuk', 'minggu', 'tibatiba', 'akun', 'masuk', 'verif', 'gagal', 'sulit', 'bikin', 'kapok']	negative
['aplikasi', 'mbank', 'baik', 'ringan', 'mudah', 'tampil', 'fresh', 'responsif', 'menu', 'lengkap', 'terimakasih', 'bni', 'wondr', 'jadikan', 'mau']	positive
['mudah', 'gampang']	positive
['bagus', 'moga', 'tingkat']	positive
['interface', 'lebih', 'mudah', 'cepat', 'fitur', 'transaksi', 'tarik', 'setor', 'atm', 'pasang', 'seperti', 'mobile', 'banking']	neutral
['tolong', 'baik', 'aplikasi', 'aplikasi', 'mengesalkan', 'suka', 'masuk', 'ulang']	negative
['aplikasi', 'simpel', 'suka', 'tampil', 'bikin', 'bosan', 'fitur', 'qris', 'tranfer', 'ecommerce', 'mudah', 'aplikasi']	positive
['bintang', 'ganggu', 'butuh', 'transaksi', 'sistem', 'baik', 'enggak', 'kali', 'masalah', 'mending', 'bni', 'mobile', 'enggak', 'trouble']	neutral
['enggak', 'pilih', 'login', 'sudah', 'daftar']	positive
['tampil', 'aplikasi', 'bagus', 'kombinasi', 'warna', 'enak', 'suka', 'fitur', 'goalsnya', 'kategori', 'uang', 'sesuai', 'tuju', 'transfer', 'negeri', 'convertnya', 'lumayan', 'bagus']	positive
['mantap', 'pokok', 'muas', 'aplikasi', 'wondr', 'by']	positive
['daftar', 'wondr', 'log', 'out', 'log', 'ini', 'enggak', 'bisamalah', 'daftarterus', 'sesi', 'terang', 'sampi', 'skrag', 'enggak']	neutral
['top', 'up', 'e', 'wallet', 'batas', 'hari', 'mending', 'batas', 'top', 'up']	neutral
['serius', 'wondr', 'akses', 'memakai', 'bni', 'mobil', 'banking', 'mah', 'login', 'sudah', 'pakai', 'jaring', 'wifi', 'jaring', 'seluler', 'sama', 'uninstal', 'apknya']	neutral
['simpel', 'cepat']	positive
['aplikasi', 'lelet', 'banget']	negative
['kali', 'error', 'masuk', 'aplikasi', 'muncul', 'bug', 'mana', 'guna', 'login', 'tuju', 'syarat', 'tentu', 'lanjut', 'muncul', 'ingat', 'sesi', 'aplikasi', 'halaman', 'syarat', 'tentu', 'karena', 'aplikasi', 'bagus', 'tracking', 'transaksi', 'fix', 'error', 'loop', 'bolak', 'aplikasi', 'wondr', 'bni', 'mbanking']	neutral
['error', 'padahal', 'transaksi', 'tf', 'qriss', 'coba', 'download', 'ulang', 'menyushkan', 'aplikasi', 'riba', 'eror', 'padahal', 'sudah', 'transaksi', 'mohon', 'bantu', 'upgrade', 'biar', 'nyaman', 'dengan', 'aplikasi', 'nyaterima', 'kasih']	neutral
['tolong', 'login', 'sulit', 'kali', 'login', 'kirim', 'data', 'kali', 'enggak', 'alas', 'kendala', 'kendala', 'apa', 'memang']	negative
['sayang', 'fitur', 'point', 'aplikasi', 'bni', 'fitur', 'point', 'lebih', 'tukar', 'pulsa', 'ewalet']	neutral
['transaksi', 'lancar', 'wondr', 'by', 'bni']	positive
['cepat', 'transfer', 'banget', 'bantu', 'transaksi', 'online']	positive
['kasih', 'kadang', 'error', 'tibalayanan', 'sedia']	positive
['tolong', 'fitur', 'tarik', 'tunai', 'kartu', 'depan', 'nasabah', 'nikmat', 'fitur', 'baru', 'moga', 'realisasi']	neutral
['menarik', 'dana', 'life', 'goals', 'mohon', 'cepat', 'pakai', 'uang', 'kecewa', 'sih', 'jatuh', 'tempo', 'ambil', 'cair', 'fitur', 'sedia', 'kecewa', 'banget', 'gin', 'pakai', 'tahan', 'tahan', 'uang']	negative
['bagus', 'aman']	positive
['login']	negative
['tampil', 'fresh', 'fungsi', 'fitur', 'cepat', 'layan', 'kes', 'ribet', 'salam', 'akhlak']	neutral
['sudah', 'coba', 'ganti', 'slot', 'sim', 'tetap', 'susah', 'memasuki', 'nomor', 'daftar', 'bolak', 'beli', 'pulsatolong', 'saran', 'kak']	neutral
['aplikasi', 'ringkas', 'keren', 'tampil', 'modern', 'cerah', 'maju', 'bni']	positive
['harap', 'wondr', 'menu', 'tariksetor', 'tunai']	neutral
['enggak jelas', 'bikin', 'aplikasi', 'registrasi', 'susah', 'nyaman', 'sudah', 'susah', 'registrasi', 'suruh', 'registrasi', 'ulang', 'buset']	negative
['jelek', 'banget', 'aplikasi', 'ribet', 'berkalidaftar', 'masuk', 'gilir', 'sudah', 'daftar', 'suruh', 'login', 'ulang', 'gila', 'parah', 'bni', 'jelek', 'aplikasi', 'ribet', 'loding', 'kesel']	negative
['kode', 'otp', 'verifikasi', 'email', 'kirim', 'masuk', 'email', 'sesi', 'habis', 'ulang', 'payah']	negative
['tampil', 'rincian', 'saldo', 'seblm', 'uang', 'masuk', 'uang', 'masuk', 'dengan', 'app', 'bni', 'sama', 'bangking', 'sebelmnya']	negative
['mudah', 'pakai', 'aplikasi', 'wondr', 'by', 'bni', 'fiktur', 'kumplit', 'terimakasih', 'bantu']	positive
['mudah', 'bantu', 'transaksi']	positive
['aplikasi', 'mantap']	positive
['bikin', 'aplikasi', 'enggak', 'easy', 'kali', 'mencoba', 'gagal', 'verifikasi', 'wajah', 'asa', 'bank', 'enggak', 'seribet', 'foto', 'langsung', 'hasil']	negative
['apk', 'enggak', 'verifikasi', 'kedip', 'mata', 'doang', 'batas', 'besok', 'gagal']	negative
['aplikasi', 'belum', 'transaksi', 'top', 'up', 'dana', 'rincian', 'transaksi', 'bagus']	neutral
['login', 'sudah', 'lumayan', 'gampang', 'fiturnya', 'mas', 'kalah', 'app', 'saran', 'fitur', 'mutasi', 'tetap', 'sudah', 'oke', 'banget', 'lihat', 'nisa', 'saldo', 'fitur', 'sudah', 'oke', 'begitu', 'mas', 'bagus', 'suka', 'logout', 'kayak', 'bayar', 'log', 'out', 'mode', 'qrisnya', 'super', 'duper', 'lot']	negative
['down', 'grade', 'sih', 'turut', 'bagus', 'aplikasi', 'salah', 'contoh', 'histori', 'transaksi', 'detail', 'beda', 'dengan', 'aplikasi', 'lengkap', 'masuk', 'doang', 'bingung', 'guna', 'gin', 'mending', 'pindah', 'bank', 'belah', 'mending', 'luncur', 'gin', 'malas']	negative
['simple', 'cepat']	positive
['kerja', 'bagus', 'good', 'job']	positive
['mudah', 'pakai']	positive
['aplikasi', 'perintah', 'enggak', 'aplikasi', 'lelet']	negative
['aplikasi', 'bagus', 'tranver', 'dana', 'limit']	positive
['aplikasi', 'mudah', 'erti']	positive
['kadang', 'susah', 'akses']	neutral
['aplikasi', 'bantu', 'fiturnya', 'mudah', 'paham', 'mudah', 'transaksi']	positive
['bni', 'enggak', 'setor', 'tunai', 'kartu', 'apk', 'mobile', 'mbanking', 'wondr', 'enggak', 'setor', 'tunai', 'bnayk', 'apk', 'ujung', 'pakai', 'kartu', 'atm']	negative
['bagus', 'bni', 'mobile', 'top', 'up', 'dana', 'enggak', 'ribu', 'jam', 'malam', 'atas', 'error', 'transfer']	negative
['terimakasih', 'transaksi', 'mudah', 'lancar']	positive
['kali', 'error', 'masuk', 'aplikasi', 'muncul', 'bug', 'mana', 'guna', 'login', 'tuju', 'syarat', 'tentu', 'lanjut', 'muncul', 'ingat', 'sesi', 'aplikasi', 'halaman', 'syarat', 'tentu', 'karena', 'aplikasi', 'bagus', 'tracking', 'transaksi', 'fix', 'error', 'loop', 'bolak', 'aplikasi', 'wondr', 'bni', 'mbanking']	neutral
['mohon', 'biaya', 'bifast', 'beda', 'rekening', 'ditirunkan', 'aplikasi', 'sudah', 'sangat', 'bagus', 'bantu']	positive
['bni', 'mbanking', 'dulu', 'fitur', 'mobile', 'tunai', 'tarik', 'tunai', 'kartu', 'atm', 'wondr', 'enggak ada', 'fitur', 'fitur', 'karena', 'bantu', 'banget']	neutral
['aplikasi', 'cocok', 'hp', 'ram', 'bawah', 'minimal', 'kamera', 'kurengbeberapa', 'kali', 'coba', 'scan', 'wajah', 'gagal']	negative
['proses', 'cepat', 'bayar', 'qris', 'mantap', 'moga', 'lengkap', 'fiturnya', 'mbanking', 'biar', 'keren']	positive
['bagus', 'lancar', 'simple']	positive
['transaksi', 'apa', 'mudah', 'cepattp', 'masuk', 'sayakalo', 'buka', 'aplikasi', 'wondr', 'masukkadang', 'sudah', 'klik', 'aplikasi', 'lagiterimakasih']	positive
['batu', 'bagu', 'pakai', 'ribet']	positive
['aplikasi', 'aku', 'wonder', 'nya', 'buka', 'pakai', 'wifi', 'buka', 'sulit']	neutral
['verifikasi', 'wajah', 'error', 'mana', 'kedip', 'mata', 'deteksi', 'ulang', 'kali']	neutral
['suka', 'pakai', 'wondr', 'bni', 'pada', 'sama', 'bankingsemoga', 'amanah', 'kak']	positive
['bagus', 'tampil', 'tarik']	positive
['simple', 'tinggal', 'sat', 'set', 'transfer', 'beres']	positive
['transaksi', 'mudah', 'lancar']	positive
['terimakasih', 'wonder', 'apk', 'the', 'best', 'guna', 'bni']	positive
['masuk', 'aplikasi', 'alias', 'lemoot']	neutral
['ukur', 'apk', 'smartphone', 'tengah', 'makan', 'simpan']	neutral
['topup', 'dana', 'enggak', 'masuk', 'woy']	negative
['puas', 'aplikasi', 'quris', 'eror', 'pakai', 'mohon', 'maksimal', 'top', 'up', 'tapcash', 'masuk', 'saldo', 'butuh', 'zaman', 'mohon', 'maksimal', 'terima', 'kasih']	negative
['bni', 'mbanking', 'dulu', 'fitur', 'mobile', 'tunai', 'tarik', 'tunai', 'kartu', 'atm', 'wondr', 'enggak ada', 'fitur', 'fitur', 'karena', 'bantu', 'banget']	neutral
['pakai', 'sudah', 'logout', 'login', 'enggak', 'rua', 'terang', 'sesi']	neutral
['aplikasi', 'ribetga', 'lulus', 'verifikasi', 'wajahbngst', 'unduh', 'biar', 'mudah', 'sulit']	negative
['enggak', 'launching', 'apk', 'menyusahkan', 'pakai', 'bni', 'mobile', 'lancar', 'pakai', 'susah', 'loading', 'ampun', 'jaman', 'digital', 'gin', 'transaksi', 'digital', 'apk', 'praktis', 'mundur', 'belakang']	negative
['aplikasi', 'tolol', 'beli', 'token', 'malam', 'bikin', 'repot', 'pakai', 'verivikasi', 'wajah', 'suruh', 'lihat', 'lihat', 'bilang', 'wajah', 'tolol', 'lihat', 'kali', 'mencoba', 'gagal', 'wonder', 'bni', 'tolol']	negative
['malam', 'kakak', 'minimal', 'saldo', 'memang', 'berapa', 'gregetan', 'bayar', 'tagih', 'saldo', 'padahal', 'lumyan', 'banyak', 'dari', 'bayar']	neutral
['jaring', 'hp', 'stabil', 'aplikasi', 'akses', 'normal', 'kecuali', 'wonder', 'bni', 'buka', 'jaring', 'wifi']	negative
['kali', 'nemu', 'aplikasi', 'perban', 'bagus', 'mudah', 'transaksi', 'cepat', 'mudah', 'kalang', 'mula', 'mudah']	positive
['mantapkeren', 'bantu', 'aktivitas', 'transaksi', 'lengkap', 'mudah', 'cepat', 'informatifsangat', 'penuh', 'ekspetasi', 'sayatrims', 'bni']	positive
['maaf', 'kak', 'kok', 'ferikasi', 'lupa', 'paswor', 'aplikasi', 'enggak', 'bisa', 'buka', 'kenapa', 'ya']	positive
['terimakasih', 'wonder', 'mudah', 'transaksi']	positive
['terap', 'tek', 'alamat', 'edit', 'juga', 'alamat', 'detil', 'pesan', 'kartu', 'atm', 'enggak', 'semoga', 'rubah', 'mudah', 'nasabah', 'seperti', 'bang', 'digital', 'simple', 'praktis', 'cepat']	neutral
['sungguh', 'keren']	positive
['halo', 'malam', 'coba', 'beli', 'token', 'listrik', 'wondr', 'coba', 'kali', 'gagal', 'siang', 'cek', 'saldo', 'kurang', 'transaksi', 'gagal', 'detail', 'cek', 'mbanking', 'riwayat', 'tolong']	negative
['eksplor', 'adakan', 'baik']	neutral
['masuk', 'ketik', 'password', 'ribettidak', 'bni', 'mobile', 'passwordnya', 'simpan']	neutral
['kasih', 'keluar', 'oven', 'wonder', 'initolong', 'tingkat', 'biar', 'guna', 'nyamantrimksih']	neutral
['aplikasi', 'verifikasi', 'wajah', 'minggu', 'coba', 'anda', 'hp', 'spec', 'kamera', 'rendah', 'solusi', 'tolong', 'pikir', 'tolong', 'pikir', 'kendala']	negative
['aplikasi', 'uji', 'sabar', 'banget', 'buka', 'wondrbalik', 'syarat', 'ketentuanga', 'login', 'sudah', 'kali', 'bolak', 'balil', 'instal', 'uninstall', 'mudah', 'memeprsulit', 'banget', 'yatolong', 'lah', 'aplikasi', 'dibenerin', 'pakai', 'internet', 'banking', 'transaksi', 'aplikasi', 'pakai', 'kecewa', 'sih']	negative
['aplikasi', 'mudah', 'cepat']	positive
['flexibel', 'mudah', 'nasabahkeren']	positive
['bagus', 'kurang', 'baik']	positive
['menu', 'komplit', 'tolong', 'tampil', 'fitur', 'pinjam', 'tau', 'sisa', 'pinjam']	neutral
['baik', 'kedala', 'sampai', 'jam', 'jammenyebalkan']	negative
['seblmnya', 'pakai', 'mbanking', 'bni', 'lamasetelah', 'pindah', 'wondr', 'suka', 'sama', 'tampil', 'fresh', 'userfriendly', 'fitur', 'lengkap', 'mudahpertahankan']	positive
['sudah', 'sudah', 'pilih', 'verifikasi', 'whatsapp', 'langgan', 'setel', 'ulang', 'password', 'pin', 'sepenuh', 'fitur', 'bni', 'mobile', 'banking', 'pindah', 'wondr', 'biar', 'langgan', 'full', 'pakai', 'wondr']	positive
['bagus', 'responsif', 'cepat']	positive
['suka', 'aplikasi']	positive
['memudahkn', 'transaksi', 'aman', 'praktis']	positive
['wondr', 'bagus', 'tambah', 'menu', 'blokir', 'saldo', 'seperti', 'bni', 'mobile']	negative
['ganti', 'hp', 'sudah', 'uninstal', 'hp', 'log', 'ini', 'hp', 'email', 'cs', 'suruh', 'log', 'ini', 'email', 'halo', 'email', 'bisnis', 'satu', 'solusi', 'bni', 'bikin', 'email', 'solusi', 'direset', 'lah']	negative
['pengin', 'nabung', 'du', 'bnitapi', 'ambil', 'uang', 'atm', 'banget', 'salah', 'passworldganti', 'passworldgak', 'begitu', 'lagisekarang', 'kartu', 'enggak', 'nisa', 'pakesaya', 'bni', 'setiabudhi', 'ganti', 'kartu', 'bisasedang', 'bank', 'belah', 'setiabudhi', 'ganti', 'kartu', 'menit', 'isi', 'formulir', 'apapunsemoga', 'bni', 'yasukses']	neutral
['fitur', 'lengkap', 'kalah', 'bni', 'mobile', 'banking']	neutral
['benar', 'aplikasi', 'masak', 'eror', 'mulu', 'transfer', 'saldo', 'kepala', 'bni', 'doang', 'eror', 'tl']	negative
['bagaimana', 'login', 'sampai', 'jam', 'enggak bisa', 'stak', 'logo', 'wonder', 'sekali', 'kali', 'ku', 'hapus', 'mencari', 'sinyal', 'bagus', 'sudah', 'ku', 'logout', 'tetap', 'kayak', 'mulu', 'bagaimana', 'tolong', 'baik']	neutral
['sulit', 'pakai', 'aplikasi', 'menu', 'sahabat', 'aplikasi', 'mobile', 'bni', 'sebelumnyaaneh', 'mudah', 'sulit']	negative
['error', 'susah', 'masuk']	positive
['pindah', 'aplikasi', 'mudah', 'ribet', 'login', 'gagal', 'enggak tau', 'koneksi', 'internet', 'stabil', 'yuotub', 'aplikasi', 'lancar', 'sih', 'bagus', 'aplikasi', 'bni']	negative
['rekam', 'layar']	negative
['aplikasi', 'loading', 'aktivasi', 'masuk', 'muter', 'halaman', 'syarat', 'tentu']	neutral
['bantu']	neutral
['bagus', 'bank', 'bri', 'tarik', 'angsur', 'tunggak']	positive
['fasilitas', 'cek', 'mutasi', 'rekening', 'koran', 'informasi', 'keluar', 'terima', 'saldo', 'aplikasi', 'mbak', 'wondr', 'riwayat', 'transaksi', 'download', 'share', 'download', 'riwayat', 'transaksi', 'simpul', 'komplit', 'aplikasi', 'mbak']	negative
['bagus', 'wonder', 'bula', 'aplikasi', 'loadingnya', 'luama', 'banget', 'kalo', 'pakai', 'ting', 'desak', 'tunggu', 'menit', 'buka']	neutral
['respond', 'cepat', 'jam', 'tools', 'dokumen', 'dukung', 'tools', 'tarik', 'estatement', 'bulan', 'advanced', 'banding', 'bni', 'mobile', 'really', 'appreciate', 'the', 'prompt', 'response']	positive
['tolong', 'baik', 'wondr', 'bninya', 'login', 'gagal', 'baik', 'kirim', 'lambat', 'tolong', 'bni', 'baik', 'karena', 'saya', 'perlu', 'kirim', 'uang', 'keluarga']	negative
['cek', 'transaksi', 'cek', 'mutasi', 'rekening', 'lihat', 'saldo', 'pakai', 'tinggal']	neutral
['bagus', 'aplikasi', 'mudah', 'halhaljos', 'lah', 'aplikasi']	positive
['fitur', 'milik', 'trasver', 'gagal', 'tidk', 'bayar', 'tgihan', 'briva', 'dnbnyak', 'menu', 'tidk', 'sedia', 'sulit']	negative
['cek', 'transaksi', 'cek', 'mutasi', 'rekening', 'lihat', 'saldo', 'pakai', 'tinggal']	neutral
['awat', 'maintenance', 'notifikasi', 'transaksi', 'uang', 'masuk', 'karena', 'seblm', 'awat', 'notifnya', 'selalu', 'rasa', 'wondr', 'aplikasi', 'bagus']	positive
['tolong', 'admin', 'masuk', 'aplikasi', 'login', 'ulang', 'masuk', 'no', 'hp', 'foto', 'ktp', 'scan', 'wajah', 'aktifitas', 'login', 'simpan', 'kalo', 'luar', 'bawa', 'ktp', 'bayar', 'via', 'mbanking', 'bagaimana', 'aplikasi', 'mudah', 'sulit', 'tolong', 'baik', 'developer']	negative
['apps', 'lot', 'susah', 'login']	neutral
['bintang', 'dulu', 'suka', 'ganggu', 'kalo', 'malam']	neutral
['bantu', 'bayar', 'ukt', 'kuliah']	positive
['sayang', 'nomor', 'rekening', 'save', 'bayar', 'pdam', 'listrik', 'nomor', 'langgan', 'save', 'bayar', 'harua', 'masuk', 'nomor', 'langgan', 'ribet']	neutral
['ganggu', 'sih', 'transfer', 'malam', 'ganggu']	negative
['kesini', 'susah', 'log', 'ini', 'yatransaksi']	neutral
['suka', 'pakai', 'app', 'susah', 'buka', 'terupdate', 'akh', 'pakai', 'app', 'bni', 'mobile', 'karena', 'cepat']	neutral
['aplikasi', 'bagus', 'banget', 'mudah', 'dimengertijadi', 'gampang', 'top', 'up', 'transaksi']	positive
['batas', 'limit', 'transfer', 'hari', 'pakai', 'mbangking', 'bni', 'topup', 'juta', 'sekarang', 'pakai', 'maksimal', 'juta']	neutral
['aplikasi', 'baru', 'mantab', 'ribet', 'moga', 'sukses', 'depan']	positive
['mantap', 'bantu']	positive
['transaksi', 'nyaman']	positive
['bantu']	positive
['bni', 'wondr', 'bni', 'tunjuk', 'digitalisasi', 'modernmudah', 'layan', 'transaksi', 'mudah', 'cepat', 'simple', 'mudah', 'fahami', 'ajar', 'terima', 'kasih', 'bni']	positive
['bagus', 'menu', 'riwayat', 'uang', 'masuk']	positive
['isi', 'pulsa', 'saldo', 'kurang', 'pulsa', 'enggak', 'masuk']	negative
['baru', 'kasih', 'info', 'donkjngan', 'main', 'baru', 'sudah', 'baru', 'login', 'asik', 'transaksi', 'ter', 'log', 'out', 'terus', 'login', 'bisabunda', 'kecewa', 'sorry', 'paksa', 'ku', 'hapus', 'bintang']	negative
['puas', 'wondr', 'transaksi', 'digital', 'mudah', 'aplikasi', 'lengkap', 'lumayan', 'penuh', 'butuh', 'moga', 'layan']	positive
['masuk', 'app', 'daftar', 'mulu', 'enggak bisa', 'masuk', 'account', 'kacau']	negative
['admn', 'banget', 'transaksi', 'batas', 'max', 'juta']	negative
['bagus', 'temu', 'bayar', 'didik', 'kampus', 'institut', 'teknologi', 'puluh', 'nopember', 'surabya', 'saat', 'update', 'susah', 'bayar', 'spp', 'kampus']	neutral
['mudah', 'cepat']	positive
['keren', 'aplikasi', 'mantab', 'tampil', 'enggak', 'kalah', 'lain', 'tingkat', 'moga', 'menu', 'mobile', 'tunai', 'saji', 'aplikasi', 'memperlengkp', 'fitur', 'aplikasi']	positive
['aplikasi', 'buka', 'sudah', 'uninstal', 'instalasi', 'tetap', 'buka']	neutral
['lancar', 'transaksi']	positive
['pakai', 'aplikasi', 'banget', 'anak', 'muda', 'karena', 'bikin', 'hidup', 'praktis', 'transaksi', 'simpel', 'terus', 'lihat', 'lapor', 'keluar', 'bulan', 'wondr', 'by', 'bni', 'kasih', 'insight', 'keluar', 'sadar', 'enggak']	positive
['kenapa', 'mengirim', 'saldo', 'cukupada', 'min']	negative
['alih', 'bni', 'mobile', 'banking', 'aplikasi', 'wondr', 'by', 'bni', 'kira', 'aplikasi', 'tinggal', 'memasuki', 'user', 'mpin', 'aplikasi', 'verifikasi', 'data', 'verifikasi', 'wajah', 'sudah', 'kali', 'verifikasi', 'wajah', 'enggak', 'hasil']	negative
['cepat', 'mudah']	neutral
['muas', 'mudah', 'transaki']	positive
['informasi', 'lengkaptidak', 'keterangancontoh', 'gaji', 'masuk', 'terang', 'gaji']	neutral
['lucu', 'vermuk', 'gagal', 'mulu', 'kesel', 'gegara', 'pakai', 'wifi', 'pakai', 'paket', 'data', 'langsung', 'hasil']	positive
['transfer', 'bni', 'baca', 'semalem', 'sampai', 'pagi', 'sampai', 'saldo', 'bom', 'masuk', 'saldo', 'bni', 'kurang', 'status', 'hasil', 'nama', 'terima', 'nomor', 'rekening', 'sesuai', 'bantu', 'perihal', 'kah', 'team', 'kembang', 'bni', 'chat', 'via', 'wa', 'email', 'responnya', 'fast', 'respon', 'cs', 'bank', 'tolong', 'baik', 'kayak', 'gin', 'depan', 'ulang', 'baik', 'sistem', 'tangan']	negative
['wondr', 'bagustp', 'pasti', 'dulu', 'fitur', 'fungsi', 'minim', 'bug', 'fitur', 'standar', 'mobile', 'bnisetor', 'tunai', 'tarik', 'tunai', 'kartu', 'mobile', 'bni']	neutral
['lengkap', 'cek', 'transaksi', 'masuk', 'saldo', 'download', 'semoga', 'bisa', 'timbang', 'bni']	neutral
['kok', 'wondr', 'by', 'bni', 'buka', 'ya', 'doang', 'transaksi', 'kemarin', 'buka', 'min', 'aplikasi', 'kenapa', 'uninstall', 'dulu', 'aduh', 'bingung', 'jelasinnya', 'bagaimana', 'ya', 'klik', 'aplikasi', 'wondr', 'stuck', 'gambar', 'kayak', 'min', 'gambar', 'kayak', 'playstore', 'stuck', 'saja']	neutral
['cepat', 'transaksi']	positive
['ajar', 'operasi', 'mudah', 'paham']	positive
['aplikasi', 'error', 'sudah', 'daftar', 'klik', 'masuk', 'daftar', 'klik', 'bilang', 'sesi', 'habistolong', 'perbaikikatanya', 'desember', 'laku']	negative
['kasih', 'bintang', 'dulusemoga', 'segara', 'update', 'proses', 'tarik', 'tunai', 'cepat', 'masuk', 'pemberitahuan', 'transaksi', 'transaksi', 'kali', 'saji', 'saldo', 'saldo', 'saldo', 'masuk', 'moga']	neutral
['verifikasi', 'pin', 'gagal', 'mohon', 'arahannyaterimakasih', 'kasih']	neutral
['warna', 'orange', 'colok', 'aplikasi', 'bersemangatapalagi', 'fitur', 'mudah', 'bantu', 'transaksisukses', 'wondr', 'by', 'bni']	positive
['aplikasi', 'enggak', 'mengikuti', 'tutorial', 'youtube', 'buka', 'izin', 'aplikasi', 'enggak', 'buka']	neutral
['apk', 'lot', 'sekaliselain', 'bukti', 'transaksi', 'dapat', 'ssjd', 'kirim', 'bukti', 'transaksi', 'minjam', 'difoto', 'orangsuper', 'ribetdan', 'langsung', 'putus', 'hapus', 'apk', 'download', 'versi', 'lamaapk', 'gagal']	negative
['tampil', 'user', 'friendly', 'transaksi', 'apa', 'sat', 'set', 'sat', 'set', 'terima', 'kasih', 'bni']	positive
['menu', 'transaksi', 'setor', 'tunai', 'kartu', 'menu', 'terimakasih']	neutral
['parah', 'kok', 'masuk', 'aplikasi', 'coba', 'baik', 'perca', 'uang']	negative
['bantu', 'mudah']	positive
['tolong', 'baik', 'aplikasi', 'luncur', 'aplikasi', 'luncur', 'rekening', 'aktif', 'langsung', 'hapus', 'ajajang', 'pajang', 'beranda', 'wondr', 'rolong', 'bijak', 'kalo', 'rekening', 'aktif', 'transfer', 'rekening', 'aktif', 'transfer', 'potong', 'adm', 'kartu', 'aktif', 'transfer', 'uang', 'kartu', 'aktif', 'tersb']	negative
['bikin', 'transaksi', 'aplikasi', 'seriusin', 'bagaimana', 'akun', 'sudah', 'desak', 'gin', 'suruh', 'mengasih', 'informasi', 'terupdate', 'buang']	negative
['transaksi', 'e', 'wallet', 'tolong', 'perhati']	neutral
['aktivkan', 'repot', 'password', 'katagori', 'huruf', 'huruf', 'angka', 'karakterface', 'recog', 'enggak', 'pakai', 'kacamata', 'plus', 'lepas', 'kacamata', 'enggak', 'baca', 'perintah', 'gagal', 'capek', 'bikin', 'rek', 'karena', 'syarat', 'kantor', 'gaji', 'terima', 'langsung', 'kosongin', 'kirim', 'rek', 'biru', 'mbankingnya', 'enggak', 'nekoneko']	negative
['masak', 'iya', 'tara', 'bni', 'apk', 'buka', 'paket', 'data', 'susah', 'banget', 'gin', 'buka', 'mbanking', 'cari', 'wifi', 'yuk', 'yuk', 'upgrade', 'apknya', 'biar', 'support', 'semua', 'jaring']	neutral
['sudah', 'pakai', 'aplikasi', 'bagustpi', 'error']	positive
['mudah', 'cepat']	positive
['verifikasi', 'wajah', 'gagal', 'ikut', 'intruksi', 'update', 'sept', 'verifikasi', 'wajah', 'hasil', 'hasil', 'input', 'pas', 'input', 'karakter', 'tanda', 'seru']	negative
['aplikasi', 'wondry', 'mantap', 'cepat', 'proses', 'pangpang', 'aman']	positive
['pakai', 'transaksi', 'negeri']	neutral
['selamat', 'pagi', 'tampil', 'aplikasi', 'keren', 'sayang', 'fitur', 'kadang', 'login', 'masuk', 'aplikasi', 'susah', 'enggak', 'buruburu']	neutral
['verifikasi', 'rumit', 'gagal']	negative
['moga', 'manfaat', 'ribet', 'skor', 'bintang', 'susul', 'sempurna', 'harap', 'bintang', 'susut', 'bintang']	neutral
['tolong', 'baik', 'alami', 'kendala', 'terus', 'transaksi', 'masuk', 'enggak', 'signal', 'kendala']	neutral
['wondr', 'by', 'bni', 'susah', 'klik', 'salah', 'pilih', 'beli', 'pulsa', 'virtual', 'account', 'riwayat', 'transaksi', 'dll', 'enggak', 'buka', 'susah', 'transaksi']	negative
['moga', 'manfaat', 'ribet', 'skor', 'bintang', 'susul', 'sempurna', 'harap', 'bintang', 'susut', 'bintang']	neutral
['simpel', 'sih', 'enggak', 'move', 'on', 'app', 'bni', 'terkadang', 'app', 'gampang', 'mengambek', 'sinya', 'l', 'lancar', 'paket', 'data', 'aman', 'kagak', 'buka', 'app']	neutral
['bagaimana', 'konsep', 'minntadi', 'transaksi', 'gagal', 'eh', 'saldo', 'rekening', 'ambil', 'ambil', 'gede', 'minntolong', 'min', 'proses', 'masalah', 'minsangat', 'rugi', 'mingara', 'tekorr', 'min', 'ganti', 'rugisebisa', 'saldo', 'min']	negative
['selalu', 'mudah', 'terima', 'kasih', 'bni']	positive
['kadang', 'apk', 'lelet', 'kalau', 'buka', 'mohon', 'update', 'terimakasih']	negative
['bagus', 'kirim', 'cepat']	positive
['mantap', 'aplikasi', 'wondr', 'by', 'bni', 'transaksi', 'mudah', 'pokok', 'mantap']	positive
['aplikasi', 'banget', 'ter', 'buka']	neutral
['maintance', 'mulu']	negative
['praktis', 'sat', 'set', 'mantap', 'surantap']	positive
['apk', 'saya', 'kendala', 'uang', 'saya', 'enggak', 'sampai', 'tolong', 'baik', 'benar', 'biar', 'saya', 'enggak', 'kecewa', 'saya', 'harus', 'bank', 'bni']	neutral
['kenapa', 'transaksi', 'hasil', 'truss']	negative
['aplikasi', 'jalan', 'kadang', 'stak', 'tampil', 'muncul', 'mode', 'login']	neutral
['ribet', 'banget', 'sumpah', 'kalo', 'beli', 'token', 'listrik', 'langsung', 'sama', 'banking', 'wonder', 'ribet', 'banget', 'apk', 'benget', 'bug', 'verifikasi', 'ribu', 'kali', 'password', 'gue', 'memasuki', 'sudah', 'benar', 'suruh', 'verifikasi', 'guna', 'wondr', 'bni', 'sama', 'banking', 'doang', 'aman', 'lancar', 'bikin', 'ribet', 'apk', 'enggak']	negative
['ribet', 'login', 'bikin', 'pasword', 'login', 'sesuai', 'nasabah', 'kirim', 'otp', 'no', 'whatsaap', 'masuk', 'ujung', 'menunggu', 'besok', 'tuan']	negative
['aplikasi', 'rumit', 'salah', 'ulang', 'scan', 'wajah', 'pasu', 'kode', 'otp', 'tau', 'jaring']	negative
['kacau', 'banget', 'login', 'memasuki', 'nomor', 'kartu', 'kartu', 'kirim', 'urgent', 'bayar', 'bagaimana', 'coba', 'uang', 'simpan', 'wondr']	negative
['isi', 'pulsa', 'transaksi', 'gagal', 'saldo', 'kurang', 'enggak jelas']	negative
['uninstall', 'sudah', 'hasil', 'login', 'login', 'suruh', 'daftar']	negative
['terima kasih', 'mudah', 'teransaksi']	positive
['wonder', 'bagus', 'bni', 'mobile']	positive
['bni', 'wondr', 'transaksi', 'card', 'less', 'mobile', 'tunai', 'bni', 'mobile', 'banking', 'tunggu', 'bintang']	positive
['wondr', 'suka', 'andalin']	positive
['mudah', 'ada', 'ganggu', 'terus', 'tingkat', 'updetannya']	positive
['mantap', 'tingkat', 'kualitas', 'layan', 'baik', 'nasabah']	positive
['aplikasi', 'bantu', 'guna', 'bang', 'bni', 'terimakasih', 'wonder']	positive
['muas']	positive
['temu', 'sistem', 'transaksi', 'kartu', 'atm', 'aplikasi', 'kerepot', 'masalah', 'kartu', 'atmnya']	negative
['suka', 'wondr', 'terang', 'berita', 'enggak', 'muncul', 'rincian', 'transaksi']	neutral
['aplikasi', 'warna', 'loading', 'cepat', 'menu', 'bni', 'mobile', 'banking', 'menu', 'bayar', 'beli']	positive
['apk', 'eror', 'bagaimana', 'sih', 'bikin', 'atm', 'daftar', 'wonder', 'by', 'bni', 'kantor', 'cabang', 'bni', 'kelas', 'cs', 'kantor', 'bni', 'gagal', 'daftarin', 'wonder', 'by', 'bni', 'cs', 'besok', 'coba', 'rumah', 'daftar', 'daftar', 'sudah', 'bikin', 'atm', 'masih', 'verifikasi', 'wajah', 'karena', 'baca', 'lebih', 'verifikasi', 'wajahpadahal', 'kali', 'coba', 'bikin']	neutral
['new', 'look', 'keren', 'transaksi', 'aman', 'nyaman', 'fitur', 'insight', 'bantu', 'kontrol', 'uang', 'wondr', 'by', 'bni', 'jadikan', 'mau']	positive
['aplikasi', 'buka', 'sudah', 'uninstal', 'instalasi', 'tetap', 'buka']	neutral
['teknologi', 'transaksi', 'apa', 'cepat']	positive
['jaring', 'suka', 'lelet']	neutral
['serius', 'wondr', 'hp', 'buka', 'kendala', 'tim', 'baik', 'yuk', 'coba', 'menyebalkan']	neutral
['aplikasi', 'bagus', 'transaksi', 'lancar', 'top', 'up', 'token', 'mudah']	positive
['fitur', 'ajak', 'refferal', 'enggak', 'reward', 'dapat', 'mending', 'point']	negative
['keren', 'banget', 'aplikasi', 'fiturnya', 'mudah', 'paham', 'lot', 'mudah', 'transaksi', 'apa', 'pokok', 'mantap', 'bni']	positive
['sinyal', 'bagus', 'masuk', 'aplikasi', 'wondr', 'loading', 'terus', 'ingat', 'sesi', 'buka', 'banget', 'guna', 'keluh', 'masuk', 'aplikasi', 'diupdate', 'susah']	negative
['memang', 'apk', 'belum', 'suruh', 'pakai', 'bank', 'suruhny', 'pakai', 'bingung', 'pls', 'update', 'buka', 'rek', 'pakai', 'apk', 'bingung', 'minim', 'fitur', 'terus', 'lapor', 'sama', 'masuk', 'uang', 'bikin', 'bingung']	negative
['ganggu', 'orang', 'bisnis', 'hambat', 'app', 'enggak', 'promo', 'muncul', 'terus', 'sudah', 'ganti', 'bni', 'wonder', 'maah', 'cepat', 'baik']	negative
['enggak', 'buka', 'kemarin', 'pakai', 'bni', 'mobilrsekarang', 'pakai', 'wonder', 'un', 'instal', 'bni', 'mobile', 'wonder', 'enggak', 'buka', 'sistem', 'baik', 'hari', 'enggak', 'buka']	neutral
['bantu']	positive
['aplikasi', 'bantu', 'bertransaksibeli', 'pulsa', 'bayar', 'listrik', 'mana', 'proses', 'cepat']	positive
['murah', 'transaksi']	positive
['aplikasi', 'bantu', 'nasabah', 'bni', 'mudah', 'transaksi', 'bayar', 'recommended']	positive
['update', 'kendala', 'enggak', 'buka', 'jaring', 'bagus', 'paket', 'data', 'isi']	negative
['mudah', 'praktis']	positive
['bantu', 'mutasi', 'rekening', 'sisa', 'saldo', 'transaksi', 'kurang', 'bingung', 'tentu', 'saldo']	negative
['asli', 'tulis', 'aplikasi', 'sedia', 'baik', 'syukur', 'belum', 'hapus', 'bni', 'ckckckc', 'sulit', 'iya', 'deh', 'mending', 'hapus', 'benaran', 'enggak']	negative
['tampil', 'fresh', 'fungsi', 'fitur', 'cepat', 'layan', 'kes', 'ribet', 'salam', 'akhlak']	neutral
['notifikasi', 'aplikasi', 'saldo', 'masuk', 'minimal', 'bni', 'notifikasi', 'tolong', 'ubah', 'minimal', 'coba', 'transfer', 'ribu', 'enggak', 'notifikasi', 'aplikasi', 'email', 'email']	negative
['wondr', 'by', 'bni', 'keren', 'bantu', 'transaksi', 'mudah', 'cepat', 'sagat', 'utuk', 'pakai', 'rugi', 'mengunakannya', 'aplikasi', 'bagus', 'bang', 'at', 'asli', 'keren']	neutral
['setor', 'tunai', 'kartu', 'kartu', 'atm', 'fisik', 'aktivasi', 'cabang', 'bni', 'enggak', 'blu', 'baca', 'dll', 'aplikasi', 'buka', 'bni', 'bni', 'sonic', 'biar', 'kartu', 'langsung', 'aktif']	negative
['aplikasi', 'bantu']	positive
['bikin', 'pusing', 'sama', 'password', 'tanda', 'embel', 'embeltiap', 'loginjadi', 'poto', 'ktpselfie', 'aduh']	negative
['bantu', 'urus', 'hari', 'mudah', 'proses', 'transfer', 'kerja', 'oke', 'banget']	positive
['aplikasi', 'enggak', 'buka', 'play', 'store', 'updatenya', 'tolong', 'kembang', 'baik']	neutral
['sudah', 'klik', 'syarat', 'verifikasi', 'ehkeluar', 'terang', 'sesi', 'selesaiigitu', 'mulu', 'payah']	negative
['aplikasi', 'fitur', 'setor', 'tunai', 'cardless']	neutral
['deh', 'pakai', 'wondr', 'bni', 'ganti', 'hp', 'hp', 'masuk', 'gagal', 'terang', 'masuk', 'kreteria', 'wondr', 'begitu', 'deh', 'berapa', 'kali', 'coba', 'tetap', 'gagal', 'solusi']	neutral
['enak', 'aplikasi', 'mobile', 'banking', 'mutasi', 'rekening', 'debit', 'kredit', 'mutasi', 'rekening', 'masuk', 'terang', 'sisa', 'saldo', 'rekening', 'koran', 'lengkap', 'mobile', 'banking', 'nyesal', 'pindah', 'wondr']	neutral
['apknya', 'bagus', 'uang', 'sekian', 'ribu', 'habis', 'wondr', 'ambil', 'uang', 'nasabah', 'karena', 'lihat', 'uang', 'sekian', 'ribu', 'tolong', 'sekian']	neutral
['mudah', 'aplikasi']	positive
['harap', 'aplikasi', 'wondr', 'by', 'bni', 'aktif', 'sistem', 'tarik', 'tunai', 'setor', 'tunai', 'mobile', 'bank', 'belah', 'moga', 'transaksi', 'apa', 'masuk', 'terima', 'notifikasi', 'lengkap', 'aplikasi', 'wondr', 'by', 'bni', 'bank', 'belah', 'tahun', 'fitur', 'canggih']	negative
['puas', 'layan', 'ya']	positive
['mudah', 'transaksi']	positive
['sudah', 'daftar', 'akun', 'kalo', 'verifikasi', 'wajah', 'susah', 'bangettolong', 'baik']	negative
['bagus', 'mudah', 'lambat', 'log', 'ini']	positive
['ku', 'lebih', 'sreg', 'aplikasi', 'sih', 'min', 'karena', 'disana', 'terang', 'sumber', 'pasu', 'keluar', 'lebih', 'detail', 'ku', 'invest', 'orisinal', 'sr', 'st', 'seri', 'berapa', 'tera', 'terang', 'wondr', 'biar', 'catat', 'uang', 'sumber', 'uang', 'mana', 'makas']	neutral
['aplikasi', 'wondr', 'memang', 'membantu', 'banget', 'fitur', 'sedia', 'user', 'interface', 'nyaman', 'padu', 'warna', 'iconic', 'aplikasi', 'bagus', 'pakai', 'wondr', 'top', 'up', 'ewallet', 'ku', 'karena', 'sudah', 'praktis', 'banget']	positive
['trimakasih', 'mudah', 'kenyam', 'transaksi', 'dengan', 'wonder', 'by', 'bni']	positive
['serius', 'bni', 'kayak', 'gin', 'transaksi', 'gagal', 'duit', 'reff', 'buset', 'bagaimana', 'cerita', 'tera', 'tim', 'baik', 'gin', 'gin', 'mohon', 'coba', 'trf', 'kali', 'begitu', 'bujed', 'dah', 'reff', 'lah', 'kck', 'menunggu', 'menit', 'trf', 'appan', 'kagak', 'reff', 'lucu', 'benar', 'deh', 'hdehh', 'bank', 'kalo', 'sudah', 'masalah', 'reff', 'jir', 'gandi', 'reff', 'kck']	neutral
['terima', 'kasih', 'bantu', 'tolong', 'fitur', 'apk', 'bni', 'mobile', 'banking', 'masuk', 'apk', 'wonder']	positive
['aplikasi', 'bank', 'bodok', 'aplikasi', 'masuk', 'sesi', 'otomatis', 'ulang', 'masuk', 'bodok', 'bodokk']	negative
['aplikasi', 'ganggu', 'baik', 'sudah', 'eror', 'lihat', 'transaksi', 'enggak', 'mutasi', 'rekening', 'data', 'enggak', 'sudah', 'uang', 'transfer', 'masuk', 'masuk', 'uang', 'hangus', 'tibatiba', 'saldo', 'potong', 'notifikasi', 'jelas', 'mending', 'hapus', 'aplikasi', 'saham', 'bni', 'anjlok', 'mantab']	negative
['cepat', 'mudah', 'transaksi']	positive
['beli', 'token', 'duit', 'ambil', 'token', 'masuk', 'struknya', 'muncul', 'korupsi', 'tolong', 'perhati', 'aplikasi', 'bni', 'mobile', 'tulis', 'uang', 'transaksi', 'sudah']	neutral
['neng', 'dengan', 'kemudahanya', 'trimakasih', 'sukses', 'selalu']	positive
['sampai', 'ganggu', 'sistim', 'daftar', 'memasuki', 'password', 'enggak']	neutral
['guna', 'bni', 'bantu', 'mudah', 'segala', 'transaksi', 'mudah', 'no', 'ribet', 'fitur', 'aplikasi', 'mudah']	positive
['keren', 'gampang', 'aplikasi', 'baru', 'bni', 'warna', 'transaksi', 'ewallet', 'qris', 'login']	positive
['prtama', 'kali', 'transaksi', 'pakai', 'wondr', 'transper', 'gagal', 'notif', 'lebih', 'limit', 'transaksi', 'coba', 'hasil', 'gagal', 'notif', 'lebih', 'limit', 'transaksi', 'mana', 'atur', 'limit', 'pungsi']	neutral
['bagus', 'bni', 'mobile', 'wondr', 'bybni', 'aplikasi', 'kendala', 'baik', 'enggak', 'masuk']	neutral
['aplikasi', 'perban', 'mudah', 'bagus']	positive
['tim', 'baik', 'yuk', 'coba', 'sudah', 'kemarin', 'baik', 'transaksi', 'min']	neutral
['daftar', 'mudahbisa', 'rekening', 'via', 'online', 'hasil', 'cepatdan', 'fiturnya', 'mudah', 'transaksi', 'lebih', 'cepat', 'karena', 'pakai', 'qris', 'atm', 'ambil', 'cashpembuatan', 'atm', 'mudah', 'recomended', 'bank']	positive
['cek', 'transaksi', 'pilih', 'tanggal', 'pilih', 'tanggal', 'eror', 'tanggal', 'ubah', 'mohon', 'baik']	positive
['pdam', 'banjarmasin', 'menu', 'bayar', 'proses', 'loading', 'bayar', 'transaksi', 'gagal', 'saldo', 'potong', 'reversal', 'gagal', 'bayar', 'tersebut', 'saya', 'pakai', 'bni', 'mobil', 'banking', 'hasil', 'kendala', 'bayar', 'lancar', 'problem', 'kok', 'saldo', 'gagal', 'bayar', 'pakai', 'wondr', 'by', 'bni']	negative
['tanpa', 'kendala', 'mudahsmoga', 'sukses', 'selalu']	positive
['mantablebih', 'mudah', 'gampang', 'transaksi', 'terima kasih', 'bni', 'kadangkadang', 'kalo', 'malam', 'error', 'baik', 'lahmasa', 'bisa', 'pakai', 'siang', 'ajakolo', 'malam', 'enggak']	positive
['kembali', 'mobile', 'banking', 'aplikasi', 'sempurna', 'jangan', 'rilis']	negative
['bantu']	positive
['fitur', 'mudah', 'akses']	positive
['aplikasi', 'cepat', 'ribet', 'bayar', 'enak', 'pokok', 'e']	positive
['bantu', 'wondr', 'by', 'bni', 'baik']	positive
['aplikasi', 'tolol', 'tarik', 'tunai', 'kok', 'memakai', 'otp', 'otpnya', 'motong', 'pulsa', 'minimal', 'sudah', 'kok', 'otp', 'sms', 'motong', 'pulsa', 'pakai', 'generated', 'kode', 'sudah', 'aman', 'kikir']	negative
['enggak', 'buka', 'aplikasi', 'wonde', 'by', 'bni', 'nyaada', 'terang', 'kendala', 'sistem', 'kamicoba', 'begitu', 'buka', 'aplikasi']	negative
['buka', 'aplikasi', 'daftar', 'masuk', 'no', 'foto', 'ktp', 'verifikasi', 'wajah', 'verifikasi', 'wajah', 'gagal', 'gagal', 'sudah', 'coba', 'tetap', 'susah', 'tolong', 'baik']	negative
['alhamdulillah', 'mas', 'lancar', 'kendala', 'insyaallah', 'kendala', 'ngebangun', 'banget', 'enggak', 'ribet']	positive
['sudah', 'beres', 'bugnya', 'verifikasi', 'face', 'id', 'gagal', 'ikut', 'saran', 'prosedur', 'terterasesuai', 'frame', 'fokus', 'camera', 'backlight', 'accessories', 'layar', 'cabang', 'cabang', 'dekat', 'customer', 'servicenya', 'bingung', 'verifikasi', 'data', 'sesuai', 'follow', 'up', 'itnya', 'saran', 'coba', 'sore', 'besok']	neutral
['wondr', 'super', 'apps', 'financial', 'nasabah', 'bni', 'access', 'qris', 'step', 'dashboard', 'financial', 'cash', 'ini', 'cash', 'out', 'simple', 'informatif', 'tambah', 'fitur', 'fiturnya', 'bayar', 'pdam', 'kota', 'makassar', 'sukses', 'bni', 'mantap', 'wondr']	positive
